Sale_ID,Order_Date,Customer_ID,Product_ID,Store_ID,Quantity,Unit_Price,Discount,Cost_Per_Unit
S000001,2026-04-09,C0001,P048,ST010,7,1716.97,0.02,1279.89
S000002,2025-01-25,C0256,P006,ST011,1,14090.16,0.02,9423.57
S000003,2025-02-26,C0997,P023,ST011,4,14070.02,0.02,10277.49
S000004,2026-01-28,C0567,P005,ST018,1,13689.95,0.0,8535.69
S000005,2026-05-11,C0238,P019,ST012,6,789.69,0.1,612.11
S000006,2026-01-18,C0417,P015,ST008,6,9823.31,0.0,7707.94
S000007,2026-12-24,C0411,P049,ST011,6,2669.26,0.05,1636.57
S000008,2025-12-02,C0996,P023,ST008,3,15873.86,0.05,10277.49
S000009,2025-09-10,C0532,P089,ST016,8,15109.84,0.05,9447.14
S000010,2026-04-23,C0117,P080,ST020,6,9960.64,0.1,7154.82
S000011,2026-12-09,C0649,P010,ST021,8,1890.63,0.02,1595.73
S000012,2025-04-08,C0092,P038,ST006,6,8096.51,0.05,5677.06
S000013,2026-10-21,C0968,P047,ST007,8,7167.44,0.0,4501.3
S000014,2025-03-27,C0095,P062,ST023,2,4081.23,0.0,2627.77
S000015,2025-03-09,C0057,P068,ST016,8,10836.36,0.0,8703.69
S000016,2026-07-03,C0419,P068,ST014,2,13052.36,0.02,8703.69
S000017,2025-02-18,C0259,P011,ST012,5,10071.01,0.05,8103.73
S000018,2026-02-19,C0085,P018,ST009,8,5702.55,0.0,3821.41
S000019,2025-08-13,C0748,P031,ST001,4,10143.76,0.1,8055.68
S000020,2025-04-22,C0575,P080,ST018,2,10219.44,0.0,7154.82
S000021,2026-06-28,C0714,P003,ST025,4,14591.14,0.0,9496.36
S000022,2026-06-19,C0204,P044,ST014,4,7487.93,0.02,4727.0
S000023,2026-04-03,C0630,P071,ST017,8,9874.06,0.02,7113.15
S000024,2026-08-28,C0679,P038,ST014,3,8954.11,0.0,5677.06
S000025,2026-12-14,C0613,P073,ST005,3,1521.62,0.0,1242.22
S000026,2025-09-06,C0547,P002,ST012,7,398.87,0.0,336.51
S000027,2026-02-14,C0489,P087,ST012,8,18761.53,0.1,11513.07
S000028,2025-07-23,C0318,P046,ST011,7,11429.63,0.02,7655.82
S000029,2025-08-22,C0484,P074,ST011,5,7849.82,0.15,5135.74
S000030,2026-08-02,C0471,P012,ST012,7,9148.07,0.0,5785.38
S000031,2026-10-03,C0521,P037,ST002,8,11311.43,0.05,8737.72
S000032,2026-09-18,C0011,P088,ST025,3,8625.66,0.0,5917.07
S000033,2025-01-30,C0943,P015,ST023,8,9698.09,0.15,7707.94
S000034,2026-10-27,C0625,P018,ST023,1,4519.35,0.0,3821.41
S000035,2026-07-11,C0460,P073,ST015,4,1704.84,0.05,1242.22
S000036,2025-10-22,C0533,P027,ST025,6,5127.43,0.05,3699.73
S000037,2025-05-17,C0312,P032,ST025,6,6094.44,0.05,5025.05
S000038,2025-01-09,C0322,P070,ST005,8,11154.86,0.02,7620.88
S000039,2026-10-05,C0228,P024,ST020,7,3453.2,0.05,2998.79
S000040,2026-08-22,C0949,P074,ST012,7,8098.12,0.02,5135.74
S000041,2026-03-07,C0911,P050,ST021,1,13625.45,0.0,11552.3
S000042,2026-03-28,C0552,P029,ST023,1,10333.51,0.05,6795.13
S000043,2025-06-18,C0944,P010,ST024,6,1889.04,0.02,1595.73
S000044,2026-11-17,C0823,P062,ST001,1,3045.89,0.0,2627.77
S000045,2026-08-04,C0582,P074,ST013,8,6226.08,0.05,5135.74
S000046,2025-04-04,C0223,P049,ST003,6,2659.13,0.05,1636.57
S000047,2025-11-28,C0752,P047,ST022,4,5588.15,0.0,4501.3
S000048,2026-08-31,C0659,P053,ST018,1,5385.67,0.05,3373.97
S000049,2026-09-19,C0517,P029,ST024,6,10334.34,0.0,6795.13
S000050,2025-12-21,C0513,P084,ST019,6,7091.6,0.05,4325.72
S000051,2026-03-13,C0379,P043,ST003,7,6718.84,0.02,5492.34
S000052,2026-03-06,C0279,P080,ST001,1,10059.83,0.0,7154.82
S000053,2026-11-18,C0214,P016,ST015,4,8427.13,0.1,6754.56
S000054,2026-06-13,C0029,P087,ST006,5,15082.72,0.0,11513.07
S000055,2025-06-08,C0088,P076,ST012,5,7880.54,0.0,6054.39
S000056,2026-10-31,C0717,P014,ST021,5,11553.12,0.05,9238.74
S000057,2025-07-12,C0244,P059,ST013,1,1893.52,0.0,1382.59
S000058,2025-09-20,C0805,P031,ST012,2,12398.91,0.05,8055.68
S000059,2026-07-23,C0498,P002,ST019,5,465.79,0.05,336.51
S000060,2025-07-19,C0903,P043,ST014,4,8719.15,0.0,5492.34
S000061,2025-12-26,C0669,P005,ST010,6,10459.01,0.0,8535.69
S000062,2026-06-27,C0788,P086,ST024,5,599.26,0.0,517.95
S000063,2026-05-10,C0318,P028,ST013,6,11694.47,0.0,8027.52
S000064,2025-05-12,C0598,P023,ST009,4,12778.75,0.0,10277.49
S000065,2025-04-15,C0336,P003,ST006,8,15203.46,0.05,9496.36
S000066,2025-08-13,C0370,P068,ST003,5,12478.31,0.05,8703.69
S000067,2025-10-08,C0344,P027,ST006,3,4330.29,0.0,3699.73
S000068,2025-08-09,C0854,P061,ST004,8,6753.45,0.02,5605.37
S000069,2026-05-15,C0484,P045,ST010,3,4400.1,0.05,3792.77
S000070,2026-02-09,C0955,P055,ST015,6,13914.6,0.02,9400.32
S000071,2025-06-21,C0683,P014,ST009,6,10832.15,0.05,9238.74
S000072,2026-03-03,C0427,P059,ST019,4,1816.15,0.1,1382.59
S000073,2026-05-02,C0840,P014,ST005,5,13666.53,0.15,9238.74
S000074,2025-05-01,C0246,P009,ST023,8,2440.16,0.05,1892.61
S000075,2025-02-25,C0929,P045,ST002,1,5378.75,0.0,3792.77
S000076,2026-04-23,C0836,P039,ST017,8,2959.16,0.05,2144.94
S000077,2026-09-27,C0702,P022,ST020,4,6515.28,0.05,5050.21
S000078,2026-09-24,C0114,P069,ST005,3,7547.47,0.02,5327.09
S000079,2026-09-26,C0221,P090,ST022,6,1571.22,0.02,1222.08
S000080,2025-03-20,C0483,P003,ST025,4,14986.18,0.05,9496.36
S000081,2025-11-22,C0666,P041,ST001,7,2815.15,0.0,2039.67
S000082,2026-03-28,C0411,P072,ST012,4,9808.69,0.05,7885.7
S000083,2025-04-01,C0746,P054,ST009,7,18489.16,0.0,11637.82
S000084,2026-01-12,C0145,P021,ST015,3,3784.6,0.0,2771.37
S000085,2026-03-27,C0981,P023,ST020,6,13945.53,0.05,10277.49
S000086,2025-03-03,C0859,P037,ST024,6,12485.71,0.05,8737.72
S000087,2026-12-07,C0852,P022,ST018,8,7753.61,0.0,5050.21
S000088,2026-02-07,C0633,P078,ST016,4,2730.5,0.0,1948.16
S000089,2025-01-15,C0358,P078,ST017,6,2597.0,0.0,1948.16
S000090,2025-04-14,C0035,P038,ST005,8,7929.35,0.02,5677.06
S000091,2026-01-18,C0707,P089,ST007,2,14292.15,0.0,9447.14
S000092,2025-07-04,C0085,P043,ST006,6,6320.67,0.05,5492.34
S000093,2025-09-09,C0172,P068,ST007,7,13160.45,0.0,8703.69
S000094,2026-07-16,C0744,P059,ST010,8,1757.7,0.0,1382.59
S000095,2026-10-02,C0096,P015,ST021,5,11773.98,0.0,7707.94
S000096,2026-04-28,C0532,P083,ST016,5,9212.89,0.1,7077.47
S000097,2026-08-27,C0690,P033,ST005,4,12222.51,0.05,9814.74
S000098,2026-09-12,C0079,P076,ST023,4,7190.59,0.05,6054.39
S000099,2026-04-29,C0948,P077,ST020,6,6131.08,0.05,4125.87
S000100,2026-12-18,C0514,P039,ST002,8,3157.09,0.1,2144.94
S000101,2026-09-14,C0875,P045,ST006,8,4746.12,0.0,3792.77
S000102,2026-06-17,C0976,P079,ST004,4,1817.91,0.0,1464.98
S000103,2025-01-10,C0442,P057,ST010,3,9087.42,0.05,5530.0
S000104,2026-11-05,C0744,P068,ST010,3,13739.46,0.0,8703.69
S000105,2026-06-09,C0100,P088,ST003,2,7702.98,0.05,5917.07
S000106,2026-09-23,C0476,P073,ST019,3,1606.67,0.0,1242.22
S000107,2025-12-14,C0532,P041,ST014,6,2565.25,0.1,2039.67
S000108,2026-01-09,C0639,P083,ST019,8,8525.77,0.05,7077.47
S000109,2025-07-22,C0881,P030,ST022,4,12133.58,0.0,9460.8
S000110,2025-05-23,C0447,P057,ST004,3,7109.57,0.05,5530.0
S000111,2026-12-02,C0830,P031,ST002,1,9972.33,0.0,8055.68
S000112,2026-05-19,C0213,P012,ST014,1,8023.65,0.0,5785.38
S000113,2025-09-13,C0565,P090,ST007,6,1536.81,0.0,1222.08
S000114,2026-11-02,C0473,P019,ST022,7,949.58,0.0,612.11
S000115,2026-05-13,C0657,P038,ST004,7,9032.44,0.0,5677.06
S000116,2026-09-28,C0580,P041,ST025,2,3045.36,0.1,2039.67
S000117,2025-10-25,C0164,P008,ST012,4,9388.68,0.05,6932.71
S000118,2026-02-27,C0362,P036,ST024,7,1683.28,0.0,1308.06
S000119,2025-11-24,C0968,P004,ST008,7,11932.23,0.0,8062.0
S000120,2025-07-25,C0114,P037,ST001,2,10387.19,0.1,8737.72
S000121,2026-06-08,C0944,P005,ST024,3,12962.09,0.15,8535.69
S000122,2026-07-09,C0375,P003,ST009,3,13072.13,0.1,9496.36
S000123,2026-07-19,C0016,P043,ST019,6,8312.7,0.1,5492.34
S000124,2025-06-28,C0411,P035,ST011,6,697.83,0.02,516.87
S000125,2025-06-23,C0885,P070,ST014,4,10457.24,0.0,7620.88
S000126,2026-12-15,C0387,P024,ST022,2,3893.84,0.0,2998.79
S000127,2026-01-01,C0436,P016,ST011,1,10447.88,0.0,6754.56
S000128,2025-09-10,C0600,P040,ST007,8,8797.57,0.0,6137.28
S000129,2026-09-13,C0440,P054,ST009,1,14248.3,0.02,11637.82
S000130,2026-01-05,C0563,P068,ST005,3,12674.51,0.0,8703.69
S000131,2026-07-15,C0707,P073,ST009,3,1804.43,0.02,1242.22
S000132,2025-07-09,C0302,P037,ST005,8,11548.04,0.0,8737.72
S000133,2026-10-08,C0400,P068,ST023,7,10224.81,0.0,8703.69
S000134,2026-05-13,C0646,P053,ST008,2,4260.71,0.05,3373.97
S000135,2025-09-24,C0554,P007,ST008,2,7738.86,0.05,5642.26
S000136,2025-01-27,C0873,P083,ST010,1,8835.06,0.02,7077.47
S000137,2025-01-22,C0184,P044,ST010,7,6723.9,0.02,4727.0
S000138,2026-11-06,C0973,P037,ST016,1,14120.65,0.02,8737.72
S000139,2026-09-22,C0471,P083,ST013,7,9690.5,0.0,7077.47
S000140,2026-01-06,C0633,P008,ST014,5,8715.61,0.05,6932.71
S000141,2025-02-02,C0272,P036,ST017,6,1796.35,0.0,1308.06
S000142,2025-01-04,C0074,P045,ST020,4,4517.04,0.0,3792.77
S000143,2026-07-17,C0519,P028,ST017,6,12909.46,0.05,8027.52
S000144,2026-12-30,C0986,P086,ST010,7,678.23,0.05,517.95
S000145,2025-09-13,C0128,P062,ST004,4,3044.04,0.0,2627.77
S000146,2025-12-25,C0964,P046,ST024,3,9498.78,0.0,7655.82
S000147,2025-11-22,C0703,P076,ST012,5,8284.98,0.0,6054.39
S000148,2026-07-08,C0025,P029,ST011,4,10582.65,0.05,6795.13
S000149,2025-02-28,C0767,P054,ST011,4,16752.74,0.02,11637.82
S000150,2025-11-15,C0683,P078,ST006,5,3156.61,0.02,1948.16
S000151,2025-01-22,C0210,P022,ST001,6,7172.74,0.05,5050.21
S000152,2026-01-01,C0719,P041,ST009,3,3023.71,0.05,2039.67
S000153,2026-12-17,C0330,P037,ST011,7,11857.03,0.05,8737.72
S000154,2025-05-11,C0916,P017,ST020,5,8864.74,0.05,6820.68
S000155,2026-03-20,C0191,P030,ST019,6,11228.53,0.0,9460.8
S000156,2026-08-27,C0116,P074,ST021,2,8163.08,0.02,5135.74
S000157,2026-04-18,C0699,P039,ST007,3,2789.99,0.0,2144.94
S000158,2025-10-16,C0654,P039,ST003,2,3298.3,0.0,2144.94
S000159,2025-09-28,C0074,P073,ST019,3,1482.43,0.1,1242.22
S000160,2025-04-02,C0461,P062,ST013,6,3052.5,0.0,2627.77
S000161,2026-08-13,C0110,P080,ST013,3,11001.22,0.05,7154.82
S000162,2025-07-18,C0106,P054,ST023,3,14767.6,0.02,11637.82
S000163,2026-11-02,C0327,P040,ST016,5,9193.27,0.05,6137.28
S000164,2025-06-28,C0501,P027,ST018,5,4665.18,0.05,3699.73
S000165,2025-08-23,C0893,P033,ST010,5,14215.85,0.05,9814.74
S000166,2025-04-20,C0374,P064,ST009,7,11096.91,0.0,7055.83
S000167,2025-03-20,C0852,P036,ST018,6,1651.44,0.0,1308.06
S000168,2026-12-31,C0441,P048,ST012,3,1914.71,0.02,1279.89
S000169,2025-02-11,C0968,P046,ST006,5,11837.41,0.02,7655.82
S000170,2026-10-11,C0300,P081,ST016,2,3582.78,0.05,2254.47
S000171,2026-12-24,C0327,P080,ST015,5,10669.59,0.0,7154.82
S000172,2025-03-30,C0116,P020,ST020,4,7231.01,0.1,5381.43
S000173,2026-09-29,C0081,P074,ST009,3,7621.24,0.1,5135.74
S000174,2026-07-01,C0399,P090,ST003,4,1503.74,0.0,1222.08
S000175,2026-02-22,C0685,P043,ST022,2,6909.67,0.02,5492.34
S000176,2025-09-07,C0719,P033,ST009,3,15005.35,0.05,9814.74
S000177,2026-04-29,C0263,P023,ST020,4,12609.12,0.02,10277.49
S000178,2026-04-06,C0743,P089,ST022,6,11751.58,0.1,9447.14
S000179,2025-10-06,C0235,P054,ST002,6,16476.27,0.05,11637.82
S000180,2026-12-20,C0604,P043,ST002,7,8116.56,0.05,5492.34
S000181,2026-02-28,C0336,P067,ST006,5,15029.6,0.0,9162.6
S000182,2025-06-23,C0246,P039,ST024,7,2727.28,0.02,2144.94
S000183,2026-05-06,C0227,P015,ST018,6,10738.54,0.0,7707.94
S000184,2025-04-27,C0239,P031,ST006,1,10756.14,0.0,8055.68
S000185,2026-03-01,C0623,P056,ST001,5,10281.52,0.0,8673.46
S000186,2026-04-03,C0889,P083,ST018,5,9596.96,0.02,7077.47
S000187,2026-01-10,C0770,P074,ST006,3,8244.57,0.0,5135.74
S000188,2026-10-30,C0320,P072,ST017,2,10279.8,0.0,7885.7
S000189,2026-03-16,C0532,P018,ST016,2,4591.61,0.0,3821.41
S000190,2026-11-03,C0866,P025,ST009,6,1241.46,0.05,935.06
S000191,2025-08-21,C0906,P016,ST006,8,8960.56,0.05,6754.56
S000192,2025-12-10,C0229,P047,ST009,6,6902.43,0.0,4501.3
S000193,2026-11-17,C0654,P040,ST002,6,9054.88,0.05,6137.28
S000194,2026-07-20,C0392,P019,ST021,2,866.68,0.0,612.11
S000195,2026-12-08,C0731,P018,ST019,1,5362.48,0.02,3821.41
S000196,2025-08-01,C0605,P087,ST013,4,18533.01,0.05,11513.07
S000197,2026-01-26,C0473,P057,ST022,3,8043.93,0.02,5530.0
S000198,2026-04-09,C0356,P066,ST011,5,11994.19,0.0,10315.22
S000199,2026-09-13,C0054,P005,ST022,7,12440.72,0.0,8535.69
S000200,2026-01-19,C0899,P070,ST010,2,12134.4,0.05,7620.88
S000201,2025-04-05,C0233,P014,ST007,2,12462.83,0.0,9238.74
S000202,2025-08-19,C0999,P054,ST004,2,18216.88,0.0,11637.82
S000203,2026-04-13,C0815,P021,ST025,8,3961.07,0.0,2771.37
S000204,2025-11-04,C0789,P050,ST014,3,16457.81,0.02,11552.3
S000205,2026-12-16,C0458,P005,ST016,5,10503.99,0.0,8535.69
S000206,2025-05-04,C0149,P019,ST011,8,860.92,0.05,612.11
S000207,2025-01-31,C0393,P025,ST009,2,1212.92,0.0,935.06
S000208,2026-01-03,C0478,P085,ST006,5,11812.46,0.0,7193.26
S000209,2025-10-18,C0470,P014,ST013,1,13938.07,0.0,9238.74
S000210,2025-09-13,C0582,P040,ST011,4,7216.15,0.1,6137.28
S000211,2025-03-01,C0538,P071,ST011,8,11513.91,0.0,7113.15
S000212,2025-10-31,C0426,P002,ST021,7,444.81,0.02,336.51
S000213,2025-03-27,C0027,P051,ST025,1,16079.87,0.05,10925.82
S000214,2026-05-19,C0874,P021,ST025,5,3595.24,0.0,2771.37
S000215,2026-10-03,C0691,P075,ST016,2,910.67,0.0,738.97
S000216,2025-11-25,C0458,P062,ST015,7,3247.6,0.05,2627.77
S000217,2026-07-02,C0319,P085,ST019,1,11604.14,0.05,7193.26
S000218,2025-03-27,C0750,P086,ST021,1,726.72,0.05,517.95
S000219,2026-02-13,C0127,P039,ST008,3,3059.27,0.0,2144.94
S000220,2026-02-09,C0394,P012,ST017,2,9304.9,0.15,5785.38
S000221,2025-05-12,C0925,P016,ST008,6,9381.25,0.1,6754.56
S000222,2025-06-10,C0506,P048,ST025,1,1497.4,0.0,1279.89
S000223,2025-09-06,C0733,P056,ST022,1,11357.76,0.1,8673.46
S000224,2026-02-15,C0367,P030,ST007,7,15117.9,0.02,9460.8
S000225,2026-03-02,C0782,P025,ST023,1,1116.44,0.02,935.06
S000226,2026-04-26,C0220,P010,ST017,1,1838.06,0.0,1595.73
S000227,2026-01-20,C0310,P041,ST015,1,3356.48,0.1,2039.67
S000228,2025-08-09,C0110,P079,ST013,4,2160.0,0.05,1464.98
S000229,2026-01-01,C0332,P068,ST010,2,11453.24,0.05,8703.69
S000230,2025-04-01,C0615,P064,ST021,7,8279.51,0.0,7055.83
S000231,2026-10-13,C0236,P018,ST002,5,5358.02,0.02,3821.41
S000232,2025-01-04,C0678,P050,ST012,4,13303.67,0.05,11552.3
S000233,2025-09-07,C0119,P078,ST002,3,2757.11,0.1,1948.16
S000234,2025-01-17,C0565,P068,ST008,5,12975.51,0.0,8703.69
S000235,2025-05-01,C0160,P080,ST017,1,9813.02,0.0,7154.82
S000236,2026-12-13,C0731,P019,ST019,5,782.68,0.0,612.11
S000237,2026-09-01,C0287,P042,ST005,3,9779.66,0.0,8431.76
S000238,2025-05-05,C0925,P014,ST009,1,10962.6,0.02,9238.74
S000239,2026-09-27,C0167,P087,ST007,7,15569.95,0.02,11513.07
S000240,2026-10-28,C0390,P055,ST007,1,12186.79,0.0,9400.32
S000241,2025-12-28,C0322,P051,ST003,7,13127.0,0.02,10925.82
S000242,2025-03-14,C0462,P085,ST020,2,8288.25,0.0,7193.26
S000243,2025-03-08,C0956,P073,ST006,1,1680.69,0.02,1242.22
S000244,2026-10-31,C0708,P054,ST020,6,14454.99,0.0,11637.82
S000245,2026-05-30,C0643,P051,ST011,3,14166.82,0.0,10925.82
S000246,2025-04-12,C0265,P089,ST023,4,13949.0,0.02,9447.14
S000247,2025-11-01,C0554,P010,ST006,6,2217.51,0.0,1595.73
S000248,2026-08-23,C0259,P004,ST010,7,12301.51,0.1,8062.0
S000249,2026-12-29,C0338,P039,ST016,7,2674.74,0.05,2144.94
S000250,2025-11-08,C0594,P037,ST009,2,13917.72,0.02,8737.72
S000251,2025-07-07,C0725,P030,ST002,8,15217.49,0.02,9460.8
S000252,2026-09-27,C0985,P060,ST012,8,16963.1,0.1,10855.58
S000253,2025-10-28,C0992,P069,ST010,8,8043.06,0.0,5327.09
S000254,2026-02-26,C0687,P069,ST015,8,6932.31,0.15,5327.09
S000255,2025-05-12,C0972,P018,ST010,7,5894.45,0.05,3821.41
S000256,2025-03-23,C0301,P046,ST022,5,10075.45,0.02,7655.82
S000257,2026-01-31,C0403,P061,ST022,8,8081.52,0.15,5605.37
S000258,2026-07-11,C0251,P029,ST017,3,8128.87,0.05,6795.13
S000259,2025-02-23,C0696,P066,ST016,5,11925.72,0.05,10315.22
S000260,2025-09-02,C0999,P053,ST001,3,4190.36,0.0,3373.97
S000261,2025-10-05,C0998,P023,ST011,8,15098.7,0.0,10277.49
S000262,2025-09-11,C0385,P049,ST004,1,2633.19,0.02,1636.57
S000263,2026-07-12,C0520,P008,ST009,7,10966.94,0.0,6932.71
S000264,2026-04-08,C0167,P048,ST009,2,1857.3,0.1,1279.89
S000265,2026-07-16,C0149,P031,ST011,5,12254.98,0.0,8055.68
S000266,2026-07-14,C0164,P037,ST012,3,13436.88,0.05,8737.72
S000267,2026-06-10,C0281,P075,ST017,2,975.32,0.0,738.97
S000268,2025-07-22,C0871,P064,ST016,5,9165.95,0.0,7055.83
S000269,2026-05-25,C0728,P068,ST019,2,10896.07,0.1,8703.69
S000270,2026-05-02,C0805,P048,ST011,6,1888.44,0.1,1279.89
S000271,2025-08-04,C0645,P054,ST024,3,15500.03,0.05,11637.82
S000272,2025-11-01,C0669,P003,ST011,1,11595.94,0.1,9496.36
S000273,2025-12-18,C0439,P086,ST023,2,798.69,0.05,517.95
S000274,2025-11-09,C0302,P054,ST001,2,19185.1,0.0,11637.82
S000275,2026-03-08,C0107,P059,ST015,5,1766.69,0.05,1382.59
S000276,2026-05-13,C0201,P053,ST005,7,4249.71,0.05,3373.97
S000277,2026-10-21,C0958,P018,ST020,3,5883.26,0.0,3821.41
S000278,2025-06-23,C0169,P037,ST005,4,14112.21,0.05,8737.72
S000279,2025-11-16,C0839,P089,ST010,1,12912.99,0.02,9447.14
S000280,2025-12-05,C0346,P027,ST008,3,5527.1,0.0,3699.73
S000281,2026-01-13,C0247,P019,ST018,5,748.78,0.05,612.11
S000282,2025-10-08,C0767,P046,ST010,3,9429.74,0.0,7655.82
S000283,2026-01-02,C0908,P025,ST021,1,1230.16,0.0,935.06
S000284,2026-07-20,C0721,P027,ST018,4,4312.55,0.1,3699.73
S000285,2025-11-29,C0052,P032,ST004,8,7008.51,0.05,5025.05
S000286,2025-10-08,C0010,P084,ST001,8,6371.76,0.1,4325.72
S000287,2025-08-05,C0647,P084,ST021,2,5747.39,0.02,4325.72
S000288,2026-03-15,C0659,P029,ST021,4,10300.31,0.0,6795.13
S000289,2026-01-05,C0481,P019,ST021,1,751.53,0.0,612.11
S000290,2026-11-21,C0829,P015,ST010,7,11711.29,0.1,7707.94
S000291,2025-12-14,C0245,P075,ST007,4,1048.38,0.02,738.97
S000292,2025-09-14,C0010,P004,ST002,5,12284.5,0.0,8062.0
S000293,2026-11-30,C0640,P048,ST024,2,1885.24,0.0,1279.89
S000294,2025-05-11,C0064,P058,ST004,6,4157.05,0.0,3448.84
S000295,2026-07-03,C0290,P005,ST019,3,13213.88,0.0,8535.69
S000296,2026-08-15,C0517,P061,ST024,1,8219.07,0.0,5605.37
S000297,2026-03-18,C0799,P019,ST024,8,743.19,0.0,612.11
S000298,2026-05-14,C0449,P048,ST003,5,2111.09,0.0,1279.89
S000299,2025-03-06,C0385,P032,ST001,8,7999.47,0.1,5025.05
S000300,2025-09-25,C0892,P074,ST020,2,6964.33,0.05,5135.74
S000301,2026-01-01,C0906,P060,ST008,8,14239.37,0.1,10855.58
S000302,2025-06-23,C0258,P083,ST009,8,9222.86,0.0,7077.47
S000303,2026-02-08,C0860,P016,ST007,6,8148.42,0.05,6754.56
S000304,2026-01-05,C0886,P048,ST009,3,1579.7,0.02,1279.89
S000305,2026-09-29,C0178,P054,ST020,4,16509.34,0.02,11637.82
S000306,2025-03-15,C0306,P033,ST019,1,16101.63,0.0,9814.74
S000307,2025-12-19,C0428,P014,ST005,5,12674.02,0.0,9238.74
S000308,2026-02-21,C0444,P041,ST006,6,2632.91,0.1,2039.67
S000309,2026-11-11,C0148,P018,ST008,2,5943.36,0.0,3821.41
S000310,2026-11-28,C0856,P074,ST012,5,6796.52,0.05,5135.74
S000311,2025-10-02,C0466,P027,ST019,2,4938.01,0.0,3699.73
S000312,2026-03-19,C0965,P060,ST003,5,15732.08,0.05,10855.58
S000313,2025-01-30,C0545,P027,ST014,1,5404.69,0.05,3699.73
S000314,2026-12-11,C0450,P080,ST004,3,8458.25,0.02,7154.82
S000315,2026-03-27,C0222,P060,ST005,3,14127.21,0.0,10855.58
S000316,2026-10-04,C0662,P027,ST009,2,5974.02,0.02,3699.73
S000317,2026-04-05,C0273,P016,ST003,8,8602.34,0.05,6754.56
S000318,2026-11-12,C0155,P067,ST022,2,14565.04,0.0,9162.6
S000319,2026-08-17,C0672,P046,ST001,3,10052.06,0.0,7655.82
S000320,2026-09-22,C0979,P054,ST003,6,18333.59,0.05,11637.82
S000321,2025-12-08,C0526,P035,ST018,5,779.69,0.05,516.87
S000322,2025-08-25,C0972,P019,ST012,5,794.1,0.02,612.11
S000323,2026-11-19,C0353,P039,ST016,5,3093.66,0.0,2144.94
S000324,2026-08-01,C0574,P022,ST023,6,8118.87,0.02,5050.21
S000325,2025-05-12,C0454,P043,ST015,8,6501.02,0.1,5492.34
S000326,2026-01-24,C0933,P048,ST012,5,1828.04,0.0,1279.89
S000327,2025-12-14,C0519,P039,ST015,3,2517.22,0.05,2144.94
S000328,2026-06-02,C0278,P084,ST020,6,6330.96,0.0,4325.72
S000329,2025-04-20,C0070,P076,ST012,8,7170.63,0.02,6054.39
S000330,2026-03-19,C0346,P050,ST007,6,16834.96,0.0,11552.3
S000331,2026-10-04,C0327,P067,ST016,5,10807.18,0.0,9162.6
S000332,2026-07-16,C0440,P066,ST006,2,14032.48,0.0,10315.22
S000333,2026-09-18,C0412,P061,ST003,5,8440.02,0.0,5605.37
S000334,2025-07-11,C0586,P016,ST005,4,10459.34,0.05,6754.56
S000335,2025-02-08,C0260,P057,ST010,7,7964.32,0.0,5530.0
S000336,2025-06-16,C0445,P026,ST025,2,5660.47,0.02,3556.26
S000337,2026-06-20,C0211,P033,ST015,3,12282.75,0.1,9814.74
S000338,2025-07-30,C0795,P015,ST020,2,11741.99,0.02,7707.94
S000339,2026-01-18,C0283,P048,ST001,2,1606.22,0.05,1279.89
S000340,2025-04-05,C0262,P054,ST024,8,17207.5,0.05,11637.82
S000341,2026-12-09,C0558,P079,ST016,6,2086.97,0.02,1464.98
S000342,2025-09-22,C0896,P053,ST016,2,4855.25,0.05,3373.97
S000343,2025-10-08,C0844,P079,ST010,5,1811.67,0.05,1464.98
S000344,2025-09-30,C0435,P075,ST022,1,875.62,0.0,738.97
S000345,2026-12-05,C0098,P081,ST020,3,2711.64,0.02,2254.47
S000346,2026-02-03,C0865,P015,ST014,6,9986.01,0.0,7707.94
S000347,2026-03-03,C0689,P077,ST023,5,6443.94,0.0,4125.87
S000348,2025-02-09,C0068,P087,ST021,7,16327.32,0.02,11513.07
S000349,2026-08-13,C0459,P076,ST023,7,8827.56,0.05,6054.39
S000350,2025-02-12,C0552,P029,ST023,8,10145.29,0.0,6795.13
S000351,2025-10-21,C0524,P075,ST005,2,886.15,0.0,738.97
S000352,2026-12-29,C0735,P030,ST019,1,11204.24,0.1,9460.8
S000353,2026-12-29,C0755,P080,ST021,7,9381.89,0.1,7154.82
S000354,2026-04-20,C0341,P014,ST008,3,14719.16,0.05,9238.74
S000355,2026-07-14,C0773,P015,ST023,4,11225.62,0.05,7707.94
S000356,2026-11-27,C0907,P016,ST002,4,10197.95,0.05,6754.56
S000357,2026-09-23,C0292,P081,ST020,3,2668.89,0.0,2254.47
S000358,2026-05-12,C0964,P037,ST024,8,14274.87,0.0,8737.72
S000359,2026-07-08,C0330,P069,ST010,3,6354.98,0.05,5327.09
S000360,2026-07-04,C0167,P068,ST006,4,11052.32,0.0,8703.69
S000361,2026-05-13,C0236,P082,ST003,3,17969.2,0.02,11120.16
S000362,2026-06-28,C0426,P085,ST018,3,10488.88,0.02,7193.26
S000363,2026-08-31,C0817,P073,ST019,2,1579.36,0.02,1242.22
S000364,2026-10-02,C0233,P033,ST009,1,14760.51,0.02,9814.74
S000365,2025-09-22,C0889,P008,ST019,4,11419.38,0.02,6932.71
S000366,2026-12-28,C0840,P047,ST004,2,6836.5,0.1,4501.3
S000367,2026-12-11,C0790,P074,ST021,8,8011.73,0.05,5135.74
S000368,2025-12-05,C0146,P016,ST009,1,10374.74,0.05,6754.56
S000369,2026-04-28,C0606,P082,ST013,5,14990.79,0.02,11120.16
S000370,2026-04-27,C0575,P062,ST020,7,3763.43,0.02,2627.77
S000371,2025-09-05,C0892,P064,ST019,7,8334.88,0.05,7055.83
S000372,2026-08-30,C0499,P071,ST021,1,10595.07,0.05,7113.15
S000373,2025-12-25,C0566,P072,ST014,2,9864.64,0.02,7885.7
S000374,2025-08-08,C0431,P046,ST008,6,12040.77,0.05,7655.82
S000375,2025-03-25,C0449,P033,ST005,4,14656.96,0.0,9814.74
S000376,2025-04-26,C0536,P047,ST009,7,6686.54,0.0,4501.3
S000377,2026-08-24,C0367,P059,ST009,5,1656.61,0.1,1382.59
S000378,2026-02-06,C0515,P080,ST023,4,8937.94,0.02,7154.82
S000379,2026-11-17,C0600,P025,ST009,6,1291.45,0.1,935.06
S000380,2026-02-19,C0948,P079,ST018,2,1758.05,0.05,1464.98
S000381,2026-05-12,C0855,P078,ST025,1,2485.13,0.0,1948.16
S000382,2025-01-18,C0789,P076,ST016,5,8517.67,0.05,6054.39
S000383,2026-11-15,C0494,P055,ST007,5,13846.73,0.05,9400.32
S000384,2025-01-23,C0698,P053,ST025,3,5273.96,0.05,3373.97
S000385,2025-04-01,C0201,P018,ST004,5,4947.61,0.0,3821.41
S000386,2026-04-11,C0163,P007,ST012,2,7836.51,0.05,5642.26
S000387,2025-11-17,C0023,P065,ST005,8,3038.65,0.0,2327.08
S000388,2025-07-25,C0820,P065,ST013,8,3249.19,0.0,2327.08
S000389,2025-10-11,C0511,P015,ST007,6,9191.16,0.1,7707.94
S000390,2026-09-08,C0603,P029,ST022,5,10693.33,0.0,6795.13
S000391,2026-05-26,C0290,P011,ST020,2,11463.44,0.0,8103.73
S000392,2026-09-06,C0847,P049,ST006,1,1995.28,0.05,1636.57
S000393,2026-08-25,C0260,P080,ST012,5,10458.66,0.0,7154.82
S000394,2026-04-09,C0135,P065,ST020,8,2798.08,0.02,2327.08
S000395,2026-02-08,C0612,P024,ST007,5,4645.03,0.05,2998.79
S000396,2026-03-11,C0882,P022,ST020,3,6983.81,0.0,5050.21
S000397,2025-04-12,C0842,P028,ST019,3,9911.18,0.05,8027.52
S000398,2026-02-14,C0842,P058,ST019,8,4045.38,0.15,3448.84
S000399,2026-04-13,C0866,P028,ST007,5,10305.46,0.05,8027.52
S000400,2025-07-02,C0232,P052,ST001,4,12519.3,0.05,8471.56
S000401,2025-06-16,C0615,P054,ST018,7,18132.4,0.0,11637.82
S000402,2025-04-18,C0259,P016,ST012,1,10021.84,0.02,6754.56
S000403,2026-07-18,C0896,P032,ST017,2,6929.45,0.0,5025.05
S000404,2025-11-29,C0384,P019,ST014,6,871.05,0.0,612.11
S000405,2025-11-04,C0320,P028,ST017,7,9856.17,0.02,8027.52
S000406,2025-01-11,C0296,P088,ST004,6,7516.61,0.05,5917.07
S000407,2025-04-11,C0375,P056,ST008,5,11646.53,0.0,8673.46
S000408,2026-08-07,C0509,P043,ST019,8,8977.21,0.0,5492.34
S000409,2026-05-11,C0355,P032,ST019,7,7451.93,0.02,5025.05
S000410,2025-04-27,C0553,P023,ST004,7,13548.53,0.05,10277.49
S000411,2026-05-11,C0581,P004,ST010,4,13100.89,0.02,8062.0
S000412,2025-10-03,C0145,P044,ST017,6,7713.0,0.1,4727.0
S000413,2026-12-16,C0120,P034,ST015,7,3446.11,0.1,2211.93
S000414,2026-02-28,C0835,P046,ST009,4,9259.17,0.05,7655.82
S000415,2026-02-10,C0521,P006,ST004,2,13925.08,0.1,9423.57
S000416,2025-12-31,C0820,P009,ST010,7,2895.76,0.05,1892.61
S000417,2026-11-03,C0144,P057,ST001,5,6521.71,0.0,5530.0
S000418,2025-03-29,C0837,P047,ST012,6,7311.85,0.15,4501.3
S000419,2026-01-13,C0756,P012,ST023,6,9079.1,0.1,5785.38
S000420,2026-10-04,C0161,P066,ST020,1,16627.15,0.0,10315.22
S000421,2025-11-05,C0025,P042,ST010,3,9783.52,0.15,8431.76
S000422,2025-04-01,C0880,P042,ST010,8,10896.21,0.0,8431.76
S000423,2026-08-25,C0418,P041,ST011,7,3140.33,0.15,2039.67
S000424,2025-01-05,C0502,P042,ST020,4,11352.32,0.0,8431.76
S000425,2025-08-20,C0448,P046,ST007,6,10890.54,0.05,7655.82
S000426,2025-11-12,C0227,P024,ST020,1,3505.92,0.0,2998.79
S000427,2026-04-27,C0251,P073,ST015,1,1823.03,0.02,1242.22
S000428,2026-10-10,C0172,P084,ST008,4,5693.55,0.1,4325.72
S000429,2025-08-13,C0821,P021,ST013,1,3376.18,0.1,2771.37
S000430,2025-07-30,C0055,P039,ST002,1,2662.93,0.05,2144.94
S000431,2025-03-31,C0674,P057,ST014,6,6549.39,0.1,5530.0
S000432,2025-09-19,C0169,P016,ST002,1,9701.93,0.0,6754.56
S000433,2026-11-19,C0675,P073,ST003,5,1578.56,0.0,1242.22
S000434,2025-12-25,C0725,P062,ST001,1,3174.98,0.05,2627.77
S000435,2025-04-07,C0209,P088,ST016,6,6997.16,0.02,5917.07
S000436,2025-10-01,C0631,P035,ST001,2,737.28,0.0,516.87
S000437,2026-02-04,C0268,P076,ST022,6,9889.07,0.15,6054.39
S000438,2025-11-10,C0124,P004,ST001,3,11691.2,0.0,8062.0
S000439,2026-01-12,C0471,P024,ST010,2,4065.74,0.05,2998.79
S000440,2026-11-26,C0410,P061,ST012,2,8865.32,0.0,5605.37
S000441,2025-06-17,C0510,P033,ST002,2,12963.82,0.0,9814.74
S000442,2026-05-17,C0354,P046,ST007,2,8824.94,0.02,7655.82
S000443,2025-01-28,C0099,P026,ST003,3,5379.05,0.0,3556.26
S000444,2026-04-14,C0359,P076,ST007,2,9859.24,0.0,6054.39
S000445,2026-09-26,C0142,P041,ST005,6,2505.44,0.0,2039.67
S000446,2025-05-19,C0643,P024,ST012,5,4423.46,0.05,2998.79
S000447,2026-06-19,C0738,P083,ST009,7,10986.74,0.05,7077.47
S000448,2026-06-20,C0335,P085,ST005,3,9791.89,0.0,7193.26
S000449,2026-02-05,C0508,P004,ST012,3,13026.17,0.05,8062.0
S000450,2025-01-03,C0586,P083,ST001,3,10158.07,0.1,7077.47
S000451,2026-09-12,C0630,P055,ST017,6,12435.2,0.05,9400.32
S000452,2025-12-02,C0973,P036,ST017,4,1760.78,0.02,1308.06
S000453,2026-07-27,C0219,P090,ST011,5,1624.87,0.02,1222.08
S000454,2026-05-31,C0439,P003,ST025,1,13426.98,0.05,9496.36
S000455,2026-03-27,C0650,P018,ST017,1,5769.29,0.0,3821.41
S000456,2026-06-16,C0615,P071,ST018,5,11166.89,0.0,7113.15
S000457,2026-10-04,C0553,P044,ST005,7,6418.31,0.05,4727.0
S000458,2025-02-02,C0189,P089,ST016,4,15539.46,0.02,9447.14
S000459,2025-11-05,C0337,P051,ST013,4,13368.64,0.05,10925.82
S000460,2025-05-16,C0411,P008,ST010,3,8081.43,0.05,6932.71
S000461,2026-01-15,C0503,P068,ST001,3,12614.64,0.0,8703.69
S000462,2025-10-06,C0174,P060,ST007,5,16259.58,0.0,10855.58
S000463,2026-01-30,C0418,P041,ST011,8,2921.88,0.0,2039.67
S000464,2025-06-07,C0458,P059,ST015,1,1925.63,0.0,1382.59
S000465,2025-06-16,C0461,P040,ST012,4,8561.31,0.05,6137.28
S000466,2026-10-25,C0227,P040,ST021,3,7288.29,0.02,6137.28
S000467,2026-08-26,C0111,P076,ST017,4,8900.17,0.0,6054.39
S000468,2026-02-18,C0009,P016,ST011,7,8331.88,0.0,6754.56
S000469,2025-07-06,C0645,P087,ST024,3,15419.67,0.05,11513.07
S000470,2026-03-26,C0195,P042,ST005,4,11201.67,0.1,8431.76
S000471,2026-02-28,C0990,P059,ST023,7,1923.32,0.0,1382.59
S000472,2025-03-22,C0861,P041,ST003,2,2401.01,0.05,2039.67
S000473,2026-06-10,C0397,P076,ST012,2,9387.56,0.0,6054.39
S000474,2025-02-24,C0033,P074,ST005,4,6474.35,0.05,5135.74
S000475,2026-08-22,C0066,P004,ST001,4,10118.48,0.05,8062.0
S000476,2026-06-15,C0748,P039,ST005,1,3292.22,0.0,2144.94
S000477,2026-07-07,C0452,P008,ST010,8,9916.3,0.02,6932.71
S000478,2026-09-05,C0953,P025,ST006,3,1491.79,0.05,935.06
S000479,2026-10-20,C0867,P082,ST024,8,13520.32,0.05,11120.16
S000480,2026-12-25,C0804,P085,ST008,6,9275.21,0.1,7193.26
S000481,2026-08-20,C0925,P045,ST006,7,4668.58,0.05,3792.77
S000482,2026-01-16,C0084,P007,ST022,6,8882.65,0.0,5642.26
S000483,2025-01-26,C0877,P015,ST018,3,12533.23,0.0,7707.94
S000484,2026-09-10,C0680,P001,ST004,5,3679.42,0.05,2598.92
S000485,2026-10-05,C0643,P055,ST013,8,12589.41,0.1,9400.32
S000486,2025-06-18,C0127,P055,ST007,5,11676.55,0.05,9400.32
S000487,2026-06-30,C0272,P037,ST015,1,11956.89,0.1,8737.72
S000488,2025-07-02,C0529,P042,ST007,4,12842.72,0.02,8431.76
S000489,2025-07-13,C0570,P031,ST011,4,12139.14,0.1,8055.68
S000490,2025-04-21,C0926,P009,ST025,8,2604.03,0.0,1892.61
S000491,2026-10-03,C0952,P086,ST016,4,723.8,0.05,517.95
S000492,2026-06-15,C0782,P056,ST023,8,13284.34,0.02,8673.46
S000493,2026-07-25,C0888,P045,ST007,3,6149.53,0.02,3792.77
S000494,2025-08-28,C0477,P051,ST021,3,16057.72,0.02,10925.82
S000495,2025-11-12,C0951,P079,ST004,8,2001.59,0.0,1464.98
S000496,2025-09-20,C0569,P011,ST010,6,12889.65,0.0,8103.73
S000497,2025-08-16,C0317,P064,ST025,7,8835.57,0.0,7055.83
S000498,2025-07-27,C0872,P023,ST017,3,14197.43,0.05,10277.49
S000499,2025-04-11,C0381,P060,ST022,4,13424.7,0.1,10855.58
S000500,2026-07-04,C0298,P013,ST013,2,11289.15,0.0,6891.52
S000501,2025-11-02,C0576,P057,ST004,8,6728.21,0.05,5530.0
S000502,2025-08-21,C0754,P042,ST002,7,10352.15,0.05,8431.76
S000503,2026-01-29,C0892,P015,ST021,3,8873.42,0.02,7707.94
S000504,2025-06-01,C0170,P011,ST004,6,13218.05,0.0,8103.73
S000505,2025-11-29,C0168,P020,ST017,4,8229.7,0.02,5381.43
S000506,2025-01-14,C0950,P047,ST013,5,5530.93,0.02,4501.3
S000507,2025-08-21,C0136,P080,ST006,5,9448.79,0.02,7154.82
S000508,2026-05-20,C0661,P038,ST018,7,6756.12,0.0,5677.06
S000509,2025-07-27,C0222,P036,ST003,2,1593.52,0.02,1308.06
S000510,2025-12-07,C0394,P029,ST015,1,10928.81,0.05,6795.13
S000511,2026-04-15,C0104,P046,ST010,7,12074.5,0.05,7655.82
S000512,2025-08-18,C0490,P063,ST019,8,6032.75,0.05,3844.99
S000513,2026-09-15,C0026,P014,ST006,2,12789.38,0.05,9238.74
S000514,2026-05-19,C0811,P011,ST010,3,10472.65,0.02,8103.73
S000515,2025-11-17,C0267,P061,ST007,8,7769.15,0.05,5605.37
S000516,2026-06-30,C0499,P009,ST021,6,2389.39,0.05,1892.61
S000517,2025-08-31,C0697,P024,ST018,1,4731.06,0.0,2998.79
S000518,2026-02-10,C0756,P056,ST022,8,13731.14,0.02,8673.46
S000519,2025-02-15,C0724,P090,ST016,6,1475.68,0.0,1222.08
S000520,2026-02-19,C0802,P024,ST023,4,3818.68,0.0,2998.79
S000521,2026-05-23,C0096,P042,ST019,8,12794.88,0.15,8431.76
S000522,2026-09-27,C0902,P082,ST019,3,16452.61,0.0,11120.16
S000523,2025-07-17,C0381,P024,ST025,6,4721.83,0.0,2998.79
S000524,2026-05-01,C0860,P009,ST009,1,2594.75,0.02,1892.61
S000525,2025-05-15,C0238,P053,ST010,6,4431.69,0.05,3373.97
S000526,2026-10-30,C0872,P083,ST014,7,8283.23,0.1,7077.47
S000527,2025-07-02,C0671,P053,ST002,8,5206.69,0.0,3373.97
S000528,2026-02-25,C0193,P019,ST020,7,749.68,0.02,612.11
S000529,2026-04-10,C0911,P059,ST019,7,1800.1,0.1,1382.59
S000530,2025-06-03,C0475,P033,ST007,1,12364.54,0.0,9814.74
S000531,2025-04-15,C0185,P028,ST025,3,11290.39,0.0,8027.52
S000532,2025-01-20,C0324,P039,ST008,8,3222.38,0.0,2144.94
S000533,2026-01-01,C0508,P016,ST012,4,9750.43,0.02,6754.56
S000534,2025-03-31,C0772,P025,ST024,8,1190.65,0.1,935.06
S000535,2026-06-08,C0700,P024,ST013,1,3501.88,0.05,2998.79
S000536,2026-09-10,C0712,P086,ST002,3,819.27,0.0,517.95
S000537,2025-03-03,C0928,P008,ST021,7,9293.24,0.1,6932.71
S000538,2025-04-27,C0159,P053,ST018,8,4267.62,0.02,3373.97
S000539,2025-12-11,C0127,P011,ST009,5,11094.73,,8103.73
S000540,2026-11-21,C0567,P069,ST018,5,7768.44,0.1,5327.09
S000541,2025-08-03,C0040,P048,ST018,8,1859.93,0.02,1279.89
S000542,2026-04-16,C0612,P018,ST006,4,5842.2,0.1,3821.41
S000543,2025-01-11,C0368,P074,ST024,8,7830.29,0.0,5135.74
S000544,2026-03-16,C0516,P067,ST009,3,10553.0,0.1,9162.6
S000545,2026-09-13,C0323,P047,ST022,6,6736.14,0.02,4501.3
S000546,2025-07-05,C0804,P089,ST008,8,12513.13,0.0,9447.14
S000547,2026-10-17,C0429,P009,ST007,1,2192.99,0.0,1892.61
S000548,2025-10-15,C0268,P035,ST025,2,783.62,0.0,516.87
S000549,2026-03-21,C0101,P020,ST022,5,6215.84,0.05,5381.43
S000550,2025-03-21,C0256,P039,ST011,5,2586.39,0.15,2144.94
S000551,2026-06-12,C0289,P038,ST004,2,7223.74,0.0,5677.06
S000552,2026-09-14,C0783,P031,ST015,3,9275.6,0.02,8055.68
S000553,2026-03-27,C0192,P082,ST001,8,16029.79,0.0,11120.16
S000554,2026-04-14,C0744,P060,ST010,6,12812.1,0.1,10855.58
S000555,2026-04-19,C0225,P072,ST015,4,9549.77,0.05,7885.7
S000556,2025-07-11,C0792,P005,ST009,4,9917.16,0.05,8535.69
S000557,2026-03-10,C0746,P031,ST006,6,9666.63,0.0,8055.68
S000558,2026-04-04,C0029,P085,ST008,8,9392.18,0.05,7193.26
S000559,2026-03-01,C0645,P061,ST025,5,7906.15,0.02,5605.37
S000560,2026-01-19,C0611,P071,ST004,8,10982.86,0.02,7113.15
S000561,2025-11-02,C0719,P080,ST009,3,11267.36,0.0,7154.82
S000562,2025-04-10,C0708,P072,ST018,7,10949.28,0.0,7885.7
S000563,2026-10-10,C0012,P034,ST022,2,3107.78,0.02,2211.93
S000564,2025-08-23,C0650,P004,ST017,2,11027.56,0.1,8062.0
S000565,2026-04-19,C0099,P042,ST001,5,13439.01,0.05,8431.76
S000566,2026-04-28,C0803,P049,ST001,2,2170.75,0.1,1636.57
S000567,2026-08-10,C0372,P051,ST023,4,15028.83,0.0,10925.82
S000568,2025-12-14,C0864,P080,ST005,7,9860.24,0.0,7154.82
S000569,2026-06-15,C0516,P012,ST009,4,8263.46,0.0,5785.38
S000570,2026-06-11,C0612,P044,ST008,8,5725.33,0.02,4727.0
S000571,2026-10-13,C0436,P016,ST013,4,9814.3,0.0,6754.56
S000572,2026-01-24,C0133,P056,ST004,7,11324.88,0.05,8673.46
S000573,2025-01-29,C0349,P076,ST016,6,9507.14,0.05,6054.39
S000574,2026-06-25,C0442,P076,ST010,4,8109.95,0.02,6054.39
S000575,2025-02-21,C0305,P039,ST004,1,2503.76,0.0,2144.94
S000576,2025-10-12,C0749,P007,ST004,5,8762.9,0.02,5642.26
S000577,2026-07-10,C0221,P072,ST022,4,12920.74,0.0,7885.7
S000578,2025-03-13,C0618,P020,ST023,7,7081.68,0.05,5381.43
S000579,2025-04-09,C0337,P006,ST010,7,11284.07,0.0,9423.57
S000580,2025-01-07,C0606,P008,ST010,5,9551.41,0.05,6932.71
S000581,2025-05-17,C0422,P025,ST001,1,1500.76,0.02,935.06
S000582,2026-07-22,C0079,P033,ST022,7,15630.81,0.02,9814.74
S000583,2026-10-18,C0953,P004,ST007,3,12938.98,0.05,8062.0
S000584,2026-03-08,C0320,P073,ST017,6,1945.36,0.02,1242.22
S000585,2025-12-21,C0254,P036,ST021,1,1885.56,0.02,1308.06
S000586,2025-09-12,C0980,P005,ST023,5,11459.9,0.02,8535.69
S000587,2025-02-10,C0213,P032,ST014,5,6735.23,0.02,5025.05
S000588,2026-06-12,C0577,P027,ST015,1,5467.01,0.02,3699.73
S000589,2025-03-11,C0643,P065,ST012,6,3660.8,0.02,2327.08
S000590,2026-07-08,C0306,P007,ST020,6,8129.95,0.05,5642.26
S000591,2025-05-25,C0458,P070,ST014,8,10881.52,0.0,7620.88
S000592,2025-05-19,C0418,P029,ST013,6,9489.64,0.02,6795.13
S000593,2025-01-16,C0270,P070,ST023,7,12384.13,0.02,7620.88
S000594,2026-01-20,C0799,P069,ST022,2,6887.37,0.0,5327.09
S000595,2025-03-17,C0715,P046,ST003,4,11231.8,0.0,7655.82
S000596,2025-05-21,C0119,P003,ST004,8,14046.26,0.1,9496.36
S000597,2025-08-23,C0461,P004,ST013,7,11521.92,0.0,8062.0
S000598,2026-02-24,C0865,P066,ST017,5,15703.33,0.02,10315.22
S000599,2026-03-02,C0160,P024,ST016,7,4049.45,0.0,2998.79
S000600,2026-12-12,C0060,P022,ST007,6,8290.88,0.1,5050.21
S000601,2026-06-15,C0498,P090,ST018,1,1612.69,0.05,1222.08
S000602,2026-06-12,C0075,P055,ST020,2,12772.87,0.0,9400.32
S000603,2025-10-12,C0363,P090,ST024,7,1838.76,0.02,1222.08
S000604,2025-09-28,C0148,P003,ST009,3,12028.9,0.0,9496.36
S000605,2026-03-14,C0233,P011,ST006,3,12989.29,0.0,8103.73
S000606,2025-06-08,C0305,P042,ST003,5,11191.11,0.02,8431.76
S000607,2026-05-24,C0493,P059,ST002,6,2060.73,0.05,1382.59
S000608,2026-02-16,C0453,P012,ST008,3,7308.19,0.02,5785.38
S000609,2026-11-19,C0879,P030,ST001,6,11394.2,0.0,9460.8
S000610,2026-05-10,C0676,P044,ST022,4,7331.16,0.1,4727.0
S000611,2026-06-18,C0894,P039,ST024,6,3119.4,0.05,2144.94
S000612,2025-07-12,C0612,P043,ST007,3,6491.26,0.0,5492.34
S000613,2025-06-12,C0099,P012,ST004,7,6693.24,0.05,5785.38
S000614,2026-11-08,C0932,P037,ST014,3,12351.2,0.05,8737.72
S000615,2026-09-05,C0085,P043,ST008,6,8363.06,0.05,5492.34
S000616,2026-08-20,C0994,P060,ST021,3,16538.97,0.05,10855.58
S000617,2026-02-23,C0358,P067,ST017,1,14594.85,0.0,9162.6
S000618,2026-07-02,C0651,P009,ST002,3,2739.14,0.05,1892.61
S000619,2025-05-01,C0568,P038,ST020,4,7476.26,0.0,5677.06
S000620,2026-01-07,C0261,P047,ST009,8,5871.88,0.15,4501.3
S000621,2026-05-27,C0431,P066,ST007,8,15456.69,0.05,10315.22
S000622,2026-02-23,C0690,P002,ST002,8,481.79,0.0,336.51
S000623,2026-10-01,C0267,P064,ST007,8,10049.45,0.05,7055.83
S000624,2025-12-27,C0400,P070,ST025,7,11521.0,0.05,7620.88
S000625,2026-12-14,C0852,P081,ST018,8,3682.76,0.0,2254.47
S000626,2026-03-11,C0663,P039,ST023,6,2978.49,0.0,2144.94
S000627,2026-12-09,C0186,P033,ST014,2,13037.86,0.0,9814.74
S000628,2026-10-26,C0567,P040,ST020,4,7352.15,0.05,6137.28
S000629,2025-06-16,C0857,P016,ST014,5,9683.87,0.05,6754.56
S000630,2026-03-13,C0380,P064,ST023,2,11470.03,0.05,7055.83
S000631,2026-08-24,C0690,P074,ST001,7,7924.54,0.05,5135.74
S000632,2025-05-24,C0952,P004,ST016,8,10377.45,0.05,8062.0
S000633,2026-12-29,C0962,P057,ST008,2,6510.31,0.0,5530.0
S000634,2026-03-13,C0094,P084,ST015,2,5531.84,0.1,4325.72
S000635,2025-07-03,C0819,P072,ST013,2,11966.33,0.02,7885.7
S000636,2026-09-04,C0878,P047,ST023,6,6849.07,0.1,4501.3
S000637,2026-01-12,C0211,P048,ST015,1,1762.7,0.05,1279.89
S000638,2026-10-12,C0056,P023,ST003,1,14533.87,0.0,10277.49
S000639,2026-11-02,C0610,P001,ST025,4,3305.03,0.1,2598.92
S000640,2026-06-09,C0406,P048,ST013,1,1489.11,0.05,1279.89
S000641,2026-01-08,C0512,P089,ST025,7,13144.3,0.0,9447.14
S000642,2025-09-04,C0536,P025,ST006,5,1192.7,0.05,935.06
S000643,2026-12-20,C0816,P001,ST023,5,3261.54,0.0,2598.92
S000644,2025-06-17,C0204,P046,ST014,6,9197.3,0.05,7655.82
S000645,2025-07-10,C0237,P084,ST023,1,5401.52,0.0,4325.72
S000646,2026-04-27,C0238,P009,ST012,8,3087.17,0.02,1892.61
S000647,2025-08-28,C0440,P046,ST009,4,12554.25,0.0,7655.82
S000648,2025-08-01,C0343,P089,ST014,4,11454.96,0.02,9447.14
S000649,2025-08-20,C0909,P013,ST022,8,9326.42,0.0,6891.52
S000650,2026-03-03,C0012,P007,ST022,3,6663.03,0.02,5642.26
S000651,2025-04-02,C0902,P065,ST021,5,3172.99,0.05,2327.08
S000652,2026-11-23,C0658,P071,ST003,2,9259.84,0.02,7113.15
S000653,2025-07-02,C0391,P042,ST020,7,13884.86,0.0,8431.76
S000654,2025-06-16,C0936,P069,ST008,7,8360.58,0.05,5327.09
S000655,2026-10-06,C0927,P057,ST006,6,8421.32,0.0,5530.0
S000656,2026-07-07,C0152,P089,ST003,3,13130.79,0.05,9447.14
S000657,2026-01-27,C0490,P070,ST021,8,9768.02,0.02,7620.88
S000658,2026-05-09,C0367,P008,ST008,2,8008.13,0.0,6932.71
S000659,2026-08-13,C0838,P052,ST007,7,10888.16,0.0,8471.56
S000660,2025-02-15,C0670,P089,ST024,5,12458.32,0.0,9447.14
S000661,2026-11-11,C0571,P053,ST024,6,4776.44,0.05,3373.97
S000662,2026-05-11,C0891,P053,ST015,4,5044.13,0.0,3373.97
S000663,2025-08-03,C0724,P036,ST017,6,2129.21,0.1,1308.06
S000664,2025-01-05,C0340,P088,ST006,8,7742.86,0.02,5917.07
S000665,2026-09-09,C0445,P028,ST022,8,11903.16,0.0,8027.52
S000666,2025-11-25,C0437,P003,ST025,3,14134.26,0.0,9496.36
S000667,2025-12-23,C0324,P065,ST006,7,3167.18,0.05,2327.08
S000668,2025-04-25,C0751,P037,ST007,1,13770.63,0.05,8737.72
S000669,2025-04-18,C0375,P069,ST009,3,7726.65,0.05,5327.09
S000670,2026-06-16,C0729,P003,ST003,8,13667.88,0.05,9496.36
S000671,2025-04-15,C0366,P078,ST019,7,2428.46,0.0,1948.16
S000672,2026-11-28,C0603,P032,ST025,4,7212.76,0.05,5025.05
S000673,2025-01-16,C0051,P038,ST024,3,7087.24,0.02,5677.06
S000674,2026-06-09,C0005,P017,ST012,5,9703.56,0.05,6820.68
S000675,2025-05-18,C0851,P033,ST017,2,11853.68,0.15,9814.74
S000676,2025-01-05,C0935,P053,ST025,3,4316.75,0.02,3373.97
S000677,2025-10-09,C0366,P033,ST018,2,13263.62,0.0,9814.74
S000678,2025-02-19,C0321,P028,ST017,2,11876.07,0.02,8027.52
S000679,2025-12-14,C0699,P050,ST007,1,17882.82,0.1,11552.3
S000680,2025-12-26,C0168,P037,ST016,8,13127.54,0.05,8737.72
S000681,2025-03-07,C0364,P031,ST010,8,13220.2,0.05,8055.68
S000682,2025-01-05,C0414,P056,ST025,5,10150.23,0.0,8673.46
S000683,2025-09-17,C0545,P047,ST016,8,6659.09,0.05,4501.3
S000684,2026-07-29,C0783,P079,ST014,1,2190.79,0.05,1464.98
S000685,2026-11-08,C0179,P018,ST007,3,4773.21,0.02,3821.41
S000686,2025-06-06,C0135,P047,ST020,6,5412.99,0.0,4501.3
S000687,2025-06-22,C0866,P018,ST008,7,4973.56,0.0,3821.41
S000688,2026-12-23,C0205,P059,ST020,3,2008.8,0.05,1382.59
S000689,2026-11-29,C0544,P057,ST010,7,8700.06,0.05,5530.0
S000690,2025-12-18,C0283,P042,ST003,6,13153.82,0.02,8431.76
S000691,2026-05-27,C0151,P080,ST025,1,11042.59,0.05,7154.82
S000692,2025-05-24,C0505,P047,ST016,5,7097.22,0.05,4501.3
S000693,2026-05-04,C0566,P005,ST014,3,13691.42,0.05,8535.69
S000694,2025-11-24,C0060,P068,ST009,8,13606.77,0.02,8703.69
S000695,2025-06-02,C0753,P051,ST001,2,14314.89,0.05,10925.82
S000696,2025-02-09,C0933,P062,ST010,3,4151.91,0.1,2627.77
S000697,2025-09-09,C0879,P022,ST001,7,7718.85,0.02,5050.21
S000698,2026-06-03,C0653,P049,ST009,5,2487.4,0.05,1636.57
S000699,2025-02-06,C0712,P015,ST003,7,12457.88,0.1,7707.94
S000700,2025-04-07,C0793,P085,ST009,1,10337.69,0.0,7193.26
S000701,2025-05-17,C0215,P025,ST010,2,1142.85,0.05,935.06
S000702,2026-08-29,C0973,P058,ST016,6,4102.8,0.1,3448.84
S000703,2025-10-19,C0214,P042,ST017,7,13402.47,0.02,8431.76
S000704,2026-04-27,C0540,P073,ST009,4,1473.64,0.05,1242.22
S000705,2026-07-18,C0144,P036,ST004,2,1687.42,0.02,1308.06
S000706,2025-10-10,C0609,P029,ST019,3,8400.52,0.1,6795.13
S000707,2025-01-19,C0027,P042,ST025,6,9896.7,0.0,8431.76
S000708,2025-08-27,C0410,P088,ST013,8,8966.46,0.0,5917.07
S000709,2025-05-02,C0401,P039,ST025,2,2923.93,0.0,2144.94
S000710,2025-07-22,C0861,P039,ST003,3,3172.33,0.02,2144.94
S000711,2026-11-11,C0200,P058,ST023,8,4194.04,0.1,3448.84
S000712,2025-12-23,C0576,P045,ST004,3,6026.57,0.0,3792.77
S000713,2025-09-20,C0737,P049,ST008,1,2272.16,0.0,1636.57
S000714,2025-09-06,C0146,P008,ST008,1,8519.08,0.1,6932.71
S000715,2026-05-24,C0160,P045,ST015,8,5705.12,0.0,3792.77
S000716,2025-10-08,C0276,P030,ST001,6,13146.09,0.05,9460.8
S000717,2026-06-05,C0380,P075,ST023,4,883.61,0.0,738.97
S000718,2025-05-15,C0771,P040,ST021,8,9897.74,0.0,6137.28
S000719,2025-02-01,C0881,P049,ST022,1,2330.77,0.0,1636.57
S000720,2026-08-24,C0073,P087,ST002,8,15691.18,0.02,11513.07
S000721,2026-02-01,C0607,P035,ST009,6,610.61,0.0,516.87
S000722,2026-11-21,C0792,P038,ST006,5,6893.47,0.0,5677.06
S000723,2025-12-31,C0898,P024,ST006,2,3772.61,0.05,2998.79
S000724,2025-01-11,C0867,P087,ST023,8,15484.58,0.0,11513.07
S000725,2026-03-17,C0200,P070,ST025,8,9734.8,0.0,7620.88
S000726,2026-01-28,C0499,P020,ST019,5,6225.45,0.1,5381.43
S000727,2026-07-01,C0896,P054,ST015,5,17834.88,0.05,11637.82
S000728,2025-06-04,C0083,P015,ST019,5,11400.79,0.05,7707.94
S000729,2025-11-22,C0136,P079,ST006,6,1755.43,0.0,1464.98
S000730,2025-12-03,C0213,P012,ST014,3,8089.14,0.05,5785.38
S000731,2025-12-24,C0680,P090,ST005,5,1771.64,0.1,1222.08
S000732,2025-04-28,C0841,P052,ST024,6,12772.96,0.0,8471.56
S000733,2026-10-05,C0415,P040,ST001,8,8155.69,0.0,6137.28
S000734,2025-03-07,C0933,P035,ST011,8,806.04,0.05,516.87
S000735,2026-06-20,C0709,P005,ST004,6,12557.1,0.02,8535.69
S000736,2026-04-23,C0425,P031,ST015,4,10230.42,0.0,8055.68
S000737,2025-07-15,C0088,P055,ST011,6,13341.33,0.05,9400.32
S000738,2026-11-29,C0783,P077,ST016,1,6092.1,0.02,4125.87
S000739,2025-05-07,C0691,P004,ST015,5,13111.97,0.0,8062.0
S000740,2026-10-24,C0217,P001,ST018,2,4004.03,0.05,2598.92
S000741,2025-09-05,C0982,P074,ST005,3,7089.52,0.02,5135.74
S000742,2025-09-16,C0538,P004,ST012,4,10378.15,0.02,8062.0
S000743,2025-09-25,C0528,P046,ST023,3,10910.03,0.05,7655.82
S000744,2026-10-31,C0330,P006,ST010,7,12082.53,0.0,9423.57
S000745,2025-12-09,C0121,P002,ST005,2,555.24,0.05,336.51
S000746,2026-11-23,C0103,P002,ST003,8,512.13,0.0,336.51
S000747,2026-06-12,C0550,P060,ST013,4,15206.18,0.05,10855.58
S000748,2025-01-18,C0211,P034,ST015,4,3132.68,0.05,2211.93
S000749,2025-09-22,C0706,P077,ST025,6,5948.76,0.05,4125.87
S000750,2026-03-30,C0526,P028,ST018,1,12034.44,0.05,8027.52
S000751,2026-07-23,C0025,P079,ST013,4,1950.38,0.0,1464.98
S000752,2026-05-06,C0051,P049,ST023,3,2260.19,0.0,1636.57
S000753,2025-08-02,C0119,P021,ST005,5,4255.84,0.02,2771.37
S000754,2026-07-24,C0165,P063,ST023,1,4589.24,0.02,3844.99
S000755,2026-05-22,C0255,P031,ST002,6,11308.18,0.05,8055.68
S000756,2026-12-03,C0124,P019,ST003,3,993.62,0.02,612.11
S000757,2025-06-04,C0272,P088,ST017,4,7708.01,0.02,5917.07
S000758,2026-02-07,C0060,P026,ST007,1,4102.45,0.1,3556.26
S000759,2026-02-20,C0637,P027,ST017,6,5518.29,0.1,3699.73
S000760,2025-06-11,C0287,P050,ST001,3,18219.37,0.1,11552.3
S000761,2026-10-06,C0058,P027,ST023,1,5068.63,0.0,3699.73
S000762,2025-03-29,C0887,P085,ST025,1,10552.08,0.1,7193.26
S000763,2025-10-23,C0106,P059,ST025,2,1642.28,0.02,1382.59
S000764,2026-11-25,C0013,P084,ST001,8,6927.05,0.0,4325.72
S000765,2026-06-06,C0800,P034,ST001,2,3480.4,0.0,2211.93
S000766,2025-07-08,C0802,P037,ST023,5,11697.15,0.0,8737.72
S000767,2026-03-15,C0765,P056,ST025,3,11583.96,0.1,8673.46
S000768,2025-11-17,C0827,P002,ST024,7,490.66,0.1,336.51
S000769,2026-05-01,C0530,P064,ST008,5,10230.95,0.15,7055.83
S000770,2025-10-23,C0979,P004,ST003,5,11584.54,0.1,8062.0
S000771,2025-01-13,C0713,P071,ST025,2,9327.61,0.1,7113.15
S000772,2025-02-17,C0818,P006,ST011,6,13984.22,0.02,9423.57
S000773,2025-07-21,C0880,P073,ST011,3,1853.91,0.05,1242.22
S000774,2025-08-03,C0855,P050,ST024,3,17570.41,0.0,11552.3
S000775,2026-05-10,C0982,P038,ST004,3,9218.69,0.1,5677.06
S000776,2025-02-10,C0041,P035,ST024,7,725.91,0.05,516.87
S000777,2026-11-17,C0642,P052,ST023,3,9753.22,0.02,8471.56
S000778,2025-03-26,C0958,P050,ST020,5,15439.3,0.0,11552.3
S000779,2026-06-12,C0042,P030,ST023,5,14163.94,0.0,9460.8
S000780,2026-05-30,C0037,P031,ST012,4,10541.38,0.05,8055.68
S000781,2026-05-21,C0852,P021,ST021,4,3243.35,0.0,2771.37
S000782,2026-01-21,C0751,P019,ST006,7,941.55,0.0,612.11
S000783,2025-11-16,C0740,P039,ST014,2,3168.15,0.1,2144.94
S000784,2026-12-25,C0149,P055,ST012,4,14437.05,0.02,9400.32
S000785,2025-11-05,C0630,P047,ST016,5,5567.82,0.1,4501.3
S000786,2026-12-26,C0352,P032,ST016,4,7106.93,0.0,5025.05
S000787,2026-02-14,C0207,P083,ST025,5,11666.92,0.05,7077.47
S000788,2026-12-12,C0419,P048,ST015,7,1487.11,0.05,1279.89
S000789,2026-06-28,C0360,P061,ST013,6,7479.31,0.0,5605.37
S000790,2025-10-01,C0413,P046,ST003,4,9664.67,0.0,7655.82
S000791,2025-08-07,C0310,P029,ST015,6,8192.84,0.05,6795.13
S000792,2026-08-30,C0156,P004,ST024,5,11498.61,0.05,8062.0
S000793,2025-01-24,C0818,P046,ST011,2,10576.57,0.02,7655.82
S000794,2025-05-13,C0656,P001,ST009,4,4001.48,0.02,2598.92
S000795,2025-07-11,C0226,P025,ST006,7,1327.75,0.05,935.06
S000796,2025-02-03,C0750,P042,ST019,4,10523.34,0.1,8431.76
S000797,2025-07-07,C0587,P036,ST002,7,1761.42,0.0,1308.06
S000798,2026-09-18,C0260,P084,ST010,5,5303.41,0.05,4325.72
S000799,2026-09-15,C0149,P031,ST011,5,12580.27,0.02,8055.68
S000800,2025-06-25,C0691,P001,ST014,4,3108.14,0.02,2598.92
S000801,2026-02-02,C0820,P042,ST013,5,13536.56,0.05,8431.76
S000802,2026-08-19,C0568,P001,ST018,5,3826.41,0.0,2598.92
S000803,2026-02-20,C0464,P078,ST021,7,3119.8,0.05,1948.16
S000804,2025-07-15,C0437,P005,ST024,8,10330.06,0.0,8535.69
S000805,2025-07-31,C0478,P051,ST009,7,17711.12,0.0,10925.82
S000806,2025-09-14,C0285,P044,ST017,6,5445.18,0.05,4727.0
S000807,2025-03-31,C0259,P088,ST010,8,6959.11,0.0,5917.07
S000808,2026-05-20,C0076,P061,ST020,8,8363.36,0.02,5605.37
S000809,2025-11-24,C0444,P079,ST006,6,2202.36,0.05,1464.98
S000810,2025-05-28,C0340,P038,ST006,5,7161.58,0.02,5677.06
S000811,2026-09-18,C0465,P063,ST025,8,5461.04,0.0,3844.99
S000812,2026-09-11,C0761,P002,ST010,5,416.74,0.02,336.51
S000813,2026-09-21,C0196,P067,ST016,1,14550.2,0.02,9162.6
S000814,2025-06-27,C0273,P088,ST003,2,9183.8,,5917.07
S000815,2026-05-24,C0097,P021,ST013,6,4269.34,0.0,2771.37
S000816,2026-05-16,C0930,P088,ST008,1,7197.95,0.05,5917.07
S000817,2026-05-18,C0575,P023,ST018,7,13455.22,0.05,10277.49
S000818,2026-02-09,C0653,P033,ST009,8,13523.22,0.05,9814.74
S000819,2026-03-29,C0922,P029,ST015,4,11170.75,0.0,6795.13
S000820,2025-07-04,C0802,P040,ST024,2,9526.14,0.0,6137.28
S000821,2025-04-26,C0459,P062,ST025,3,3932.69,0.05,2627.77
S000822,2025-03-07,C0360,P023,ST011,3,15512.64,0.05,10277.49
S000823,2025-08-16,C0915,P079,ST009,4,1735.9,0.05,1464.98
S000824,2025-07-16,C0145,P001,ST017,3,3647.83,0.0,2598.92
S000825,2025-11-28,C0047,P064,ST006,3,11076.81,0.05,7055.83
S000826,2026-02-04,C0485,P004,ST023,3,12464.12,0.0,8062.0
S000827,2025-08-01,C0741,P076,ST007,1,8817.84,0.0,6054.39
S000828,2026-06-26,C0117,P081,ST018,4,3433.94,0.02,2254.47
S000829,2025-08-15,C0905,P017,ST001,7,10211.3,0.0,6820.68
S000830,2026-03-06,C0039,P090,ST025,3,1456.41,0.02,1222.08
S000831,2026-11-28,C0048,P059,ST004,1,2260.89,0.1,1382.59
S000832,2026-07-22,C0275,P041,ST004,1,2681.57,0.05,2039.67
S000833,2025-03-05,C0654,P033,ST002,7,12363.36,0.05,9814.74
S000834,2025-08-06,C0692,P008,ST012,5,11129.68,0.0,6932.71
S000835,2026-05-24,C0905,P035,ST004,7,745.35,0.0,516.87
S000836,2026-04-24,C0963,P078,ST020,3,2590.05,0.05,1948.16
S000837,2026-08-05,C0403,P060,ST024,5,13502.12,0.05,10855.58
S000838,2026-11-28,C0834,P002,ST024,5,447.92,0.15,336.51
S000839,2025-04-23,C0681,P037,ST004,4,13982.45,0.15,8737.72
S000840,2026-09-30,C0902,P049,ST018,1,2642.87,0.02,1636.57
S000841,2026-02-22,C0644,P036,ST017,7,1880.94,0.05,1308.06
S000842,2026-08-17,C0170,P026,ST002,2,4872.75,0.0,3556.26
S000843,2025-06-07,C0794,P027,ST018,1,4384.19,0.0,3699.73
S000844,2026-02-11,C0612,P005,ST007,3,10732.44,0.0,8535.69
S000845,2025-02-01,C0108,P057,ST006,8,7362.38,0.05,5530.0
S000846,2025-05-03,C0529,P046,ST006,5,9764.64,0.1,7655.82
S000847,2025-01-09,C0884,P026,ST011,4,5254.89,0.05,3556.26
S000848,2026-10-23,C0888,P004,ST008,1,12647.99,0.05,8062.0
S000849,2025-10-02,C0444,P024,ST009,4,4859.65,0.0,2998.79
S000850,2025-03-18,C0261,P026,ST008,6,5352.44,0.0,3556.26
S000851,2025-04-15,C0667,P046,ST021,5,9138.31,0.0,7655.82
S000852,2026-09-12,C0643,P019,ST010,2,864.59,0.0,612.11
S000853,2025-07-01,C0684,P081,ST020,7,3672.93,0.1,2254.47
S000854,2026-09-05,C0441,P062,ST010,4,4199.42,0.1,2627.77
S000855,2025-10-19,C0625,P070,ST025,7,12364.7,0.1,7620.88
S000856,2025-05-28,C0689,P043,ST022,7,7857.28,0.1,5492.34
S000857,2025-07-14,C0314,P078,ST003,5,2570.7,0.0,1948.16
S000858,2025-02-10,C0471,P018,ST013,2,6213.75,0.05,3821.41
S000859,2025-01-29,C0959,P026,ST023,4,5468.91,,3556.26
S000860,2025-01-19,C0556,P020,ST011,7,8449.07,0.05,5381.43
S000861,2025-08-15,C0555,P065,ST025,1,3096.67,0.0,2327.08
S000862,2026-05-10,C0251,P047,ST015,7,6774.17,0.0,4501.3
S000863,2026-02-26,C0633,P018,ST016,5,6204.84,0.02,3821.41
S000864,2025-07-12,C0244,P071,ST011,4,9556.57,0.05,7113.15
S000865,2025-09-01,C0878,P054,ST025,1,15506.43,0.05,11637.82
S000866,2026-03-08,C0299,P042,ST021,1,13347.88,0.02,8431.76
S000867,2025-02-02,C0950,P008,ST013,2,8563.07,0.02,6932.71
S000868,2026-09-04,C0851,P080,ST015,4,11559.16,0.0,7154.82
S000869,2026-05-13,C0228,P089,ST018,3,14133.79,0.02,9447.14
S000870,2026-02-06,C0805,P086,ST010,8,777.72,0.1,517.95
S000871,2025-01-08,C0072,P052,ST015,4,12748.12,0.1,8471.56
S000872,2025-08-11,C0638,P015,ST003,2,10961.11,0.05,7707.94
S000873,2025-11-18,C0387,P015,ST024,1,10455.6,0.0,7707.94
S000874,2025-04-04,C0962,P003,ST007,4,13454.49,0.0,9496.36
S000875,2025-09-28,C0822,P089,ST012,1,10905.89,0.0,9447.14
S000876,2025-12-23,C0992,P058,ST013,8,4329.14,0.05,3448.84
S000877,2025-08-15,C0641,P052,ST002,7,13209.96,0.1,8471.56
S000878,2025-04-02,C0176,P052,ST006,4,10174.53,0.0,8471.56
S000879,2026-06-24,C0100,P024,ST002,7,3515.49,0.1,2998.79
S000880,2026-12-24,C0063,P076,ST012,5,8331.2,0.1,6054.39
S000881,2026-07-30,C0729,P017,ST005,4,10318.73,0.05,6820.68
S000882,2026-07-01,C0008,P069,ST013,3,8363.25,0.05,5327.09
S000883,2025-09-22,C0532,P027,ST016,6,6005.69,0.05,3699.73
S000884,2025-07-09,C0125,P067,ST024,8,13205.0,0.0,9162.6
S000885,2025-06-23,C0360,P066,ST010,3,14847.44,0.05,10315.22
S000886,2025-10-02,C0200,P085,ST023,8,9553.27,0.02,7193.26
S000887,2026-07-23,C0217,P055,ST018,8,13864.26,0.1,9400.32
S000888,2025-11-18,C0786,P018,ST001,7,4888.36,0.02,3821.41
S000889,2025-08-10,C0111,P004,ST014,4,10575.18,0.0,8062.0
S000890,2026-07-16,C0261,P031,ST008,3,10625.5,0.05,8055.68
S000891,2026-04-13,C0922,P024,ST015,8,4687.65,0.0,2998.79
S000892,2025-05-31,C0458,P020,ST015,5,7733.48,0.1,5381.43
S000893,2025-06-14,C0320,P088,ST016,3,7439.95,0.0,5917.07
S000894,2026-09-29,C0374,P062,ST007,4,3748.51,0.0,2627.77
S000895,2025-08-12,C0906,P035,ST006,4,772.24,0.15,516.87
S000896,2026-05-06,C0202,P015,ST023,4,12581.97,0.05,7707.94
S000897,2025-06-20,C0209,P049,ST015,2,2613.09,0.05,1636.57
S000898,2025-02-25,C0565,P068,ST006,5,11714.79,0.0,8703.69
S000899,2026-12-03,C0904,P046,ST019,2,10331.89,0.1,7655.82
S000900,2025-01-25,C0388,P061,ST025,4,8194.94,0.05,5605.37
S000901,2025-05-19,C0973,P077,ST017,1,6652.12,0.1,4125.87
S000902,2025-03-25,C0531,P066,ST004,5,12960.11,0.02,10315.22
S000903,2026-11-18,C0359,P002,ST006,2,430.59,0.05,336.51
S000904,2026-12-18,C0294,P090,ST023,3,1648.44,0.0,1222.08
S000905,2026-09-08,C0300,P087,ST016,6,18843.02,0.05,11513.07
S000906,2025-11-09,C0575,P021,ST021,2,3274.26,0.1,2771.37
S000907,2025-04-30,C0160,P038,ST015,7,7410.21,0.05,5677.06
S000908,2026-08-16,C0359,P010,ST009,8,2048.89,0.0,1595.73
S000909,2026-08-12,C0161,P015,ST018,1,11390.62,0.0,7707.94
S000910,2026-11-25,C0214,P056,ST014,8,12610.59,0.1,8673.46
S000911,2025-01-06,C0982,P084,ST003,3,6420.28,0.02,4325.72
S000912,2026-01-15,C0051,P003,ST023,8,15643.35,0.02,9496.36
S000913,2025-01-21,C0380,P016,ST024,4,8014.66,0.02,6754.56
S000914,2025-04-23,C0055,P047,ST001,4,5487.96,0.05,4501.3
S000915,2026-03-20,C0071,P062,ST021,7,4029.49,0.0,2627.77
S000916,2025-05-27,C0724,P001,ST017,5,3465.29,0.0,2598.92
S000917,2026-07-02,C0427,P085,ST021,8,11741.35,0.1,7193.26
S000918,2026-05-02,C0194,P060,ST025,6,14379.87,0.02,10855.58
S000919,2025-10-10,C0304,P088,ST004,6,7594.29,0.02,5917.07
S000920,2026-06-15,C0437,P077,ST022,6,6654.4,0.0,4125.87
S000921,2026-01-16,C0037,P054,ST012,4,16317.28,0.0,11637.82
S000922,2025-10-15,C0204,P014,ST016,4,14850.99,0.0,9238.74
S000923,2026-06-21,C0962,P067,ST007,8,12640.37,0.0,9162.6
S000924,2026-11-24,C0716,P072,ST012,4,11724.64,0.0,7885.7
S000925,2026-11-16,C0103,P032,ST001,8,6766.51,0.0,5025.05
S000926,2026-05-30,C0424,P069,ST015,7,6444.27,0.05,5327.09
S000927,2025-11-02,C0630,P034,ST017,1,3533.23,0.0,2211.93
S000928,2026-12-10,C0031,P016,ST009,3,8459.15,0.02,6754.56
S000929,2025-09-20,C0086,P079,ST023,6,1998.67,0.0,1464.98
S000930,2025-08-12,C0563,P084,ST001,1,7004.65,0.1,4325.72
S000931,2026-07-07,C0866,P063,ST006,1,5962.34,0.02,3844.99
S000932,2026-02-19,C0183,P009,ST008,6,2252.47,0.05,1892.61
S000933,2025-05-06,C0336,P062,ST006,3,3165.84,0.02,2627.77
S000934,2026-08-28,C0767,P044,ST011,2,6775.03,0.05,4727.0
S000935,2026-11-05,C0554,P075,ST009,2,1081.48,0.0,738.97
S000936,2026-01-08,C0024,P002,ST005,1,539.08,0.1,336.51
S000937,2026-06-17,C0723,P018,ST021,5,5915.77,0.05,3821.41
S000938,2026-01-19,C0102,P038,ST021,8,6984.72,0.0,5677.06
S000939,2026-05-28,C0500,P044,ST023,4,6744.62,0.15,4727.0
S000940,2025-09-30,C0112,P028,ST022,7,10573.55,0.0,8027.52
S000941,2025-08-31,C0420,P050,ST011,3,15626.04,0.05,11552.3
S000942,2025-05-31,C0545,P020,ST014,6,8439.17,0.02,5381.43
S000943,2025-10-11,C0692,P045,ST011,2,4567.11,0.0,3792.77
S000944,2026-02-18,C0204,P031,ST015,4,13184.55,0.05,8055.68
S000945,2026-02-17,C0589,P051,ST011,1,14940.8,0.02,10925.82
S000946,2026-05-04,C0688,P038,ST002,1,8061.65,0.02,5677.06
S000947,2026-06-10,C0889,P089,ST019,8,13243.89,0.0,9447.14
S000948,2026-08-04,C0558,P047,ST017,7,7275.03,0.05,4501.3
S000949,2025-08-06,C0287,P065,ST005,7,3468.53,0.05,2327.08
S000950,2026-10-05,C0510,P033,ST004,6,12731.59,0.0,9814.74
S000951,2025-08-03,C0659,P085,ST021,8,9473.21,0.0,7193.26
S000952,2026-09-18,C0331,P002,ST006,7,497.33,0.1,336.51
S000953,2025-04-18,C0344,P050,ST009,5,14636.72,0.1,11552.3
S000954,2026-07-31,C0559,P016,ST015,1,7852.69,0.1,6754.56
S000955,2025-11-23,C0865,P069,ST017,6,7246.07,0.05,5327.09
S000956,2026-07-27,C0949,P017,ST011,2,10449.75,0.0,6820.68
S000957,2025-01-07,C0494,P038,ST009,8,6591.23,0.02,5677.06
S000958,2026-09-23,C0650,P027,ST016,1,5720.25,0.1,3699.73
S000959,2026-03-10,C0967,P014,ST003,3,11538.52,0.0,9238.74
S000960,2026-12-13,C0936,P027,ST008,8,5467.69,0.05,3699.73
S000961,2025-01-26,C0483,P059,ST023,5,2173.21,0.05,1382.59
S000962,2026-04-26,C0454,P002,ST015,4,471.64,0.02,336.51
S000963,2026-07-07,C0337,P041,ST010,2,2770.4,0.0,2039.67
S000964,2026-08-09,C0279,P035,ST004,2,799.49,0.02,516.87
S000965,2025-02-13,C0804,P073,ST008,1,1536.78,0.05,1242.22
S000966,2025-01-15,C0527,P034,ST020,7,3470.71,0.1,2211.93
S000967,2026-07-16,C0284,P072,ST002,1,9884.83,0.1,7885.7
S000968,2026-06-02,C0414,P001,ST023,8,3775.08,0.02,2598.92
S000969,2025-01-10,C0130,P083,ST004,1,8160.65,0.0,7077.47
S000970,2026-02-11,C0788,P072,ST022,2,11429.29,0.05,7885.7
S000971,2025-09-07,C0336,P052,ST007,5,13750.68,0.1,8471.56
S000972,2025-06-25,C0336,P026,ST009,5,4979.89,0.1,3556.26
S000973,2026-02-22,C0002,P051,ST010,5,13454.12,0.05,10925.82
S000974,2026-11-09,C0100,P043,ST001,5,7320.42,0.1,5492.34
S000975,2025-12-25,C0369,P013,ST011,1,10753.76,0.05,6891.52
S000976,2026-09-01,C0773,P066,ST024,3,15173.96,0.0,10315.22
S000977,2026-10-29,C0971,P084,ST005,1,5473.49,0.0,4325.72
S000978,2026-06-24,C0930,P067,ST007,1,11714.71,0.0,9162.6
S000979,2026-02-22,C0282,P029,ST001,8,8976.04,0.02,6795.13
S000980,2026-12-13,C0772,P082,ST022,5,16922.61,0.05,11120.16
S000981,2025-09-03,C0338,P059,ST016,3,2080.93,0.05,1382.59
S000982,2026-08-07,C0159,P032,ST021,6,7630.59,0.0,5025.05
S000983,2026-10-27,C0917,P028,ST022,4,12711.97,0.0,8027.52
S000984,2025-06-27,C0353,P042,ST014,3,13482.64,0.02,8431.76
S000985,2026-08-28,C0205,P072,ST018,3,12789.4,0.05,7885.7
S000986,2026-04-04,C0411,P040,ST013,8,8667.6,0.0,6137.28
S000987,2026-04-09,C0331,P056,ST007,1,12507.42,,8673.46
S000988,2025-04-25,C0540,P028,ST008,1,12637.01,0.02,8027.52
S000989,2025-12-19,C0224,P040,ST004,5,9013.83,0.02,6137.28
S000990,2025-12-21,C0089,P035,ST015,7,712.38,0.0,516.87
S000991,2025-08-21,C0988,P060,ST020,7,14801.12,0.02,10855.58
S000992,2026-04-20,C0533,P069,ST022,1,6922.44,0.15,5327.09
S000993,2025-12-04,C0632,P038,ST017,8,8643.92,0.0,5677.06
S000994,2025-06-12,C0156,P023,ST022,2,15566.61,0.05,10277.49
S000995,2026-09-21,C0624,P011,ST002,8,11633.37,0.05,8103.73
S000996,2026-04-08,C0193,P079,ST021,6,2370.41,0.05,1464.98
S000997,2025-04-05,C0638,P062,ST005,6,3086.69,0.0,2627.77
S000998,2025-09-08,C0896,P023,ST016,4,16262.41,0.02,10277.49
S000999,2025-09-01,C0406,P001,ST013,8,3128.86,0.02,2598.92
S001000,2026-04-11,C0272,P067,ST017,4,12997.5,0.0,9162.6
S001001,2025-04-05,C0530,P090,ST008,2,1600.55,0.0,1222.08
S001002,2025-02-11,C0400,P058,ST025,6,4393.38,0.02,3448.84
S001003,2025-01-10,C0308,P030,ST017,5,15514.16,0.0,9460.8
S001004,2026-11-24,C0374,P028,ST006,2,9981.38,0.02,8027.52
S001005,2025-01-28,C0851,P039,ST015,3,2765.49,0.15,2144.94
S001006,2025-07-18,C0915,P077,ST009,1,6099.17,0.02,4125.87
S001007,2025-12-27,C0286,P054,ST018,2,13773.29,0.0,11637.82
S001008,2026-10-12,C0973,P041,ST016,2,2475.48,0.05,2039.67
S001009,2025-01-26,C0227,P061,ST020,7,8390.46,0.0,5605.37
S001010,2026-07-21,C0606,P056,ST010,7,13727.99,0.0,8673.46
S001011,2026-06-21,C0398,P071,ST004,7,8293.68,0.05,7113.15
S001012,2025-07-07,C0498,P052,ST020,3,9790.71,0.0,8471.56
S001013,2025-03-18,C0568,P045,ST020,2,5041.55,0.0,3792.77
S001014,2025-04-20,C0136,P039,ST006,3,3056.01,0.0,2144.94
S001015,2026-05-26,C0374,P044,ST009,2,5740.06,0.0,4727.0
S001016,2025-11-03,C0072,P016,ST016,3,10195.34,0.0,6754.56
S001017,2025-10-10,C0076,P065,ST020,4,2707.26,0.0,2327.08
S001018,2025-01-03,C0094,P009,ST015,5,2214.0,0.05,1892.61
S001019,2025-08-01,C0844,P066,ST013,3,14476.19,0.1,10315.22
S001020,2026-07-03,C0991,P061,ST022,3,6798.93,0.02,5605.37
S001021,2025-03-22,C0026,P048,ST006,5,1779.33,0.05,1279.89
S001022,2025-10-04,C0275,P068,ST002,5,11467.81,0.05,8703.69
S001023,2026-07-28,C0352,P001,ST016,6,3209.88,0.05,2598.92
S001024,2026-04-27,C0571,P066,ST022,4,15442.23,0.1,10315.22
S001025,2025-01-03,C0794,P050,ST020,5,15675.98,0.05,11552.3
S001026,2026-06-12,C0838,P030,ST006,2,12005.9,0.0,9460.8
S001027,2025-12-25,C0141,P036,ST005,2,1893.77,0.0,1308.06
S001028,2025-05-21,C0263,P014,ST021,6,12465.58,0.02,9238.74
S001029,2025-03-21,C0920,P089,ST020,1,11237.69,0.0,9447.14
S001030,2026-02-17,C0953,P051,ST007,6,16675.36,0.05,10925.82
S001031,2025-02-18,C0514,P041,ST005,2,3229.17,0.0,2039.67
S001032,2026-08-06,C0598,P037,ST008,2,14234.96,0.0,8737.72
S001033,2025-12-16,C0135,P021,ST019,2,4100.61,0.0,2771.37
S001034,2026-03-26,C0825,P073,ST022,8,1959.65,0.0,1242.22
S001035,2026-02-10,C0567,P051,ST019,4,15172.82,0.05,10925.82
S001036,2026-03-09,C0148,P027,ST009,4,4583.36,0.0,3699.73
S001037,2026-06-24,C0971,P020,ST004,4,7668.1,0.0,5381.43
S001038,2026-07-25,C0777,P024,ST001,8,4768.72,0.05,2998.79
S001039,2025-10-07,C0363,P053,ST025,1,5480.75,0.0,3373.97
S001040,2026-12-04,C0865,P050,ST014,7,17766.28,0.1,11552.3
S001041,2025-02-12,C0070,P037,ST010,7,13271.74,0.1,8737.72
S001042,2026-04-13,C0872,P005,ST015,6,13899.91,0.0,8535.69
S001043,2026-06-13,C0022,P006,ST024,6,11262.09,0.05,9423.57
S001044,2026-02-10,C0403,P032,ST022,1,7407.22,0.05,5025.05
S001045,2026-11-16,C0592,P063,ST005,1,4685.88,0.0,3844.99
S001046,2025-05-11,C0618,P030,ST023,7,13703.47,0.05,9460.8
S001047,2025-06-12,C0739,P072,ST015,2,10610.05,0.0,7885.7
S001048,2026-12-14,C0148,P066,ST007,5,14684.25,0.0,10315.22
S001049,2025-08-05,C0012,P087,ST023,8,14430.96,0.0,11513.07
S001050,2025-07-04,C0389,P088,ST020,7,8567.8,0.0,5917.07
S001051,2026-01-05,C0411,P009,ST012,7,2558.35,0.05,1892.61
S001052,2025-10-24,C0527,P015,ST020,7,8926.86,0.05,7707.94
S001053,2025-10-10,C0798,P028,ST001,8,12002.8,0.0,8027.52
S001054,2026-10-05,C0518,P014,ST009,6,14954.49,0.05,9238.74
S001055,2025-03-29,C0130,P045,ST001,7,4452.29,0.05,3792.77
S001056,2025-04-22,C0755,P048,ST021,1,1973.33,0.05,1279.89
S001057,2026-05-29,C0218,P023,ST019,2,12434.48,0.0,10277.49
S001058,2025-10-15,C0310,P086,ST015,3,640.97,0.0,517.95
S001059,2025-11-03,C0180,P071,ST023,6,11550.49,0.0,7113.15
S001060,2025-09-09,C0423,P008,ST023,7,9507.82,0.0,6932.71
S001061,2026-09-13,C0260,P046,ST010,3,10356.82,0.02,7655.82
S001062,2026-03-30,C0266,P064,ST025,5,8888.43,0.1,7055.83
S001063,2026-10-20,C0477,P037,ST019,6,10078.94,0.0,8737.72
S001064,2026-06-30,C0462,P056,ST018,4,13221.53,0.1,8673.46
S001065,2026-08-26,C0760,P032,ST010,7,6485.46,0.0,5025.05
S001066,2026-03-22,C0952,P057,ST014,7,9009.75,0.0,5530.0
S001067,2026-09-22,C0602,P040,ST001,3,7482.34,0.0,6137.28
S001068,2026-11-13,C0081,P024,ST008,7,4627.02,0.05,2998.79
S001069,2026-11-21,C0901,P066,ST002,4,12676.86,0.0,10315.22
S001070,2025-11-24,C0510,P043,ST001,3,8979.29,0.02,5492.34
S001071,2026-06-12,C0216,P061,ST010,7,6453.01,0.05,5605.37
S001072,2026-04-20,C0244,P089,ST011,4,14200.7,0.05,9447.14
S001073,2026-04-19,C0163,P016,ST010,8,8846.33,0.1,6754.56
S001074,2026-01-05,C0509,P043,ST020,7,7387.69,0.05,5492.34
S001075,2026-09-10,C0124,P027,ST002,7,4313.24,0.1,3699.73
S001076,2025-02-27,C0708,P027,ST019,6,5239.73,0.05,3699.73
S001077,2025-08-25,C0932,P075,ST016,4,1126.4,0.0,738.97
S001078,2026-03-12,C0980,P007,ST023,1,7579.18,0.1,5642.26
S001079,2026-10-30,C0812,P013,ST005,7,9400.7,0.1,6891.52
S001080,2025-09-24,C0814,P027,ST004,4,6054.56,0.05,3699.73
S001081,2026-06-15,C0151,P023,ST022,1,11971.82,0.0,10277.49
S001082,2025-12-23,C0697,P074,ST020,1,7312.8,0.05,5135.74
S001083,2026-04-25,C0680,P041,ST001,7,3253.0,0.0,2039.67
S001084,2026-05-15,C0956,P014,ST006,7,13630.08,0.02,9238.74
S001085,2026-03-31,C0889,P074,ST018,5,8455.56,0.1,5135.74
S001086,2025-08-10,C0482,P075,ST011,6,1043.43,0.05,738.97
S001087,2025-01-22,C0946,P003,ST021,6,12518.42,0.1,9496.36
S001088,2025-02-27,C0411,P009,ST012,8,2614.11,0.0,1892.61
S001089,2026-02-08,C0323,P051,ST023,8,12807.28,0.0,10925.82
S001090,2025-09-21,C0148,P064,ST006,3,10256.82,0.0,7055.83
S001091,2025-01-03,C0480,P024,ST002,1,4936.41,0.02,2998.79
S001092,2025-10-26,C0070,P035,ST012,5,832.07,0.05,516.87
S001093,2025-07-21,C0361,P084,ST021,5,7126.46,0.0,4325.72
S001094,2026-04-10,C0844,P083,ST011,7,11383.05,0.02,7077.47
S001095,2025-05-12,C0299,P018,ST020,3,5079.89,0.05,3821.41
S001096,2026-03-17,C0667,P013,ST018,3,8670.35,0.0,6891.52
S001097,2026-05-11,C0168,P061,ST017,2,6800.82,0.05,5605.37
S001098,2026-06-26,C0716,P068,ST011,1,11469.71,0.02,8703.69
S001099,2026-02-26,C0862,P011,ST010,8,9418.81,0.0,8103.73
S001100,2025-06-01,C0281,P054,ST014,7,16447.95,0.02,11637.82
S001101,2026-11-07,C0072,P049,ST017,4,2064.22,0.0,1636.57
S001102,2025-04-07,C0573,P074,ST021,4,6901.37,0.05,5135.74
S001103,2025-07-16,C0388,P029,ST025,8,9446.49,0.05,6795.13
S001104,2026-01-15,C0687,P085,ST015,6,8997.04,0.02,7193.26
S001105,2025-08-17,C0916,P035,ST021,6,688.67,0.02,516.87
S001106,2026-12-20,C0477,P006,ST020,4,14821.54,0.0,9423.57
S001107,2025-04-14,C0989,P056,ST015,7,12616.42,0.1,8673.46
S001108,2026-09-14,C0889,P089,ST020,3,14926.04,0.1,9447.14
S001109,2026-05-22,C0377,P055,ST007,4,13863.44,0.0,9400.32
S001110,2025-07-25,C0729,P003,ST002,4,13709.45,0.0,9496.36
S001111,2025-10-28,C0098,P045,ST018,7,4960.31,,3792.77
S001112,2026-04-02,C0384,P003,ST016,8,12002.42,0.05,9496.36
S001113,2026-02-02,C0982,P065,ST002,4,3201.5,0.02,2327.08
S001114,2025-06-24,C0136,P012,ST006,3,7665.99,0.02,5785.38
S001115,2025-05-21,C0752,P043,ST025,1,7583.71,0.0,5492.34
S001116,2026-10-30,C0234,P019,ST008,4,803.51,0.1,612.11
S001117,2025-01-07,C0989,P053,ST017,4,4550.26,0.05,3373.97
S001118,2025-12-25,C0110,P082,ST011,2,14473.54,0.0,11120.16
S001119,2025-10-01,C0353,P003,ST017,3,15206.56,0.15,9496.36
S001120,2025-04-27,C0496,P005,ST003,4,13116.79,0.0,8535.69
S001121,2025-11-28,C0614,P009,ST011,5,3107.5,0.05,1892.61
S001122,2025-10-20,C0979,P044,ST004,6,6873.32,0.05,4727.0
S001123,2025-12-14,C0577,P042,ST017,1,11889.53,0.0,8431.76
S001124,2025-08-02,C0487,P020,ST018,2,7709.96,0.0,5381.43
S001125,2025-07-16,C0738,P045,ST008,4,6186.73,0.02,3792.77
S001126,2025-04-29,C0377,P003,ST008,1,14924.74,0.05,9496.36
S001127,2026-11-10,C0256,P023,ST011,2,16677.67,0.02,10277.49
S001128,2026-06-28,C0135,P039,ST018,1,2473.5,0.05,2144.94
S001129,2026-10-14,C0974,P090,ST025,1,1504.49,0.15,1222.08
S001130,2026-07-27,C0323,P007,ST023,3,8427.67,0.0,5642.26
S001131,2026-12-17,C0911,P090,ST021,1,1883.03,0.02,1222.08
S001132,2026-07-20,C0054,P058,ST024,7,4995.92,0.1,3448.84
S001133,2026-07-14,C0235,P028,ST003,3,11974.17,0.05,8027.52
S001134,2025-09-21,C0939,P001,ST017,3,3630.22,0.0,2598.92
S001135,2026-07-11,C0940,P034,ST007,2,3064.46,0.02,2211.93
S001136,2026-03-10,C0614,P016,ST010,7,8583.97,0.0,6754.56
S001137,2026-03-02,C0908,P071,ST018,3,8924.62,0.02,7113.15
S001138,2026-08-26,C0895,P025,ST006,4,1276.3,0.15,935.06
S001139,2025-11-15,C0725,P064,ST003,2,8646.19,0.05,7055.83
S001140,2026-09-13,C0494,P067,ST006,7,14694.3,0.1,9162.6
S001141,2025-07-02,C0715,P069,ST002,8,7781.14,0.05,5327.09
S001142,2026-11-04,C0052,P061,ST001,7,6576.23,0.0,5605.37
S001143,2026-12-19,C0564,P086,ST024,2,719.02,0.0,517.95
S001144,2026-12-26,C0496,P018,ST005,1,6061.78,0.05,3821.41
S001145,2026-12-03,C0182,P008,ST011,8,10975.14,0.05,6932.71
S001146,2025-10-23,C0077,P020,ST003,2,7244.23,0.0,5381.43
S001147,2026-06-16,C0125,P059,ST024,5,2134.76,0.02,1382.59
S001148,2025-03-11,C0235,P076,ST003,5,7003.03,0.02,6054.39
S001149,2026-02-03,C0564,P084,ST022,5,6364.08,0.0,4325.72
S001150,2025-09-08,C0532,P010,ST017,3,2290.95,0.0,1595.73
S001151,2025-06-09,C0435,P080,ST024,7,11006.48,0.0,7154.82
S001152,2025-09-03,C0732,P013,ST004,3,8392.64,0.05,6891.52
S001153,2026-12-11,C0784,P048,ST012,4,1509.92,0.0,1279.89
S001154,2026-01-15,C0625,P005,ST022,5,10017.38,0.02,8535.69
S001155,2025-01-18,C0343,P060,ST016,2,14767.56,0.02,10855.58
S001156,2026-08-28,C0593,P059,ST001,3,1627.19,0.0,1382.59
S001157,2026-03-02,C0326,P019,ST021,6,880.53,0.02,612.11
S001158,2026-04-06,C0847,P088,ST008,6,6871.91,0.05,5917.07
S001159,2025-11-09,C0720,P032,ST013,6,7502.56,0.0,5025.05
S001160,2026-06-15,C0988,P006,ST020,6,13691.41,0.0,9423.57
S001161,2026-06-24,C0172,P041,ST007,1,2868.55,0.05,2039.67
S001162,2026-04-06,C0264,P036,ST001,6,2038.35,0.05,1308.06
S001163,2025-01-29,C0206,P080,ST020,8,10722.18,0.1,7154.82
S001164,2025-03-03,C0545,P078,ST014,2,3213.25,0.0,1948.16
S001165,2025-04-17,C0146,P016,ST009,7,9182.41,0.02,6754.56
S001166,2025-12-06,C0938,P004,ST012,4,11345.76,0.1,8062.0
S001167,2025-09-03,C0240,P022,ST021,8,7397.29,0.05,5050.21
S001168,2025-01-10,C0554,P012,ST007,2,8797.7,0.05,5785.38
S001169,2025-09-10,C0872,P078,ST015,1,2891.02,0.05,1948.16
S001170,2026-07-27,C0637,P039,ST016,5,2964.22,0.05,2144.94
S001171,2025-08-10,C0696,P045,ST016,6,5692.81,0.05,3792.77
S001172,2025-04-03,C0327,P064,ST017,3,8984.62,0.1,7055.83
S001173,2025-12-28,C0788,P051,ST022,7,16589.9,0.02,10925.82
S001174,2025-10-21,C0987,P006,ST011,1,10998.65,0.05,9423.57
S001175,2025-10-23,C0336,P055,ST006,8,11459.51,0.02,9400.32
S001176,2026-07-25,C0693,P033,ST007,7,13722.7,0.0,9814.74
S001177,2026-07-10,C0632,P041,ST015,8,2912.22,0.0,2039.67
S001178,2026-07-18,C0696,P025,ST014,5,1158.33,0.05,935.06
S001179,2025-05-11,C0522,P064,ST024,4,10622.1,0.0,7055.83
S001180,2025-08-07,C0561,P062,ST004,5,3346.98,0.0,2627.77
S001181,2025-05-29,C0323,P023,ST024,5,15248.56,0.02,10277.49
S001182,2026-08-08,C0128,P054,ST002,2,14424.95,0.05,11637.82
S001183,2025-10-06,C0401,P079,ST025,3,1885.23,0.0,1464.98
S001184,2025-01-19,C0987,P019,ST010,2,765.54,0.05,612.11
S001185,2026-11-09,C0559,P021,ST014,5,3321.5,0.0,2771.37
S001186,2026-05-05,C0075,P083,ST020,3,11589.41,0.02,7077.47
S001187,2026-10-11,C0639,P029,ST019,8,11097.06,0.02,6795.13
S001188,2026-06-10,C0995,P011,ST024,6,12352.48,0.0,8103.73
S001189,2026-12-14,C0111,P046,ST017,2,12267.21,0.02,7655.82
S001190,2026-11-30,C0950,P014,ST011,8,13351.75,0.0,9238.74
S001191,2025-04-19,C0768,P007,ST005,5,9244.71,0.0,5642.26
S001192,2025-03-20,C0720,P066,ST012,6,15117.7,0.0,10315.22
S001193,2026-11-11,C0865,P057,ST015,4,6874.24,0.05,5530.0
S001194,2026-02-21,C0067,P015,ST003,5,10545.46,0.0,7707.94
S001195,2025-01-13,C0476,P016,ST021,5,10755.17,0.02,6754.56
S001196,2026-11-13,C0344,P083,ST008,2,11381.73,0.05,7077.47
S001197,2026-09-17,C0800,P046,ST001,8,11000.46,0.02,7655.82
S001198,2025-03-04,C0077,P048,ST001,7,1639.74,0.02,1279.89
S001199,2025-01-01,C0454,P087,ST016,3,18520.59,0.02,11513.07
S001200,2025-12-27,C0870,P027,ST012,2,5563.43,0.0,3699.73
S001201,2025-05-01,C0881,P086,ST025,3,731.33,0.05,517.95
S001202,2025-11-19,C0276,P027,ST001,6,5546.93,0.02,3699.73
S001203,2026-01-10,C0961,P083,ST004,2,10365.56,0.0,7077.47
S001204,2025-03-25,C0189,P007,ST017,1,7513.7,0.05,5642.26
S001205,2025-05-05,C0438,P061,ST014,5,6839.04,0.0,5605.37
S001206,2026-05-08,C0614,P074,ST012,6,7335.64,0.0,5135.74
S001207,2026-05-07,C0303,P007,ST021,1,6828.3,0.05,5642.26
S001208,2026-04-07,C0430,P024,ST010,6,3526.87,0.05,2998.79
S001209,2026-03-17,C0141,P062,ST004,4,3118.62,0.05,2627.77
S001210,2025-03-29,C0081,P087,ST006,2,17987.65,0.05,11513.07
S001211,2025-09-05,C0012,P030,ST022,2,14538.16,0.0,9460.8
S001212,2026-01-21,C0717,P042,ST019,1,13546.68,0.05,8431.76
S001213,2026-11-22,C0215,P044,ST013,2,6253.63,0.05,4727.0
S001214,2025-05-13,C0505,P017,ST014,5,8509.64,0.05,6820.68
S001215,2026-12-18,C0839,P017,ST010,5,9572.14,0.02,6820.68
S001216,2026-11-20,C0973,P019,ST015,3,992.54,0.05,612.11
S001217,2026-10-04,C0358,P022,ST016,3,6913.19,0.0,5050.21
S001218,2025-02-07,C0071,P013,ST018,5,10421.6,0.0,6891.52
S001219,2026-06-25,C0389,P086,ST019,8,798.86,0.05,517.95
S001220,2026-06-27,C0237,P002,ST024,3,546.71,0.05,336.51
S001221,2026-12-18,C0728,P088,ST020,6,7756.35,0.05,5917.07
S001222,2025-06-18,C0029,P090,ST008,5,1899.53,0.05,1222.08
S001223,2026-08-02,C0838,P066,ST008,2,16477.4,0.0,10315.22
S001224,2025-04-17,C0878,P070,ST023,4,10397.35,0.02,7620.88
S001225,2025-06-23,C0060,P042,ST006,1,13073.26,0.0,8431.76
S001226,2026-09-13,C0700,P002,ST013,7,524.92,0.02,336.51
S001227,2025-12-01,C0701,P084,ST002,5,5755.32,0.05,4325.72
S001228,2025-10-16,C0281,P037,ST015,7,10380.64,0.05,8737.72
S001229,2025-07-14,C0959,P090,ST025,4,1937.46,0.0,1222.08
S001230,2026-11-06,C0953,P046,ST006,8,10849.72,0.02,7655.82
S001231,2026-02-10,C0142,P054,ST003,2,15734.31,0.02,11637.82
S001232,2026-05-27,C0545,P025,ST014,1,1523.15,0.0,935.06
S001233,2026-03-16,C0901,P001,ST004,4,4110.46,0.0,2598.92
S001234,2026-09-18,C0132,P006,ST001,4,11712.1,0.05,9423.57
S001235,2026-05-08,C0900,P050,ST002,3,15970.75,0.02,11552.3
S001236,2025-10-07,C0132,P029,ST002,2,8034.59,0.0,6795.13
S001237,2025-06-08,C0011,P026,ST025,5,4315.71,0.05,3556.26
S001238,2025-08-13,C0922,P063,ST015,7,5599.49,0.05,3844.99
S001239,2026-01-01,C0043,P078,ST011,4,2242.06,0.02,1948.16
S001240,2026-08-06,C0267,P058,ST006,1,5425.36,0.0,3448.84
S001241,2025-02-14,C0853,P089,ST019,1,12617.79,0.05,9447.14
S001242,2025-12-18,C0809,P006,ST023,2,12018.36,0.05,9423.57
S001243,2026-06-24,C0726,P027,ST024,2,6092.22,0.0,3699.73
S001244,2025-10-03,C0069,P058,ST001,5,4008.01,0.0,3448.84
S001245,2025-09-03,C0285,P060,ST016,3,14566.82,0.05,10855.58
S001246,2026-01-08,C0673,P068,ST025,7,13459.17,0.05,8703.69
S001247,2026-12-20,C0432,P076,ST023,5,9858.6,0.1,6054.39
S001248,2025-04-08,C0356,P073,ST010,1,1803.69,0.02,1242.22
S001249,2026-12-16,C0061,P048,ST019,7,1628.46,0.1,1279.89
S001250,2025-02-25,C0009,P002,ST013,6,436.11,0.02,336.51
S001251,2025-02-12,C0955,P023,ST014,8,15382.54,0.0,10277.49
S001252,2026-04-21,C0388,P051,ST022,6,16506.93,0.02,10925.82
S001253,2025-11-30,C0198,P010,ST020,4,2359.68,0.05,1595.73
S001254,2025-03-28,C0810,P037,ST008,2,12306.08,0.05,8737.72
S001255,2026-06-14,C0136,P047,ST006,1,5659.15,0.02,4501.3
S001256,2026-04-12,C0216,P061,ST010,8,7109.85,0.0,5605.37
S001257,2025-07-31,C0828,P005,ST001,5,12411.78,0.0,8535.69
S001258,2025-05-20,C0282,P085,ST004,1,9724.06,0.0,7193.26
S001259,2026-01-30,C0209,P062,ST016,1,3316.7,0.1,2627.77
S001260,2026-06-18,C0720,P019,ST013,1,838.83,0.05,612.11
S001261,2026-07-30,C0448,P035,ST008,6,608.74,0.1,516.87
S001262,2026-04-05,C0176,P018,ST009,1,4404.79,0.02,3821.41
S001263,2025-03-11,C0765,P074,ST023,8,7276.78,0.02,5135.74
S001264,2026-10-28,C0379,P043,ST005,1,8813.89,0.02,5492.34
S001265,2026-09-06,C0716,P047,ST012,3,5681.7,0.05,4501.3
S001266,2026-08-03,C0733,P003,ST024,7,10962.05,0.0,9496.36
S001267,2025-10-31,C0043,P077,ST012,5,5971.93,0.0,4125.87
S001268,2026-12-06,C0185,P090,ST023,6,1533.75,0.05,1222.08
S001269,2026-12-20,C0481,P036,ST021,4,1527.91,0.0,1308.06
S001270,2025-10-04,C0744,P055,ST011,3,11554.4,0.0,9400.32
S001271,2026-01-24,C0941,P060,ST003,2,15298.34,0.02,10855.58
S001272,2026-03-24,C0132,P053,ST003,5,3981.18,0.1,3373.97
S001273,2026-06-01,C0929,P039,ST002,5,3309.8,0.0,2144.94
S001274,2025-01-01,C0913,P074,ST003,1,8013.78,0.05,5135.74
S001275,2025-07-08,C0719,P019,ST007,3,957.46,0.1,612.11
S001276,2025-09-19,C0209,P026,ST014,3,4511.99,0.0,3556.26
S001277,2026-11-29,C0384,P032,ST017,3,7954.65,0.05,5025.05
S001278,2025-06-14,C0739,P070,ST015,1,12251.06,0.05,7620.88
S001279,2026-07-04,C0001,P001,ST013,6,3695.52,0.05,2598.92
S001280,2026-10-18,C0633,P087,ST014,7,17228.92,0.1,11513.07
S001281,2025-03-10,C0375,P019,ST006,5,857.38,0.05,612.11
S001282,2026-06-05,C0701,P003,ST001,5,14660.92,0.0,9496.36
S001283,2026-09-04,C0381,P010,ST022,5,2545.3,0.0,1595.73
S001284,2026-04-08,C0323,P042,ST025,3,12075.39,0.02,8431.76
S001285,2025-09-15,C0777,P081,ST003,4,3194.67,0.05,2254.47
S001286,2025-05-30,C0046,P009,ST018,1,3096.02,0.05,1892.61
S001287,2026-05-26,C0199,P072,ST001,4,9365.06,0.05,7885.7
S001288,2026-01-07,C0484,P007,ST011,2,8964.71,0.0,5642.26
S001289,2025-04-07,C0017,P025,ST008,6,1405.45,0.1,935.06
S001290,2026-07-15,C0228,P053,ST021,7,4846.78,0.0,3373.97
S001291,2025-05-26,C0748,P074,ST001,6,7528.33,0.02,5135.74
S001292,2025-06-25,C0003,P052,ST025,8,13191.61,0.02,8471.56
S001293,2025-08-13,C0609,P043,ST018,2,6685.08,0.02,5492.34
S001294,2026-06-28,C0314,P022,ST004,4,6945.23,0.0,5050.21
S001295,2025-03-24,C0640,P002,ST025,5,449.82,0.05,336.51
S001296,2025-01-08,C0193,P018,ST020,5,5775.63,0.0,3821.41
S001297,2026-10-03,C0584,P031,ST025,6,9709.99,0.05,8055.68
S001298,2026-04-14,C0849,P006,ST009,1,11430.15,0.0,9423.57
S001299,2026-05-18,C0334,P089,ST001,3,13734.2,0.1,9447.14
S001300,2026-03-13,C0836,P046,ST016,7,10103.78,0.0,7655.82
S001301,2025-10-17,C0518,P032,ST008,6,6130.57,0.02,5025.05
S001302,2025-09-27,C0459,P002,ST025,3,414.81,0.02,336.51
S001303,2025-09-18,C0009,P065,ST013,2,2911.99,0.0,2327.08
S001304,2026-06-04,C0292,P035,ST018,2,696.69,0.15,516.87
S001305,2025-07-24,C0576,P029,ST005,4,9544.38,0.0,6795.13
S001306,2026-06-14,C0142,P032,ST003,8,6038.01,0.05,5025.05
S001307,2026-02-09,C0487,P024,ST020,5,3703.35,0.0,2998.79
S001308,2026-06-14,C0293,P006,ST021,8,11848.12,0.0,9423.57
S001309,2025-05-05,C0180,P015,ST024,7,11370.97,0.05,7707.94
S001310,2026-10-04,C0746,P080,ST008,6,8623.44,0.15,7154.82
S001311,2026-01-27,C0368,P081,ST024,8,3181.95,0.02,2254.47
S001312,2026-03-31,C0012,P019,ST025,4,894.83,0.05,612.11
S001313,2025-03-19,C0699,P043,ST009,6,7492.39,0.1,5492.34
S001314,2026-04-10,C0690,P045,ST001,1,4405.83,0.05,3792.77
S001315,2026-08-17,C0826,P076,ST011,4,7004.41,0.02,6054.39
S001316,2025-05-07,C0722,P043,ST020,8,8742.85,0.02,5492.34
S001317,2026-11-26,C0466,P007,ST021,3,9096.16,0.02,5642.26
S001318,2026-02-22,C0940,P015,ST007,2,9271.24,0.02,7707.94
S001319,2026-02-12,C0445,P029,ST023,4,8389.26,0.05,6795.13
S001320,2026-08-08,C0560,P051,ST007,2,16487.54,0.05,10925.82
S001321,2025-10-03,C0992,P021,ST013,6,4513.53,0.05,2771.37
S001322,2025-04-07,C0826,P050,ST013,6,18076.31,0.0,11552.3
S001323,2025-05-04,C0678,P061,ST013,7,6866.46,0.05,5605.37
S001324,2025-03-17,C0845,P028,ST003,6,9376.97,0.15,8027.52
S001325,2026-12-01,C0383,P021,ST004,4,4255.48,0.1,2771.37
S001326,2026-12-13,C0815,P074,ST024,6,6636.8,0.0,5135.74
S001327,2025-05-06,C0491,P078,ST024,3,2603.98,0.0,1948.16
S001328,2025-09-20,C0303,P040,ST021,7,7090.11,0.02,6137.28
S001329,2026-04-19,C0125,P049,ST024,3,2137.66,0.0,1636.57
S001330,2025-11-25,C0225,P030,ST014,1,11479.26,0.0,9460.8
S001331,2025-06-18,C0340,P001,ST008,1,3149.66,0.02,2598.92
S001332,2026-11-25,C0887,P070,ST023,1,10606.76,0.05,7620.88
S001333,2025-08-23,C0281,P019,ST014,3,912.45,0.02,612.11
S001334,2026-06-21,C0039,P081,ST024,1,3523.05,,2254.47
S001335,2026-10-09,C0665,P047,ST004,2,5195.58,0.0,4501.3
S001336,2026-11-04,C0430,P066,ST011,6,14318.04,0.1,10315.22
S001337,2025-08-02,C0132,P031,ST002,4,10634.01,0.02,8055.68
S001338,2025-09-14,C0778,P038,ST002,3,8641.86,0.0,5677.06
S001339,2025-01-02,C0338,P034,ST015,5,2662.89,0.1,2211.93
S001340,2026-01-29,C0911,P042,ST021,7,13460.39,0.0,8431.76
S001341,2025-10-21,C0985,P029,ST013,7,8458.03,0.0,6795.13
S001342,2026-10-10,C0694,P037,ST019,1,13247.99,0.0,8737.72
S001343,2026-03-09,C0558,P079,ST017,3,1840.52,0.0,1464.98
S001344,2026-03-22,C0014,P068,ST010,1,12532.52,0.0,8703.69
S001345,2025-09-09,C0546,P020,ST007,1,6508.35,0.0,5381.43
S001346,2026-11-24,C0480,P071,ST005,1,11455.56,0.0,7113.15
S001347,2025-11-09,C1000,P057,ST018,1,8160.59,0.05,5530.0
S001348,2026-08-14,C0440,P046,ST006,4,11490.09,0.05,7655.82
S001349,2025-01-29,C0430,P019,ST013,8,813.65,0.0,612.11
S001350,2025-07-08,C0430,P078,ST013,1,2790.75,0.05,1948.16
S001351,2025-07-23,C0072,P063,ST015,5,4536.02,0.05,3844.99
S001352,2025-01-01,C0822,P024,ST011,6,4442.73,0.05,2998.79
S001353,2026-06-29,C0464,P066,ST019,7,12244.27,0.0,10315.22
S001354,2026-06-23,C0342,P042,ST003,5,12911.63,0.0,8431.76
S001355,2026-06-05,C0888,P071,ST007,6,11099.51,0.0,7113.15
S001356,2025-07-02,C0369,P064,ST013,4,9170.85,0.0,7055.83
S001357,2025-06-30,C0751,P031,ST006,2,12428.12,0.0,8055.68
S001358,2025-08-17,C0401,P073,ST022,1,2006.59,0.05,1242.22
S001359,2025-03-25,C0772,P082,ST025,8,16633.44,0.0,11120.16
S001360,2025-08-19,C0863,P023,ST003,4,13750.7,0.1,10277.49
S001361,2026-02-23,C0098,P087,ST021,1,14640.82,0.0,11513.07
S001362,2025-02-18,C0427,P010,ST020,4,2067.65,0.05,1595.73
S001363,2026-03-05,C0719,P063,ST006,2,5582.35,0.02,3844.99
S001364,2026-09-14,C0182,P028,ST011,2,12218.59,0.02,8027.52
S001365,2025-11-10,C0812,P089,ST002,6,14851.77,0.02,9447.14
S001366,2026-05-06,C0963,P055,ST018,2,11680.54,0.1,9400.32
S001367,2025-05-19,C0280,P045,ST023,5,4940.49,0.05,3792.77
S001368,2025-04-02,C0857,P078,ST014,3,2300.03,0.05,1948.16
S001369,2025-12-07,C0877,P039,ST019,3,3525.61,0.0,2144.94
S001370,2026-03-02,C0565,P037,ST006,5,12447.35,0.1,8737.72
S001371,2025-11-17,C0168,P046,ST016,4,11496.01,0.0,7655.82
S001372,2025-03-31,C0033,P040,ST002,4,8814.5,0.15,6137.28
S001373,2025-07-02,C0075,P077,ST018,3,5794.61,0.15,4125.87
S001374,2025-09-10,C0408,P082,ST005,7,15712.73,0.0,11120.16
S001375,2026-08-15,C0338,P020,ST015,5,6823.37,0.0,5381.43
S001376,2025-01-03,C0397,P017,ST012,8,9166.49,0.05,6820.68
S001377,2026-05-24,C0566,P001,ST014,4,4198.92,0.05,2598.92
S001378,2025-05-18,C0922,P004,ST017,3,12159.76,0.05,8062.0
S001379,2025-12-11,C0776,P002,ST025,8,452.87,0.05,336.51
S001380,2026-11-27,C0550,P003,ST012,5,12627.2,0.05,9496.36
S001381,2025-11-24,C0390,P045,ST007,3,5769.79,0.02,3792.77
S001382,2026-02-13,C0650,P069,ST014,4,7882.28,0.05,5327.09
S001383,2026-10-17,C0457,P075,ST018,5,921.23,0.05,738.97
S001384,2026-01-30,C0107,P069,ST014,2,8236.1,0.02,5327.09
S001385,2025-01-19,C0032,P089,ST013,6,10956.57,0.0,9447.14
S001386,2025-06-21,C0235,P027,ST002,6,5689.86,0.05,3699.73
S001387,2025-09-28,C0930,P047,ST007,5,6710.99,0.05,4501.3
S001388,2025-01-11,C0028,P082,ST021,7,17032.9,0.0,11120.16
S001389,2025-03-20,C0865,P055,ST016,6,11718.72,0.05,9400.32
S001390,2025-04-15,C0943,P054,ST022,5,16687.55,0.05,11637.82
S001391,2026-03-09,C0184,P005,ST012,4,13658.18,0.05,8535.69
S001392,2025-10-17,C0922,P085,ST015,2,10091.99,0.05,7193.26
S001393,2025-01-12,C0146,P019,ST006,1,909.55,0.05,612.11
S001394,2026-07-25,C0260,P068,ST012,5,10109.64,0.0,8703.69
S001395,2026-05-13,C0347,P028,ST013,5,11124.07,0.0,8027.52
S001396,2026-12-06,C0022,P031,ST024,6,9954.83,0.0,8055.68
S001397,2025-02-06,C0582,P024,ST011,8,4176.85,0.0,2998.79
S001398,2026-03-27,C0740,P038,ST016,4,8262.49,0.0,5677.06
S001399,2026-08-24,C0579,P026,ST016,2,4619.08,0.15,3556.26
S001400,2025-12-27,C0234,P022,ST006,8,8125.7,0.02,5050.21
S001401,2025-02-10,C0551,P035,ST008,1,754.32,0.02,516.87
S001402,2026-12-24,C0045,P063,ST018,7,4582.85,0.0,3844.99
S001403,2026-11-02,C0540,P043,ST007,6,8485.88,0.0,5492.34
S001404,2026-10-16,C0370,P051,ST003,7,15444.15,0.0,10925.82
S001405,2026-10-30,C0811,P057,ST010,8,8189.41,0.0,5530.0
S001406,2026-12-12,C0674,P068,ST014,3,13761.23,0.02,8703.69
S001407,2026-11-21,C0302,P043,ST005,6,6963.8,0.05,5492.34
S001408,2025-07-06,C0758,P061,ST001,7,7560.72,0.0,5605.37
S001409,2025-12-25,C0442,P040,ST013,6,9807.82,0.15,6137.28
S001410,2025-05-24,C0060,P036,ST007,7,1926.59,0.0,1308.06
S001411,2026-10-04,C0168,P012,ST016,3,9527.04,0.05,5785.38
S001412,2025-02-20,C0262,P063,ST025,4,6248.28,0.02,3844.99
S001413,2026-08-16,C0797,P079,ST023,3,2194.55,0.05,1464.98
S001414,2025-09-09,C0739,P017,ST015,3,8021.93,0.0,6820.68
S001415,2026-07-29,C0857,P070,ST016,5,10988.1,0.0,7620.88
S001416,2026-07-06,C0026,P049,ST009,7,2331.6,0.05,1636.57
S001417,2025-06-10,C0090,P037,ST005,4,10798.07,0.0,8737.72
S001418,2026-11-02,C0652,P023,ST009,5,16711.36,0.1,10277.49
S001419,2026-04-02,C0187,P002,ST019,6,537.76,0.02,336.51
S001420,2025-12-17,C0966,P081,ST019,6,2716.02,0.02,2254.47
S001421,2025-04-08,C0948,P006,ST018,7,14215.84,0.0,9423.57
S001422,2025-09-09,C0368,P016,ST025,6,10386.96,0.02,6754.56
S001423,2025-10-22,C0522,P084,ST024,2,5321.23,0.05,4325.72
S001424,2025-12-12,C0253,P074,ST017,7,7413.81,0.02,5135.74
S001425,2025-04-20,C0519,P048,ST014,6,1609.05,0.1,1279.89
S001426,2026-11-07,C0035,P015,ST003,7,12408.5,0.02,7707.94
S001427,2026-02-10,C0912,P073,ST002,2,1637.41,0.02,1242.22
S001428,2026-09-08,C0804,P065,ST006,2,3407.98,0.02,2327.08
S001429,2026-09-05,C0712,P075,ST005,8,1195.07,0.05,738.97
S001430,2025-08-26,C0508,P057,ST013,4,7467.36,0.05,5530.0
S001431,2026-02-10,C0353,P070,ST017,4,9760.2,0.0,7620.88
S001432,2025-11-04,C0779,P079,ST006,4,2057.73,0.02,1464.98
S001433,2025-05-07,C0256,P062,ST011,2,4299.1,0.0,2627.77
S001434,2026-03-21,C0574,P055,ST024,1,14607.71,0.05,9400.32
S001435,2026-12-22,C0406,P073,ST011,1,1570.03,0.02,1242.22
S001436,2025-11-29,C0066,P023,ST002,8,15575.32,0.05,10277.49
S001437,2025-08-30,C0387,P072,ST022,7,9536.32,0.02,7885.7
S001438,2025-11-12,C0943,P071,ST024,8,10911.11,0.0,7113.15
S001439,2026-08-19,C0154,P080,ST005,1,10317.74,0.02,7154.82
S001440,2025-04-14,C0341,P017,ST006,6,11116.24,0.05,6820.68
S001441,2026-10-27,C0744,P040,ST013,5,8831.87,0.02,6137.28
S001442,2026-10-25,C0672,P063,ST005,2,4544.27,0.1,3844.99
S001443,2026-03-27,C0577,P015,ST016,8,12679.31,,7707.94
S001444,2025-08-06,C0631,P040,ST002,1,10031.36,0.1,6137.28
S001445,2026-09-08,C0891,P028,ST014,6,12576.61,0.05,8027.52
S001446,2026-05-25,C0955,P051,ST015,6,14319.52,0.02,10925.82
S001447,2026-01-09,C0303,P024,ST021,1,4535.42,0.02,2998.79
S001448,2025-06-18,C0810,P048,ST006,2,1686.7,0.0,1279.89
S001449,2026-09-24,C0135,P069,ST018,6,7399.41,0.0,5327.09
S001450,2025-11-29,C0704,P050,ST009,8,17778.54,0.0,11552.3
S001451,2026-11-26,C0505,P027,ST016,8,4587.34,0.0,3699.73
S001452,2025-01-23,C0203,P061,ST020,7,7266.89,0.05,5605.37
S001453,2025-11-24,C0185,P052,ST024,1,12919.67,0.0,8471.56
S001454,2025-12-21,C0433,P061,ST013,4,8775.35,0.05,5605.37
S001455,2026-10-09,C0964,P063,ST022,5,6013.33,0.1,3844.99
S001456,2026-01-23,C0481,P027,ST018,8,5872.98,0.02,3699.73
S001457,2025-01-26,C0690,P021,ST002,1,3341.1,0.02,2771.37
S001458,2026-07-21,C0616,P036,ST001,8,2058.31,0.05,1308.06
S001459,2026-07-26,C0318,P013,ST011,3,8549.93,0.05,6891.52
S001460,2026-05-04,C0973,P069,ST015,5,7845.62,0.05,5327.09
S001461,2025-05-23,C0877,P040,ST021,4,7597.87,0.05,6137.28
S001462,2025-12-30,C0290,P011,ST018,5,12425.28,0.0,8103.73
S001463,2025-10-10,C0004,P016,ST015,4,7884.98,0.0,6754.56
S001464,2025-07-23,C0997,P060,ST012,8,16391.1,0.05,10855.58
S001465,2025-08-26,C0117,P081,ST020,4,2632.41,0.05,2254.47
S001466,2026-01-15,C0990,P049,ST025,3,2261.3,0.02,1636.57
S001467,2026-09-26,C0008,P065,ST010,6,3771.13,0.05,2327.08
S001468,2025-10-04,C0057,P047,ST015,7,6915.93,0.02,4501.3
S001469,2025-03-22,C0356,P076,ST013,7,7445.27,0.0,6054.39
S001470,2025-11-07,C0267,P090,ST007,6,1514.69,0.05,1222.08
S001471,2026-01-11,C0556,P076,ST012,6,9777.25,0.1,6054.39
S001472,2025-12-21,C0211,P088,ST016,6,7439.61,0.05,5917.07
S001473,2025-02-02,C0145,P027,ST016,5,5049.35,0.05,3699.73
S001474,2025-07-01,C0781,P021,ST004,1,3605.95,0.02,2771.37
S001475,2026-09-27,C0682,P014,ST015,1,14715.45,0.02,9238.74
S001476,2025-09-02,C0784,P019,ST010,4,846.24,0.05,612.11
S001477,2026-03-13,C0968,P023,ST007,8,16284.64,0.05,10277.49
S001478,2026-12-24,C0128,P007,ST002,1,6983.46,0.1,5642.26
S001479,2025-07-23,C0963,P048,ST021,8,1565.68,0.05,1279.89
S001480,2026-12-09,C0198,P018,ST020,3,6190.94,0.1,3821.41
S001481,2025-02-10,C0787,P023,ST003,1,12134.39,0.05,10277.49
S001482,2026-03-10,C0558,P003,ST014,3,12312.61,0.0,9496.36
S001483,2026-04-07,C0685,P035,ST024,4,672.34,0.05,516.87
S001484,2026-03-04,C0134,P057,ST017,1,8417.44,0.05,5530.0
S001485,2025-03-29,C0707,P032,ST007,8,6040.94,0.0,5025.05
S001486,2026-11-30,C0384,P068,ST015,3,12833.63,0.05,8703.69
S001487,2025-08-16,C0922,P056,ST014,8,13272.07,0.0,8673.46
S001488,2025-11-13,C0297,P018,ST004,6,5024.48,0.0,3821.41
S001489,2026-11-22,C0127,P065,ST009,7,3519.28,0.05,2327.08
S001490,2025-03-31,C0620,P012,ST011,2,8982.66,0.0,5785.38
S001491,2026-03-20,C0706,P064,ST023,4,10934.02,0.02,7055.83
S001492,2025-02-09,C0478,P022,ST006,4,7339.55,0.05,5050.21
S001493,2026-01-13,C0237,P025,ST023,2,1396.2,0.05,935.06
S001494,2026-04-06,C0504,P049,ST004,4,2505.9,0.0,1636.57
S001495,2025-08-29,C0429,P050,ST006,6,13477.1,0.0,11552.3
S001496,2025-07-15,C0699,P070,ST006,8,10496.57,0.0,7620.88
S001497,2026-04-06,C0497,P024,ST021,5,4293.16,0.0,2998.79
S001498,2026-12-28,C0490,P018,ST020,3,5883.96,0.0,3821.41
S001499,2025-06-23,C0883,P070,ST022,6,12174.33,0.0,7620.88
S001500,2026-09-21,C0531,P069,ST002,7,7131.34,0.0,5327.09
S001501,2026-06-12,C0029,P022,ST008,6,6979.0,0.05,5050.21
S001502,2026-09-28,C0966,P032,ST020,3,7691.34,0.0,5025.05
S001503,2026-11-23,C0914,P015,ST003,5,10417.23,0.02,7707.94
S001504,2025-08-17,C0250,P020,ST025,1,8011.67,0.0,5381.43
S001505,2026-08-01,C0948,P084,ST021,3,6263.56,0.05,4325.72
S001506,2026-06-03,C0676,P083,ST024,8,11551.51,0.02,7077.47
S001507,2026-03-15,C0740,P073,ST016,1,1755.89,0.05,1242.22
S001508,2025-01-01,C0709,P043,ST004,3,7128.08,0.0,5492.34
S001509,2025-10-06,C0579,P083,ST014,3,9412.91,0.0,7077.47
S001510,2026-10-17,C0742,P056,ST017,6,12166.0,0.02,8673.46
S001511,2026-10-19,C0977,P071,ST004,6,9520.53,0.1,7113.15
S001512,2026-03-27,C0655,P024,ST003,8,4159.94,0.02,2998.79
S001513,2025-11-07,C0280,P087,ST024,6,17954.04,0.02,11513.07
S001514,2026-12-03,C0226,P004,ST007,4,13053.58,0.02,8062.0
S001515,2026-01-15,C0016,P084,ST019,7,7024.26,0.05,4325.72
S001516,2026-12-10,C0503,P033,ST005,8,12357.64,0.0,9814.74
S001517,2026-10-23,C0301,P063,ST025,7,4675.6,0.02,3844.99
S001518,2026-01-27,C0932,P075,ST015,5,999.32,0.05,738.97
S001519,2025-07-04,C0782,P083,ST023,8,10290.86,0.0,7077.47
S001520,2025-10-20,C0466,P085,ST018,2,10183.76,0.05,7193.26
S001521,2025-02-20,C0888,P025,ST009,3,1140.56,0.05,935.06
S001522,2025-04-21,C0237,P030,ST023,1,15604.98,0.0,9460.8
S001523,2025-10-19,C0548,P055,ST023,7,13446.78,0.0,9400.32
S001524,2026-06-07,C0856,P004,ST011,7,10680.88,0.05,8062.0
S001525,2025-01-01,C0196,P082,ST014,2,13016.12,0.1,11120.16
S001526,2026-08-10,C0953,P072,ST006,6,9541.36,0.05,7885.7
S001527,2026-03-05,C0740,P031,ST017,1,11542.04,0.1,8055.68
S001528,2026-10-08,C0661,P071,ST020,3,11647.85,0.05,7113.15
S001529,2026-05-13,C0986,P037,ST013,2,13046.35,0.02,8737.72
S001530,2025-04-10,C0949,P062,ST011,8,4030.53,0.0,2627.77
S001531,2026-04-23,C0501,P002,ST018,8,470.04,0.1,336.51
S001532,2026-08-27,C0390,P039,ST006,3,3533.85,0.02,2144.94
S001533,2025-04-06,C0262,P082,ST022,4,15321.99,0.05,11120.16
S001534,2026-01-14,C0856,P043,ST011,8,7217.82,0.05,5492.34
S001535,2025-02-23,C0898,P055,ST008,5,14977.0,0.02,9400.32
S001536,2026-08-11,C0348,P064,ST004,3,8584.89,0.02,7055.83
S001537,2025-06-17,C0388,P038,ST022,4,8626.67,0.0,5677.06
S001538,2025-08-20,C0252,P060,ST003,8,12926.77,0.02,10855.58
S001539,2025-07-13,C0160,P021,ST015,5,3494.48,0.0,2771.37
S001540,2025-07-25,C0895,P081,ST009,4,3063.63,0.02,2254.47
S001541,2026-07-06,C0414,P011,ST025,1,10644.9,0.1,8103.73
S001542,2026-09-29,C0347,P078,ST011,1,2746.95,0.0,1948.16
S001543,2026-05-11,C0203,P060,ST019,8,13534.14,0.05,10855.58
S001544,2026-05-17,C0297,P080,ST003,8,10845.88,0.05,7154.82
S001545,2026-01-08,C0459,P054,ST022,6,14764.41,0.05,11637.82
S001546,2026-02-08,C0388,P044,ST025,1,7364.81,0.0,4727.0
S001547,2026-05-24,C0472,P015,ST017,8,12175.04,0.0,7707.94
S001548,2025-11-12,C0689,P081,ST023,5,3570.55,0.0,2254.47
S001549,2025-04-27,C0231,P041,ST020,7,2714.58,0.02,2039.67
S001550,2025-11-09,C0501,P061,ST019,1,7637.5,0.05,5605.37
S001551,2025-04-09,C0430,P015,ST013,8,10571.29,0.05,7707.94
S001552,2025-09-23,C0891,P008,ST016,5,10317.15,0.0,6932.71
S001553,2025-04-26,C0492,P029,ST024,2,8571.52,0.0,6795.13
S001554,2025-09-16,C0802,P085,ST025,2,9288.97,0.0,7193.26
S001555,2025-06-21,C0368,P071,ST025,2,11244.91,0.1,7113.15
S001556,2026-11-10,C0471,P006,ST010,2,12377.3,0.0,9423.57
S001557,2025-09-15,C0076,P003,ST018,6,14163.28,0.0,9496.36
S001558,2025-04-14,C0049,P021,ST019,1,4144.13,0.0,2771.37
S001559,2025-09-08,C0316,P021,ST004,6,3464.7,0.0,2771.37
S001560,2026-07-03,C0926,P020,ST022,8,6685.94,0.0,5381.43
S001561,2026-07-12,C0154,P065,ST005,3,3759.92,0.05,2327.08
S001562,2025-07-02,C0603,P075,ST022,1,1176.32,0.05,738.97
S001563,2025-11-03,C0660,P007,ST020,3,8758.45,0.1,5642.26
S001564,2026-06-02,C0584,P031,ST023,5,10977.46,0.05,8055.68
S001565,2025-06-02,C0855,P054,ST024,2,13485.75,0.05,11637.82
S001566,2025-06-15,C0868,P048,ST006,1,1726.3,0.1,1279.89
S001567,2025-09-21,C0547,P020,ST013,5,7286.83,0.0,5381.43
S001568,2025-09-16,C0660,P028,ST020,5,11831.45,0.05,8027.52
S001569,2025-02-10,C0252,P016,ST001,4,8098.55,0.05,6754.56
S001570,2025-05-01,C0137,P077,ST006,6,5112.76,0.0,4125.87
S001571,2025-11-06,C0010,P046,ST005,8,11912.17,0.0,7655.82
S001572,2026-04-17,C0607,P074,ST007,7,6708.32,0.0,5135.74
S001573,2025-08-18,C0929,P009,ST004,3,2532.98,0.02,1892.61
S001574,2026-10-10,C0750,P048,ST021,3,1887.26,0.0,1279.89
S001575,2026-07-16,C0149,P009,ST013,3,2454.09,0.05,1892.61
S001576,2025-07-01,C0662,P041,ST006,6,2408.6,0.15,2039.67
S001577,2026-02-10,C0976,P075,ST002,5,1068.46,0.02,738.97
S001578,2026-06-25,C0753,P066,ST001,6,12570.02,0.05,10315.22
S001579,2026-09-17,C0595,P046,ST002,3,11949.54,0.02,7655.82
S001580,2026-04-16,C0248,P077,ST024,4,5260.91,0.02,4125.87
S001581,2026-02-24,C0070,P071,ST012,3,8891.38,0.02,7113.15
S001582,2025-06-25,C0049,P070,ST020,2,10111.78,0.02,7620.88
S001583,2025-02-09,C0719,P051,ST007,6,15535.03,0.0,10925.82
S001584,2026-10-04,C0068,P033,ST019,2,14041.05,0.05,9814.74
S001585,2025-06-13,C0395,P017,ST002,3,8934.32,0.1,6820.68
S001586,2025-08-21,C0195,P032,ST002,1,6665.77,0.0,5025.05
S001587,2026-01-16,C0222,P037,ST004,7,10449.12,0.05,8737.72
S001588,2025-08-12,C0489,P062,ST012,1,4155.48,0.0,2627.77
S001589,2025-09-14,C0802,P084,ST025,8,5468.94,0.05,4325.72
S001590,2025-11-13,C0382,P077,ST007,2,5882.68,0.02,4125.87
S001591,2026-01-16,C0991,P066,ST022,6,15651.81,0.05,10315.22
S001592,2026-10-02,C0525,P041,ST006,8,3323.81,0.05,2039.67
S001593,2025-05-04,C0243,P052,ST020,4,13450.46,0.0,8471.56
S001594,2025-07-09,C0212,P088,ST005,4,8538.8,0.05,5917.07
S001595,2025-11-21,C0858,P010,ST005,8,2113.31,0.0,1595.73
S001596,2025-06-12,C0680,P074,ST005,2,6808.46,0.0,5135.74
S001597,2026-10-13,C0489,P078,ST013,6,2572.28,0.05,1948.16
S001598,2025-04-20,C0014,P037,ST013,7,14250.46,0.05,8737.72
S001599,2026-11-08,C0663,P038,ST024,8,6830.21,0.0,5677.06
S001600,2025-10-30,C0235,P048,ST003,4,1796.76,0.0,1279.89
S001601,2025-12-13,C0285,P017,ST016,1,8511.22,0.05,6820.68
S001602,2025-08-27,C0501,P006,ST021,6,11106.85,0.02,9423.57
S001603,2025-08-16,C0086,P005,ST025,5,9988.46,0.0,8535.69
S001604,2025-11-02,C0456,P067,ST002,2,12913.56,0.1,9162.6
S001605,2025-08-29,C0791,P010,ST006,7,2202.32,0.1,1595.73
S001606,2026-08-26,C0295,P043,ST004,6,8851.77,0.0,5492.34
S001607,2025-05-19,C0469,P057,ST021,5,6831.47,0.02,5530.0
S001608,2026-08-17,C0117,P025,ST021,8,1104.63,0.0,935.06
S001609,2025-03-29,C0122,P028,ST023,2,10385.51,0.05,8027.52
S001610,2026-03-12,C0184,P042,ST013,4,11945.66,0.0,8431.76
S001611,2026-07-26,C0359,P013,ST007,6,8505.11,0.0,6891.52
S001612,2026-05-31,C0313,P038,ST020,4,8522.88,0.02,5677.06
S001613,2026-08-22,C0522,P062,ST022,8,3963.14,0.0,2627.77
S001614,2026-09-05,C0992,P087,ST010,7,16536.92,0.0,11513.07
S001615,2025-08-07,C0929,P056,ST005,8,12905.5,0.02,8673.46
S001616,2025-10-31,C0529,P007,ST008,2,6926.44,0.0,5642.26
S001617,2025-02-10,C0193,P050,ST021,1,17614.29,0.05,11552.3
S001618,2026-11-23,C0458,P070,ST016,7,12353.69,0.05,7620.88
S001619,2026-11-10,C0561,P059,ST003,8,1643.36,0.05,1382.59
S001620,2025-03-29,C0847,P084,ST008,2,5134.95,0.1,4325.72
S001621,2026-03-16,C0147,P004,ST004,4,12688.44,0.02,8062.0
S001622,2026-06-11,C0505,P044,ST017,3,5999.66,0.05,4727.0
S001623,2026-10-07,C0323,P029,ST022,1,8724.24,0.0,6795.13
S001624,2025-07-19,C0318,P045,ST011,1,5856.81,0.0,3792.77
S001625,2025-11-10,C0469,P049,ST018,3,2667.92,0.02,1636.57
S001626,2026-09-04,C0108,P057,ST009,6,6418.4,0.0,5530.0
S001627,2026-03-02,C0064,P081,ST002,6,3148.08,0.02,2254.47
S001628,2025-01-04,C0677,P056,ST022,3,13763.46,0.05,8673.46
S001629,2026-10-05,C0818,P033,ST011,2,15002.13,0.02,9814.74
S001630,2026-08-19,C0319,P073,ST018,1,1479.3,0.0,1242.22
S001631,2025-10-05,C0753,P014,ST001,8,14311.54,0.05,9238.74
S001632,2026-09-18,C0579,P043,ST014,5,6656.53,0.05,5492.34
S001633,2026-05-30,C0770,P047,ST008,1,7135.95,0.0,4501.3
S001634,2026-11-28,C0730,P081,ST001,1,2622.79,0.0,2254.47
S001635,2026-12-14,C0396,P063,ST005,7,4452.39,0.15,3844.99
S001636,2025-09-23,C0540,P041,ST007,4,2874.76,0.02,2039.67
S001637,2026-12-30,C0822,P056,ST012,7,11282.93,0.02,8673.46
S001638,2026-10-09,C0001,P081,ST013,7,2937.47,0.0,2254.47
S001639,2025-08-12,C0935,P053,ST025,2,4328.0,0.02,3373.97
S001640,2025-03-31,C0997,P054,ST013,4,14722.62,0.05,11637.82
S001641,2025-03-11,C0669,P005,ST011,8,9883.0,0.1,8535.69
S001642,2026-09-21,C0778,P076,ST001,1,9153.06,0.05,6054.39
S001643,2026-01-19,C0472,P052,ST016,7,9994.31,0.05,8471.56
S001644,2025-02-06,C0100,P024,ST002,2,4196.56,0.0,2998.79
S001645,2026-04-20,C0639,P073,ST020,8,1459.34,0.02,1242.22
S001646,2026-09-07,C0853,P058,ST018,3,5166.05,0.05,3448.84
S001647,2026-04-18,C0417,P025,ST009,3,1137.79,0.1,935.06
S001648,2026-04-22,C0582,P082,ST011,1,16699.85,0.02,11120.16
S001649,2026-05-31,C0341,P087,ST006,3,16653.62,0.05,11513.07
S001650,2026-06-10,C0526,P011,ST021,4,10086.9,0.0,8103.73
S001651,2026-05-21,C0767,P042,ST011,6,11560.3,0.05,8431.76
S001652,2026-06-20,C0847,P018,ST006,8,5010.87,0.1,3821.41
S001653,2026-01-18,C0850,P007,ST021,6,7106.55,0.05,5642.26
S001654,2025-09-01,C0532,P024,ST014,4,4593.49,0.0,2998.79
S001655,2026-09-28,C0949,P078,ST010,2,2996.62,0.0,1948.16
S001656,2026-12-11,C0106,P073,ST025,2,1691.13,0.0,1242.22
S001657,2025-08-22,C0782,P061,ST023,6,7213.58,0.02,5605.37
S001658,2025-11-01,C0511,P068,ST009,6,10398.04,0.05,8703.69
S001659,2026-12-18,C0901,P024,ST004,8,3733.81,0.0,2998.79
S001660,2026-12-27,C0646,P007,ST009,4,6747.68,0.0,5642.26
S001661,2026-04-26,C0277,P048,ST002,2,1969.46,0.1,1279.89
S001662,2025-06-18,C0149,P082,ST012,3,13603.15,0.0,11120.16
S001663,2026-03-09,C0895,P071,ST006,5,9942.64,0.05,7113.15
S001664,2025-09-10,C0803,P018,ST001,3,4794.38,0.15,3821.41
S001665,2025-04-24,C0386,P061,ST009,5,7886.84,0.0,5605.37
S001666,2026-05-10,C0158,P003,ST020,4,13346.8,0.05,9496.36
S001667,2025-10-06,C0205,P083,ST018,3,10714.76,0.0,7077.47
S001668,2026-12-10,C0398,P018,ST003,5,5522.31,0.0,3821.41
S001669,2025-09-25,C0352,P032,ST015,3,7874.27,0.02,5025.05
S001670,2025-09-05,C0502,P086,ST019,5,741.44,0.0,517.95
S001671,2025-05-28,C0885,P031,ST015,5,9850.88,0.15,8055.68
S001672,2026-04-24,C0782,P003,ST023,4,12351.69,0.02,9496.36
S001673,2025-05-03,C0735,P059,ST019,7,2204.54,0.02,1382.59
S001674,2026-05-28,C0637,P043,ST015,4,8068.52,0.02,5492.34
S001675,2025-10-26,C0477,P001,ST020,5,3373.97,0.1,2598.92
S001676,2025-06-07,C0529,P075,ST007,3,999.2,0.02,738.97
S001677,2025-01-11,C0878,P087,ST022,1,18085.06,0.0,11513.07
S001678,2026-09-09,C0260,P028,ST010,5,11865.23,0.0,8027.52
S001679,2025-02-02,C0193,P018,ST019,5,4980.82,0.05,3821.41
S001680,2025-07-11,C0756,P081,ST025,5,3516.69,0.05,2254.47
S001681,2026-12-30,C0620,P071,ST010,7,9969.89,0.0,7113.15
S001682,2025-05-31,C0434,P010,ST019,5,1898.85,0.02,1595.73
S001683,2026-07-24,C0111,P056,ST017,8,10387.94,0.02,8673.46
S001684,2025-02-09,C0852,P077,ST019,7,5383.46,0.05,4125.87
S001685,2025-05-03,C0472,P089,ST015,1,13452.16,0.05,9447.14
S001686,2025-03-11,C0344,P038,ST007,1,6676.52,0.02,5677.06
S001687,2026-12-31,C0477,P064,ST018,1,11141.06,0.02,7055.83
S001688,2025-05-13,C0940,P051,ST008,1,17134.17,0.1,10925.82
S001689,2025-01-06,C0102,P073,ST021,8,1871.62,0.05,1242.22
S001690,2025-09-21,C0444,P075,ST009,8,957.13,0.02,738.97
S001691,2025-05-26,C0991,P027,ST023,2,4828.15,0.05,3699.73
S001692,2025-04-22,C0832,P003,ST001,1,13872.82,0.05,9496.36
S001693,2025-11-01,C0724,P061,ST017,3,7417.39,0.0,5605.37
S001694,2026-12-02,C0591,P066,ST006,4,14305.94,0.0,10315.22
S001695,2026-10-22,C0143,P085,ST004,5,10394.78,0.05,7193.26
S001696,2025-02-19,C0018,P056,ST017,2,11609.74,0.02,8673.46
S001697,2025-11-20,C0886,P059,ST009,4,1607.59,0.0,1382.59
S001698,2025-06-15,C0319,P065,ST018,3,3779.88,0.0,2327.08
S001699,2025-01-24,C0939,P053,ST014,1,4957.6,0.0,3373.97
S001700,2026-05-26,C0628,P058,ST001,3,5298.92,0.0,3448.84
S001701,2025-11-27,C1000,P057,ST018,8,6846.0,0.05,5530.0
S001702,2026-04-22,C0765,P031,ST025,4,10634.97,0.0,8055.68
S001703,2025-12-18,C0518,P069,ST008,8,7997.86,0.05,5327.09
S001704,2025-10-26,C0644,P029,ST014,6,9889.66,0.02,6795.13
S001705,2026-06-03,C0777,P076,ST005,5,8374.69,0.1,6054.39
S001706,2026-12-05,C0999,P001,ST003,4,3930.03,0.05,2598.92
S001707,2025-06-06,C0898,P005,ST006,8,13175.71,0.0,8535.69
S001708,2025-11-27,C0791,P036,ST007,6,1959.17,0.0,1308.06
S001709,2026-10-06,C0700,P017,ST012,8,8150.2,0.0,6820.68
S001710,2025-06-30,C0207,P080,ST024,5,9806.44,0.0,7154.82
S001711,2026-03-18,C0887,P048,ST022,8,1878.22,0.0,1279.89
S001712,2026-11-05,C0903,P025,ST016,7,1372.33,0.02,935.06
S001713,2025-10-26,C0538,P044,ST012,7,6648.86,0.0,4727.0
S001714,2026-07-16,C0032,P077,ST010,2,5263.46,0.02,4125.87
S001715,2026-06-10,C0185,P022,ST023,4,6370.88,0.02,5050.21
S001716,2025-08-22,C0608,P072,ST010,5,12821.58,0.15,7885.7
S001717,2025-01-13,C0908,P073,ST021,6,1788.66,0.02,1242.22
S001718,2025-09-25,C0790,P076,ST019,2,7618.46,0.0,6054.39
S001719,2025-06-13,C0505,P062,ST016,4,3693.05,0.02,2627.77
S001720,2025-01-03,C0802,P017,ST023,1,8009.41,0.05,6820.68
S001721,2025-12-04,C0783,P075,ST015,4,1200.59,0.0,738.97
S001722,2026-03-09,C0404,P069,ST023,8,6412.55,0.05,5327.09
S001723,2025-04-01,C0255,P044,ST001,2,6851.46,0.05,4727.0
S001724,2025-04-22,C0034,P062,ST025,2,3472.09,0.0,2627.77
S001725,2026-10-16,C0829,P086,ST010,5,705.26,0.02,517.95
S001726,2025-03-15,C0331,P090,ST008,3,1842.13,0.05,1222.08
S001727,2026-10-16,C0040,P037,ST021,1,13952.34,0.1,8737.72
S001728,2026-03-19,C0906,P018,ST009,3,6277.47,0.05,3821.41
S001729,2026-02-08,C0615,P061,ST020,7,7683.74,0.05,5605.37
S001730,2026-12-19,C0718,P086,ST025,6,790.25,0.0,517.95
S001731,2026-12-26,C0793,P036,ST009,4,1972.72,0.05,1308.06
S001732,2026-07-01,C0821,P026,ST011,5,4338.55,0.05,3556.26
S001733,2026-09-03,C0401,P058,ST023,2,5688.95,0.02,3448.84
S001734,2026-10-16,C0717,P020,ST019,5,7412.84,0.0,5381.43
S001735,2025-10-28,C0341,P017,ST007,4,8328.23,0.02,6820.68
S001736,2026-04-06,C0460,P046,ST015,4,12076.79,0.02,7655.82
S001737,2025-09-06,C0428,P090,ST003,3,1808.7,0.05,1222.08
S001738,2026-09-09,C0121,P018,ST003,7,4791.57,0.02,3821.41
S001739,2025-10-19,C0024,P068,ST005,7,11111.17,0.0,8703.69
S001740,2025-06-29,C0736,P082,ST024,3,15669.86,0.0,11120.16
S001741,2026-08-16,C0717,P021,ST020,6,3632.35,0.0,2771.37
S001742,2026-11-18,C0248,P017,ST025,1,9442.34,0.0,6820.68
S001743,2026-04-13,C0698,P047,ST023,2,6192.15,0.0,4501.3
S001744,2025-06-20,C0171,P050,ST011,3,13910.71,0.0,11552.3
S001745,2026-04-06,C0931,P061,ST024,7,7166.04,0.1,5605.37
S001746,2026-11-04,C0339,P016,ST017,2,10485.47,0.0,6754.56
S001747,2026-11-02,C0410,P074,ST011,4,7236.43,0.02,5135.74
S001748,2026-03-27,C0062,P025,ST023,8,1157.03,0.0,935.06
S001749,2026-01-19,C0417,P082,ST006,1,15330.97,0.1,11120.16
S001750,2026-07-12,C0060,P068,ST007,8,10272.21,0.02,8703.69
S001751,2025-11-26,C0302,P090,ST002,1,1762.73,0.0,1222.08
S001752,2026-10-30,C0270,P032,ST025,4,6589.8,0.0,5025.05
S001753,2026-05-02,C0505,P056,ST017,6,12042.47,0.0,8673.46
S001754,2026-10-23,C0515,P054,ST025,2,17023.46,0.05,11637.82
S001755,2025-04-10,C0315,P029,ST004,7,9531.98,0.02,6795.13
S001756,2026-09-26,C0717,P088,ST018,5,7010.48,0.05,5917.07
S001757,2026-02-08,C0312,P005,ST024,6,12811.96,0.05,8535.69
S001758,2025-03-30,C0378,P055,ST019,5,14116.17,0.02,9400.32
S001759,2026-03-08,C0199,P009,ST004,2,3049.83,0.05,1892.61
S001760,2025-11-17,C0377,P069,ST006,8,7161.29,0.02,5327.09
S001761,2025-02-11,C0052,P067,ST003,2,14175.66,0.0,9162.6
S001762,2026-05-27,C0448,P051,ST006,2,17833.7,0.0,10925.82
S001763,2026-11-27,C0903,P064,ST017,6,9403.03,0.0,7055.83
S001764,2025-04-26,C0583,P088,ST001,8,8076.46,0.15,5917.07
S001765,2025-05-14,C0521,P036,ST004,4,2077.65,0.0,1308.06
S001766,2026-10-21,C0671,P078,ST001,8,2987.38,0.05,1948.16
S001767,2026-05-28,C0103,P007,ST004,6,7899.94,0.0,5642.26
S001768,2026-03-25,C0308,P024,ST016,4,4191.59,0.02,2998.79
S001769,2026-03-31,C0678,P011,ST010,2,11787.5,0.0,8103.73
S001770,2026-09-24,C0437,P081,ST025,4,3269.68,0.05,2254.47
S001771,2026-12-19,C0107,P063,ST017,1,5007.95,0.0,3844.99
S001772,2025-03-17,C0466,P018,ST020,4,5797.7,0.0,3821.41
S001773,2026-12-02,C0973,P028,ST016,1,12118.69,0.0,8027.52
S001774,2025-10-06,C0327,P056,ST015,4,13078.49,0.0,8673.46
S001775,2026-05-31,C0459,P090,ST024,2,1588.53,0.05,1222.08
S001776,2026-08-21,C0079,P058,ST022,7,4855.95,0.0,3448.84
S001777,2025-12-22,C0108,P073,ST009,2,1751.35,0.02,1242.22
S001778,2026-09-28,C0805,P002,ST011,7,515.68,0.02,336.51
S001779,2026-02-22,C0922,P078,ST017,1,2618.46,0.0,1948.16
S001780,2025-04-21,C0399,P065,ST003,7,2905.39,0.02,2327.08
S001781,2026-02-04,C0447,P081,ST001,2,3183.77,0.05,2254.47
S001782,2026-08-22,C0134,P027,ST016,7,5577.83,0.0,3699.73
S001783,2025-03-31,C0030,P003,ST025,1,11736.34,0.05,9496.36
S001784,2026-04-04,C0081,P044,ST006,1,6538.13,0.15,4727.0
S001785,2026-04-04,C0359,P056,ST007,2,13626.52,0.0,8673.46
S001786,2026-01-14,C0554,P017,ST007,8,8978.01,0.02,6820.68
S001787,2025-02-01,C0797,P030,ST023,5,12318.52,0.05,9460.8
S001788,2025-10-05,C0922,P001,ST017,6,3799.14,0.02,2598.92
S001789,2025-04-13,C0503,P016,ST001,2,8159.11,0.05,6754.56
S001790,2025-04-18,C0148,P052,ST008,1,11362.83,0.0,8471.56
S001791,2025-07-26,C0585,P014,ST004,6,13104.46,0.05,9238.74
S001792,2025-07-07,C0857,P024,ST015,7,4390.55,0.1,2998.79
S001793,2025-07-17,C0164,P058,ST013,1,4530.71,0.0,3448.84
S001794,2025-10-28,C0149,P065,ST010,7,2740.56,0.05,2327.08
S001795,2026-11-10,C0423,P045,ST022,2,5174.13,0.0,3792.77
S001796,2025-02-21,C0962,P074,ST008,6,7758.46,0.02,5135.74
S001797,2025-04-16,C0068,P066,ST018,5,13010.62,0.0,10315.22
S001798,2025-02-18,C0499,P033,ST019,8,14278.26,0.02,9814.74
S001799,2026-05-27,C0625,P016,ST024,6,10865.74,0.1,6754.56
S001800,2025-02-24,C0683,P064,ST009,2,11535.45,0.05,7055.83
S001801,2025-11-23,C0532,P021,ST017,1,4326.91,0.1,2771.37
S001802,2026-01-10,C0560,P030,ST009,5,14180.24,0.02,9460.8
S001803,2026-04-21,C0544,P008,ST011,7,10608.0,0.0,6932.71
S001804,2025-04-03,C0060,P038,ST006,8,8526.94,0.0,5677.06
S001805,2026-07-29,C0699,P069,ST008,6,7374.82,0.02,5327.09
S001806,2025-11-01,C0188,P035,ST010,6,621.02,0.02,516.87
S001807,2026-05-28,C0305,P005,ST005,1,13526.23,0.0,8535.69
S001808,2025-04-15,C0270,P014,ST024,2,14022.31,0.02,9238.74
S001809,2025-09-06,C0710,P060,ST024,4,16047.97,0.0,10855.58
S001810,2026-01-23,C0959,P061,ST022,8,7220.11,0.05,5605.37
S001811,2025-04-16,C0340,P050,ST006,2,18713.7,0.0,11552.3
S001812,2026-07-17,C0720,P008,ST010,6,8739.2,0.05,6932.71
S001813,2025-04-30,C0353,P069,ST017,4,6233.31,0.0,5327.09
S001814,2026-12-31,C0149,P049,ST012,2,2253.76,0.1,1636.57
S001815,2026-03-15,C0761,P061,ST012,2,7342.09,0.05,5605.37
S001816,2025-10-02,C0677,P058,ST024,3,5542.56,0.02,3448.84
S001817,2025-08-17,C0015,P044,ST005,5,6303.72,0.05,4727.0
S001818,2026-05-08,C0509,P004,ST020,4,12732.77,0.02,8062.0
S001819,2025-10-05,C0005,P010,ST011,7,2151.88,0.0,1595.73
S001820,2025-09-22,C0601,P073,ST005,2,1567.49,0.05,1242.22
S001821,2026-04-23,C0340,P058,ST007,3,4485.72,0.0,3448.84
S001822,2026-05-20,C0518,P013,ST007,1,9700.63,0.05,6891.52
S001823,2025-03-16,C0865,P041,ST016,7,2449.39,0.1,2039.67
S001824,2026-11-22,C0766,P049,ST015,4,2007.14,0.0,1636.57
S001825,2026-04-23,C0995,P022,ST024,6,7078.61,0.02,5050.21
S001826,2026-10-01,C0609,P035,ST020,2,705.11,0.1,516.87
S001827,2025-01-07,C0906,P083,ST006,3,8322.78,0.02,7077.47
S001828,2026-12-27,C0147,P072,ST001,5,12970.17,,7885.7
S001829,2025-09-17,C0797,P020,ST024,2,6820.51,0.1,5381.43
S001830,2026-01-31,C0203,P066,ST019,2,11925.23,0.0,10315.22
S001831,2025-06-22,C0154,P007,ST005,5,8689.07,0.0,5642.26
S001832,2026-09-26,C0769,P003,ST002,4,14603.12,0.0,9496.36
S001833,2025-08-17,C0454,P035,ST015,3,745.75,0.05,516.87
S001834,2025-05-18,C0805,P054,ST013,3,16401.83,0.05,11637.82
S001835,2025-05-16,C0503,P007,ST002,2,7119.04,0.02,5642.26
S001836,2025-10-02,C0086,P065,ST023,5,3457.74,0.05,2327.08
S001837,2025-08-30,C0308,P036,ST017,6,1979.31,0.02,1308.06
S001838,2026-11-14,C0207,P086,ST025,6,748.88,0.05,517.95
S001839,2025-03-11,C0721,P083,ST020,8,10369.15,0.1,7077.47
S001840,2026-11-24,C0896,P080,ST014,1,10509.06,0.0,7154.82
S001841,2026-11-02,C0440,P027,ST008,8,4274.79,0.0,3699.73
S001842,2025-12-19,C0040,P081,ST020,6,3595.08,0.15,2254.47
S001843,2026-03-14,C0032,P024,ST012,1,3618.28,0.15,2998.79
S001844,2026-09-15,C0733,P007,ST025,5,6761.26,0.0,5642.26
S001845,2026-08-10,C0885,P038,ST014,7,8351.82,0.02,5677.06
S001846,2026-09-08,C0227,P011,ST020,4,9979.72,0.05,8103.73
S001847,2025-12-15,C0472,P073,ST016,8,1601.62,0.05,1242.22
S001848,2025-11-25,C0720,P038,ST013,6,8027.6,0.1,5677.06
S001849,2025-04-26,C0936,P037,ST006,3,10629.27,0.05,8737.72
S001850,2026-08-05,C0326,P078,ST020,2,2317.48,0.05,1948.16
S001851,2026-03-29,C0319,P026,ST020,3,4529.31,0.0,3556.26
S001852,2025-03-26,C0729,P049,ST005,2,2058.89,0.0,1636.57
S001853,2026-03-07,C0343,P063,ST015,4,5514.87,0.1,3844.99
S001854,2026-04-23,C0470,P043,ST010,7,8090.24,0.0,5492.34
S001855,2026-07-09,C0708,P053,ST021,8,4184.11,0.02,3373.97
S001856,2026-04-23,C0887,P076,ST022,2,6962.93,0.0,6054.39
S001857,2026-04-01,C0919,P074,ST013,7,8266.14,0.02,5135.74
S001858,2026-04-15,C0410,P088,ST010,2,7449.78,0.05,5917.07
S001859,2025-10-30,C0132,P022,ST003,4,7264.53,0.0,5050.21
S001860,2026-10-09,C0674,P087,ST016,5,18159.11,0.05,11513.07
S001861,2026-11-20,C0914,P019,ST001,4,918.85,0.02,612.11
S001862,2025-07-08,C0784,P087,ST013,5,15124.63,0.0,11513.07
S001863,2025-06-17,C0956,P037,ST006,8,14149.15,0.0,8737.72
S001864,2026-02-07,C0656,P001,ST008,2,3916.25,0.0,2598.92
S001865,2026-06-26,C0682,P015,ST017,7,11018.14,0.02,7707.94
S001866,2025-05-12,C0479,P061,ST002,3,9118.44,0.0,5605.37
S001867,2025-03-29,C0213,P077,ST014,3,5410.62,0.05,4125.87
S001868,2026-04-30,C0077,P046,ST001,5,10455.51,0.05,7655.82
S001869,2025-11-22,C0230,P018,ST022,4,5140.86,0.02,3821.41
S001870,2025-03-01,C0371,P088,ST003,6,8300.62,0.1,5917.07
S001871,2026-11-11,C0938,P008,ST011,3,10072.86,0.0,6932.71
S001872,2025-08-09,C0260,P045,ST013,3,5776.66,0.1,3792.77
S001873,2026-04-26,C0540,P018,ST009,1,5066.88,0.15,3821.41
S001874,2025-11-04,C0473,P004,ST025,6,12954.78,0.05,8062.0
S001875,2025-03-20,C0719,P055,ST007,4,12795.48,0.15,9400.32
S001876,2025-10-21,C0331,P007,ST009,4,6939.6,0.0,5642.26
S001877,2025-03-10,C0308,P068,ST016,4,11442.24,0.0,8703.69
S001878,2026-04-10,C0470,P037,ST011,5,13415.25,0.05,8737.72
S001879,2026-10-22,C0317,P071,ST022,7,10428.67,0.05,7113.15
S001880,2025-09-25,C0963,P078,ST020,4,2871.86,0.02,1948.16
S001881,2025-08-17,C0958,P083,ST019,2,8694.98,0.0,7077.47
S001882,2026-11-03,C0774,P052,ST024,6,13576.13,0.0,8471.56
S001883,2025-05-27,C0537,P062,ST022,8,3188.13,0.05,2627.77
S001884,2025-05-23,C0178,P087,ST021,7,16446.97,0.02,11513.07
S001885,2025-10-06,C0530,P089,ST007,5,14539.45,0.05,9447.14
S001886,2026-06-12,C0591,P028,ST009,8,11574.97,0.02,8027.52
S001887,2026-07-24,C0838,P026,ST007,2,4684.96,0.05,3556.26
S001888,2026-06-22,C0958,P077,ST020,4,4945.53,0.05,4125.87
S001889,2026-05-20,C0688,P071,ST001,6,9921.89,0.05,7113.15
S001890,2026-01-19,C0460,P050,ST015,3,14911.18,0.02,11552.3
S001891,2026-06-06,C0663,P013,ST023,6,8587.87,0.02,6891.52
S001892,2025-08-26,C0146,P059,ST006,7,1661.5,0.05,1382.59
S001893,2025-03-25,C0007,P043,ST007,2,8321.51,0.1,5492.34
S001894,2025-05-26,C0219,P019,ST010,8,803.48,0.05,612.11
S001895,2025-03-25,C0116,P018,ST018,6,4524.22,0.05,3821.41
S001896,2025-11-21,C0440,P031,ST006,8,10367.63,0.1,8055.68
S001897,2025-09-10,C0287,P055,ST004,8,11664.77,0.0,9400.32
S001898,2025-08-13,C0654,P075,ST001,2,1061.46,0.15,738.97
S001899,2026-10-09,C0956,P004,ST008,8,9752.29,0.02,8062.0
S001900,2025-04-15,C0691,P002,ST017,3,411.53,0.05,336.51
S001901,2025-06-03,C0915,P052,ST008,2,10976.38,0.02,8471.56
S001902,2026-11-13,C0787,P021,ST002,6,4228.39,0.05,2771.37
S001903,2026-11-04,C0105,P049,ST014,4,2452.93,0.05,1636.57
S001904,2026-06-09,C0406,P020,ST011,7,6824.2,0.0,5381.43
S001905,2026-11-01,C0245,P023,ST009,2,13006.26,0.05,10277.49
S001906,2026-04-30,C0508,P060,ST011,2,13886.44,0.02,10855.58
S001907,2026-10-02,C0293,P036,ST019,5,1697.26,0.0,1308.06
S001908,2025-06-19,C0028,P073,ST018,8,1488.43,0.0,1242.22
S001909,2025-10-25,C0140,P060,ST022,4,16006.68,0.1,10855.58
S001910,2025-11-15,C0134,P036,ST015,2,2066.93,0.05,1308.06
S001911,2026-10-31,C0685,P029,ST025,2,8982.1,0.05,6795.13
S001912,2026-11-21,C0902,P079,ST021,2,1835.36,0.05,1464.98
S001913,2026-09-18,C0816,P008,ST022,6,9161.99,0.02,6932.71
S001914,2026-09-14,C0316,P023,ST005,8,12491.23,0.05,10277.49
S001915,2026-02-14,C0507,P084,ST004,1,5480.3,0.0,4325.72
S001916,2026-08-06,C0349,P056,ST014,4,13519.07,0.05,8673.46
S001917,2026-08-12,C0837,P065,ST011,8,2825.35,0.0,2327.08
S001918,2025-12-01,C0321,P027,ST016,5,4504.13,0.05,3699.73
S001919,2025-04-12,C0239,P063,ST007,2,5323.43,0.0,3844.99
S001920,2025-01-21,C0323,P031,ST023,1,11153.49,0.05,8055.68
S001921,2026-01-17,C0383,P067,ST003,6,12848.74,0.05,9162.6
S001922,2026-03-03,C0325,P045,ST015,6,5840.23,0.05,3792.77
S001923,2025-01-25,C0245,P059,ST007,7,1932.46,0.0,1382.59
S001924,2025-04-19,C0194,P025,ST022,6,1484.11,0.0,935.06
S001925,2025-12-16,C0272,P058,ST014,3,5095.91,0.0,3448.84
S001926,2026-11-12,C0189,P049,ST016,6,2058.49,0.1,1636.57
S001927,2025-06-11,C0533,P086,ST024,7,781.31,0.05,517.95
S001928,2025-08-02,C0009,P079,ST012,3,1836.18,0.02,1464.98
S001929,2026-10-14,C0782,P077,ST024,7,5838.17,0.0,4125.87
S001930,2025-08-03,C0271,P059,ST018,1,2034.21,0.05,1382.59
S001931,2026-12-27,C0462,P079,ST021,8,2229.0,0.0,1464.98
S001932,2025-04-27,C0402,P067,ST012,5,10763.63,0.0,9162.6
S001933,2026-10-02,C0646,P012,ST007,4,7487.21,0.02,5785.38
S001934,2026-11-13,C0996,P085,ST006,5,9752.25,0.1,7193.26
S001935,2026-06-20,C0529,P017,ST006,4,9301.03,0.05,6820.68
S001936,2026-01-26,C0014,P067,ST013,5,13792.82,0.15,9162.6
S001937,2026-12-24,C0208,P023,ST004,8,15059.75,0.0,10277.49
S001938,2026-11-12,C0085,P077,ST006,7,5915.41,0.05,4125.87
S001939,2026-10-17,C0841,P022,ST022,2,7357.67,0.1,5050.21
S001940,2025-04-28,C0269,P066,ST003,6,12648.41,0.0,10315.22
S001941,2026-01-26,C0200,P011,ST023,6,12459.24,0.02,8103.73
S001942,2025-01-18,C0411,P076,ST010,7,7507.25,0.05,6054.39
S001943,2026-06-15,C0516,P010,ST008,4,2089.34,0.1,1595.73
S001944,2026-05-17,C0903,P006,ST016,7,12355.96,0.0,9423.57
S001945,2026-12-24,C0574,P041,ST023,7,3189.19,0.0,2039.67
S001946,2026-06-01,C0118,P018,ST001,5,5522.3,0.0,3821.41
S001947,2025-03-16,C0186,P072,ST015,4,10023.98,0.05,7885.7
S001948,2025-09-13,C0820,P051,ST013,8,13370.94,0.1,10925.82
S001949,2025-07-16,C0621,P064,ST020,3,8192.5,0.02,7055.83
S001950,2025-08-17,C0336,P089,ST006,3,15243.61,0.0,9447.14
S001951,2025-05-31,C0003,P046,ST024,5,9889.74,0.05,7655.82
S001952,2026-09-04,C0555,P011,ST025,8,10045.78,0.0,8103.73
S001953,2026-06-11,C0451,P009,ST024,8,2233.81,0.0,1892.61
S001954,2026-04-09,C0559,P047,ST016,5,6466.18,0.02,4501.3
S001955,2026-05-11,C0161,P090,ST019,1,1603.03,0.0,1222.08
S001956,2025-07-21,C0811,P075,ST011,3,1099.86,0.02,738.97
S001957,2025-06-10,C0111,P075,ST016,3,1025.38,0.0,738.97
S001958,2026-01-11,C0499,P020,ST020,3,8458.45,0.02,5381.43
S001959,2025-10-16,C0563,P022,ST004,7,8121.46,0.0,5050.21
S001960,2026-01-26,C0269,P034,ST004,4,3614.02,0.05,2211.93
S001961,2025-04-02,C0905,P056,ST004,2,13305.13,0.02,8673.46
S001962,2026-08-02,C0687,P080,ST017,5,8948.69,0.0,7154.82
S001963,2026-05-26,C0760,P006,ST010,3,14742.61,0.05,9423.57
S001964,2025-10-16,C0045,P078,ST021,1,2892.89,0.02,1948.16
S001965,2025-04-27,C0118,P073,ST004,5,1477.09,0.05,1242.22
S001966,2025-06-08,C0634,P090,ST023,4,1828.68,0.1,1222.08
S001967,2026-07-24,C0162,P057,ST001,6,7670.49,0.02,5530.0
S001968,2025-06-09,C0410,P015,ST012,2,11957.52,0.02,7707.94
S001969,2026-09-17,C0246,P032,ST023,4,7146.79,0.02,5025.05
S001970,2026-09-05,C0690,P083,ST001,7,9847.21,0.02,7077.47
S001971,2026-09-05,C0454,P053,ST015,2,5158.23,0.02,3373.97
S001972,2025-11-07,C0466,P086,ST021,5,851.21,0.0,517.95
S001973,2026-09-03,C0746,P016,ST006,7,9284.46,0.02,6754.56
S001974,2026-05-19,C0188,P015,ST010,8,10572.11,0.05,7707.94
S001975,2026-03-14,C0553,P010,ST003,6,2128.18,0.02,1595.73
S001976,2025-02-19,C0245,P081,ST006,3,2599.7,0.02,2254.47
S001977,2026-06-09,C0918,P012,ST003,6,8667.6,0.1,5785.38
S001978,2025-01-04,C0615,P076,ST021,1,9958.41,0.15,6054.39
S001979,2026-01-05,C0332,P010,ST012,8,2602.21,0.05,1595.73
S001980,2026-06-11,C0614,P004,ST012,5,13213.29,0.0,8062.0
S001981,2025-02-15,C0287,P075,ST004,2,991.44,0.0,738.97
S001982,2025-04-16,C0244,P073,ST013,1,1780.26,0.02,1242.22
S001983,2025-02-20,C0281,P028,ST014,8,11605.17,0.1,8027.52
S001984,2026-11-19,C0368,P003,ST024,1,14630.4,0.05,9496.36
S001985,2025-04-12,C0144,P057,ST002,1,6762.45,0.05,5530.0
S001986,2026-04-28,C0250,P021,ST024,1,4388.34,0.02,2771.37
S001987,2026-06-13,C0946,P066,ST020,8,14121.3,0.02,10315.22
S001988,2026-12-27,C0274,P068,ST024,6,12124.73,0.05,8703.69
S001989,2025-11-23,C0081,P012,ST009,7,9048.47,0.02,5785.38
S001990,2026-09-22,C0720,P082,ST012,4,17019.25,0.02,11120.16
S001991,2025-12-02,C0186,P006,ST014,6,14520.62,0.02,9423.57
S001992,2025-05-08,C0034,P069,ST025,2,7222.46,0.05,5327.09
S001993,2025-04-18,C0489,P068,ST010,4,11493.82,0.05,8703.69
S001994,2026-09-19,C0168,P068,ST017,4,10433.82,0.0,8703.69
S001995,2026-12-29,C0514,P010,ST002,4,2268.87,0.1,1595.73
S001996,2026-09-03,C0550,P081,ST010,6,2800.6,0.02,2254.47
S001997,2025-05-09,C0839,P084,ST010,7,5403.9,0.05,4325.72
S001998,2026-11-13,C0670,P012,ST022,5,7012.83,0.05,5785.38
S001999,2025-12-05,C0117,P032,ST020,8,6071.08,0.1,5025.05
S002000,2026-01-11,C0103,P034,ST002,2,2873.83,0.05,2211.93
S002001,2025-08-12,C0842,P001,ST018,7,3963.55,0.02,2598.92
S002002,2025-05-14,C0057,P041,ST017,8,2499.85,0.02,2039.67
S002003,2025-11-29,C0176,P067,ST007,3,12356.78,0.05,9162.6
S002004,2026-07-22,C0898,P037,ST008,7,11861.01,0.02,8737.72
S002005,2025-12-16,C0726,P004,ST023,1,10100.86,0.05,8062.0
S002006,2025-01-17,C0132,P008,ST004,3,10153.19,0.0,6932.71
S002007,2026-01-18,C0092,P043,ST008,6,9041.53,0.0,5492.34
S002008,2025-06-16,C0860,P013,ST008,4,8370.18,0.0,6891.52
S002009,2025-02-11,C0949,P032,ST013,3,8188.17,0.02,5025.05
S002010,2025-06-21,C0918,P001,ST004,2,3227.16,0.05,2598.92
S002011,2025-01-20,C0648,P017,ST007,7,8103.89,0.05,6820.68
S002012,2025-03-11,C0278,P022,ST020,8,6270.14,0.02,5050.21
S002013,2026-05-01,C0826,P046,ST010,8,11999.62,0.0,7655.82
S002014,2026-09-28,C0431,P088,ST008,7,6805.22,0.02,5917.07
S002015,2026-06-21,C0810,P038,ST007,3,7640.63,0.1,5677.06
S002016,2025-11-03,C0553,P064,ST001,8,10678.09,,7055.83
S002017,2026-06-29,C0678,P036,ST013,2,1626.96,0.1,1308.06
S002018,2026-08-28,C0545,P033,ST016,5,13823.09,0.05,9814.74
S002019,2026-10-04,C0349,P059,ST017,2,1992.62,0.02,1382.59
S002020,2025-06-06,C0670,P079,ST025,5,1816.34,0.05,1464.98
S002021,2026-07-07,C0764,P050,ST012,6,17056.23,0.05,11552.3
S002022,2026-05-07,C0207,P061,ST023,1,8321.68,0.0,5605.37
S002023,2025-10-08,C0627,P012,ST003,3,9522.12,0.0,5785.38
S002024,2025-08-17,C0290,P058,ST019,8,5627.31,0.0,3448.84
S002025,2026-01-06,C0555,P013,ST023,2,7970.07,0.02,6891.52
S002026,2026-07-10,C0236,P085,ST001,6,8330.0,0.02,7193.26
S002027,2025-11-28,C0191,P005,ST018,6,11357.58,0.0,8535.69
S002028,2026-10-18,C0237,P048,ST022,3,1598.82,0.02,1279.89
S002029,2026-09-24,C0696,P040,ST016,2,9456.63,0.0,6137.28
S002030,2025-11-08,C0579,P059,ST015,8,1743.11,0.05,1382.59
S002031,2026-09-25,C0634,P048,ST024,7,1670.29,0.05,1279.89
S002032,2026-12-15,C0346,P003,ST008,1,15656.21,0.0,9496.36
S002033,2025-07-13,C0689,P059,ST025,2,2258.6,0.05,1382.59
S002034,2026-10-22,C0995,P053,ST022,7,4763.73,0.05,3373.97
S002035,2025-07-15,C0276,P001,ST005,8,3553.99,0.0,2598.92
S002036,2025-07-07,C0499,P041,ST021,6,3014.42,0.1,2039.67
S002037,2026-10-16,C0086,P081,ST025,2,2824.59,0.1,2254.47
S002038,2026-03-29,C0180,P055,ST023,2,12302.99,0.05,9400.32
S002039,2025-12-30,C0477,P002,ST018,5,416.43,0.0,336.51
S002040,2026-07-22,C0303,P087,ST020,3,17617.11,0.0,11513.07
S002041,2025-02-25,C0848,P003,ST005,1,15591.7,0.05,9496.36
S002042,2026-07-23,C0602,P010,ST004,8,2038.51,0.0,1595.73
S002043,2026-08-07,C0716,P024,ST013,8,4132.78,0.0,2998.79
S002044,2025-11-26,C0496,P043,ST004,4,6626.67,0.1,5492.34
S002045,2025-01-17,C0217,P004,ST018,7,9660.35,0.0,8062.0
S002046,2025-03-26,C0051,P069,ST022,2,8384.49,0.05,5327.09
S002047,2025-08-06,C0218,P056,ST020,8,13177.07,0.1,8673.46
S002048,2026-06-13,C0722,P071,ST019,6,11039.9,0.05,7113.15
S002049,2025-09-05,C0336,P008,ST006,4,8290.43,0.0,6932.71
S002050,2025-11-02,C0027,P005,ST022,3,13955.84,0.02,8535.69
S002051,2026-09-04,C0895,P037,ST007,3,12992.45,0.05,8737.72
S002052,2025-08-08,C0057,P079,ST017,5,1711.24,0.05,1464.98
S002053,2025-09-26,C0676,P082,ST024,7,16917.35,0.05,11120.16
S002054,2025-05-31,C0873,P016,ST011,3,9290.34,0.0,6754.56
S002055,2026-05-31,C0311,P060,ST001,3,13830.64,0.05,10855.58
S002056,2025-11-11,C0500,P031,ST025,8,12459.55,0.1,8055.68
S002057,2026-01-21,C0843,P010,ST020,1,2565.2,0.0,1595.73
S002058,2025-02-17,C0410,P010,ST013,5,2004.16,0.0,1595.73
S002059,2025-05-15,C0097,P033,ST012,1,11655.38,0.02,9814.74
S002060,2026-05-09,C0204,P030,ST015,5,11429.66,0.0,9460.8
S002061,2026-11-08,C0293,P022,ST021,2,6497.25,0.0,5050.21
S002062,2026-06-23,C0291,P009,ST023,8,2552.34,0.0,1892.61
S002063,2025-07-17,C0559,P035,ST014,7,850.37,0.02,516.87
S002064,2026-07-31,C0442,P012,ST011,3,9468.75,0.02,5785.38
S002065,2025-06-07,C0383,P088,ST005,4,8093.74,0.0,5917.07
S002066,2026-12-03,C0703,P054,ST013,7,16284.41,0.0,11637.82
S002067,2026-09-25,C0341,P030,ST008,6,14563.11,0.0,9460.8
S002068,2025-03-28,C0417,P003,ST007,7,12839.58,0.0,9496.36
S002069,2025-02-03,C0944,P012,ST024,2,6832.76,0.02,5785.38
S002070,2026-10-08,C0630,P014,ST014,3,13094.1,0.0,9238.74
S002071,2026-08-19,C0425,P013,ST015,1,9936.85,0.02,6891.52
S002072,2026-08-05,C0060,P013,ST008,4,9867.17,0.0,6891.52
S002073,2025-07-29,C0213,P007,ST017,7,8569.32,0.0,5642.26
S002074,2025-06-02,C0250,P061,ST022,6,8488.89,0.0,5605.37
S002075,2026-11-16,C0249,P041,ST004,3,2808.4,0.05,2039.67
S002076,2026-03-09,C0805,P015,ST013,8,10212.56,0.0,7707.94
S002077,2026-08-18,C0915,P014,ST007,7,14655.26,0.0,9238.74
S002078,2025-10-15,C0153,P010,ST024,5,2626.53,0.0,1595.73
S002079,2025-05-07,C0501,P075,ST020,8,1078.73,0.02,738.97
S002080,2025-10-20,C0267,P047,ST008,4,5390.96,0.05,4501.3
S002081,2026-11-02,C0609,P028,ST021,6,10163.44,0.0,8027.52
S002082,2026-02-18,C0657,P014,ST005,2,14236.8,0.0,9238.74
S002083,2025-07-27,C0457,P034,ST021,7,3373.83,0.02,2211.93
S002084,2025-09-27,C0213,P012,ST017,7,7637.14,0.0,5785.38
S002085,2025-02-03,C0986,P052,ST011,5,13281.74,0.02,8471.56
S002086,2026-03-22,C0225,P088,ST014,3,7102.97,0.05,5917.07
S002087,2026-01-04,C0119,P055,ST003,7,14502.36,0.0,9400.32
S002088,2026-03-12,C0188,P089,ST010,8,13567.21,0.02,9447.14
S002089,2025-04-24,C0074,P082,ST019,2,17800.46,0.0,11120.16
S002090,2025-07-11,C0980,P044,ST022,2,6065.3,0.0,4727.0
S002091,2026-04-14,C0158,P089,ST021,8,12402.26,0.0,9447.14
S002092,2025-08-05,C0155,P029,ST024,7,8020.7,0.1,6795.13
S002093,2026-09-05,C0878,P011,ST024,4,13342.19,0.1,8103.73
S002094,2026-01-22,C0719,P010,ST007,1,1889.65,0.05,1595.73
S002095,2025-12-30,C0330,P061,ST010,8,7629.42,0.0,5605.37
S002096,2026-06-24,C0393,P090,ST007,7,1607.7,0.0,1222.08
S002097,2025-10-01,C0185,P062,ST024,4,4111.29,0.02,2627.77
S002098,2026-01-30,C0979,P090,ST002,7,1576.82,0.02,1222.08
S002099,2025-09-02,C0930,P060,ST007,2,15319.97,0.1,10855.58
S002100,2026-04-12,C0470,P020,ST011,7,7959.39,0.02,5381.43
S002101,2026-08-04,C0602,P060,ST002,5,13161.71,0.05,10855.58
S002102,2026-04-15,C0476,P090,ST021,3,1908.86,0.0,1222.08
S002103,2026-02-10,C0952,P056,ST016,2,11808.19,0.0,8673.46
S002104,2025-02-08,C0173,P071,ST003,6,8220.7,0.1,7113.15
S002105,2026-11-05,C0605,P027,ST010,8,5154.97,0.05,3699.73
S002106,2026-11-03,C0699,P089,ST008,7,11477.06,0.0,9447.14
S002107,2025-10-20,C0463,P001,ST025,8,3782.81,0.05,2598.92
S002108,2026-06-01,C0799,P024,ST025,8,3518.91,0.05,2998.79
S002109,2026-10-04,C0557,P028,ST018,1,11065.91,0.0,8027.52
S002110,2026-10-14,C0866,P026,ST007,8,4266.65,0.05,3556.26
S002111,2025-12-24,C0047,P001,ST006,2,4099.68,0.0,2598.92
S002112,2025-07-10,C0124,P029,ST003,6,9195.03,0.0,6795.13
S002113,2025-02-12,C0172,P072,ST006,8,12068.78,0.0,7885.7
S002114,2026-03-31,C0467,P049,ST025,7,2099.55,0.0,1636.57
S002115,2025-03-03,C0819,P031,ST010,5,13106.37,0.02,8055.68
S002116,2025-05-16,C0634,P036,ST025,1,1903.25,0.05,1308.06
S002117,2026-12-08,C0200,P038,ST024,8,7392.05,0.05,5677.06
S002118,2026-07-25,C0922,P034,ST014,6,3330.24,0.1,2211.93
S002119,2025-09-01,C0580,P019,ST024,2,872.4,0.15,612.11
S002120,2025-05-23,C0446,P056,ST017,3,12304.44,0.0,8673.46
S002121,2025-03-22,C0197,P014,ST005,2,13960.72,0.0,9238.74
S002122,2025-01-21,C0165,P089,ST025,5,12392.02,0.02,9447.14
S002123,2025-04-04,C0890,P001,ST008,5,3132.6,0.0,2598.92
S002124,2026-05-18,C0194,P012,ST025,3,7116.59,0.0,5785.38
S002125,2026-01-20,C0109,P006,ST007,1,12276.94,0.0,9423.57
S002126,2026-09-28,C0460,P072,ST016,1,12116.75,0.0,7885.7
S002127,2026-02-11,C0972,P085,ST012,5,8996.5,0.05,7193.26
S002128,2025-04-27,C0962,P047,ST009,4,6636.37,0.0,4501.3
S002129,2025-03-28,C0903,P023,ST017,2,12274.72,0.02,10277.49
S002130,2026-03-24,C0224,P018,ST001,6,5823.2,0.05,3821.41
S002131,2025-06-02,C0881,P042,ST025,7,9774.2,0.1,8431.76
S002132,2026-05-05,C0609,P029,ST020,4,9290.01,0.05,6795.13
S002133,2025-10-08,C0076,P073,ST021,6,1659.08,0.1,1242.22
S002134,2026-01-08,C0629,P090,ST001,5,1770.99,0.05,1222.08
S002135,2026-10-22,C0853,P050,ST018,7,18250.98,0.02,11552.3
S002136,2026-10-02,C0187,P063,ST020,5,5615.11,0.02,3844.99
S002137,2026-02-10,C0799,P009,ST023,5,2995.8,0.1,1892.61
S002138,2025-07-29,C0433,P071,ST010,2,9675.06,0.02,7113.15
S002139,2025-06-04,C0950,P025,ST013,4,1381.83,,935.06
S002140,2025-08-17,C0657,P010,ST001,4,2103.54,0.02,1595.73
S002141,2026-10-21,C0926,P036,ST024,3,1846.22,0.1,1308.06
S002142,2026-03-19,C0361,P023,ST019,4,16150.02,0.0,10277.49
S002143,2025-08-19,C0225,P036,ST015,3,1976.08,0.0,1308.06
S002144,2026-12-21,C0849,P047,ST007,6,6439.02,0.0,4501.3
S002145,2025-07-01,C0287,P057,ST004,8,8741.88,0.0,5530.0
S002146,2025-11-18,C0646,P026,ST008,2,5221.15,0.0,3556.26
S002147,2026-07-15,C0620,P016,ST010,3,8837.42,0.05,6754.56
S002148,2026-03-19,C0136,P003,ST009,5,13739.7,0.0,9496.36
S002149,2025-06-15,C0456,P028,ST001,1,13095.41,0.0,8027.52
S002150,2026-03-21,C0697,P084,ST018,6,6422.56,0.02,4325.72
S002151,2026-08-04,C0774,P046,ST025,4,9809.1,0.05,7655.82
S002152,2026-09-04,C0996,P004,ST006,8,10497.01,0.05,8062.0
S002153,2025-03-29,C0778,P061,ST003,2,8292.22,0.02,5605.37
S002154,2025-09-07,C0013,P088,ST002,2,6930.03,0.02,5917.07
S002155,2026-08-12,C0368,P067,ST022,3,14235.01,0.02,9162.6
S002156,2026-07-30,C0514,P012,ST003,5,6980.66,0.05,5785.38
S002157,2025-02-04,C0016,P055,ST019,5,11369.18,0.05,9400.32
S002158,2026-06-29,C0207,P032,ST024,8,6394.2,0.02,5025.05
S002159,2026-03-02,C0605,P025,ST013,6,1162.09,0.05,935.06
S002160,2025-09-22,C0907,P087,ST004,3,16164.71,0.1,11513.07
S002161,2025-03-16,C0182,P075,ST012,2,1012.48,0.0,738.97
S002162,2025-11-22,C0160,P032,ST016,5,7857.5,0.0,5025.05
S002163,2026-08-20,C0202,P033,ST023,4,15676.36,0.1,9814.74
S002164,2025-11-07,C0536,P010,ST009,3,1972.27,0.0,1595.73
S002165,2025-04-28,C0076,P030,ST020,2,11803.3,0.02,9460.8
S002166,2026-05-23,C0326,P048,ST018,5,1836.61,0.15,1279.89
S002167,2026-01-08,C0368,P063,ST023,8,6188.57,0.1,3844.99
S002168,2025-04-23,C0893,P057,ST011,4,6831.5,0.05,5530.0
S002169,2025-12-08,C0461,P032,ST010,7,7183.49,0.0,5025.05
S002170,2025-10-13,C0680,P051,ST002,6,15344.56,0.0,10925.82
S002171,2025-03-09,C0894,P038,ST024,5,7823.08,0.02,5677.06
S002172,2025-11-25,C0703,P036,ST010,1,2075.57,0.0,1308.06
S002173,2026-11-17,C0500,P057,ST025,7,7914.64,0.0,5530.0
S002174,2025-02-18,C0957,P056,ST001,7,12173.26,0.02,8673.46
S002175,2026-05-05,C0788,P061,ST025,1,7561.49,0.0,5605.37
S002176,2026-01-11,C0690,P029,ST005,5,10696.16,0.05,6795.13
S002177,2025-02-06,C0885,P043,ST015,5,7455.83,0.1,5492.34
S002178,2026-07-11,C0357,P054,ST013,6,18579.61,0.05,11637.82
S002179,2025-11-25,C0560,P064,ST009,5,8319.41,0.05,7055.83
S002180,2025-06-01,C0807,P064,ST020,1,11457.94,0.02,7055.83
S002181,2025-06-06,C0185,P071,ST023,8,11144.09,0.15,7113.15
S002182,2026-10-20,C0620,P074,ST010,2,6906.45,0.05,5135.74
S002183,2026-11-15,C0309,P084,ST004,5,6869.19,0.02,4325.72
S002184,2025-05-30,C0851,P051,ST016,8,14870.85,0.05,10925.82
S002185,2025-02-21,C0239,P073,ST006,7,1611.93,0.0,1242.22
S002186,2026-08-22,C0448,P080,ST007,2,11156.34,0.0,7154.82
S002187,2025-12-01,C0799,P088,ST024,3,8578.61,0.0,5917.07
S002188,2026-10-26,C0796,P029,ST004,6,11134.39,0.02,6795.13
S002189,2025-12-15,C0128,P090,ST002,7,1540.73,0.05,1222.08
S002190,2026-09-04,C0007,P003,ST009,5,12643.64,0.02,9496.36
S002191,2026-06-20,C0600,P025,ST007,7,1191.33,0.02,935.06
S002192,2025-11-28,C0565,P087,ST007,6,17138.04,0.0,11513.07
S002193,2025-06-19,C0823,P075,ST001,4,1211.5,0.1,738.97
S002194,2026-09-29,C0620,P016,ST010,8,9280.79,0.05,6754.56
S002195,2026-06-19,C0733,P072,ST024,5,10558.0,0.0,7885.7
S002196,2025-10-31,C0397,P024,ST013,7,4500.43,0.0,2998.79
S002197,2025-06-09,C0904,P035,ST018,3,690.12,0.02,516.87
S002198,2026-02-12,C0752,P047,ST023,6,6871.65,0.02,4501.3
S002199,2025-09-13,C0231,P022,ST018,8,7280.15,0.05,5050.21
S002200,2025-12-15,C0896,P071,ST017,3,11186.45,0.0,7113.15
S002201,2025-03-23,C0458,P075,ST014,6,1168.63,0.05,738.97
S002202,2026-06-12,C0331,P001,ST009,8,4206.35,0.02,2598.92
S002203,2025-04-16,C0778,P028,ST002,4,13048.21,0.05,8027.52
S002204,2026-09-03,C0395,P017,ST004,1,9608.92,0.02,6820.68
S002205,2025-06-25,C0907,P010,ST004,4,1999.31,0.05,1595.73
S002206,2025-04-22,C0349,P051,ST015,4,15833.6,0.1,10925.82
S002207,2025-12-05,C0228,P059,ST019,5,2087.22,0.05,1382.59
S002208,2026-06-27,C0490,P004,ST019,5,11131.57,0.02,8062.0
S002209,2026-12-27,C0540,P032,ST007,6,7234.51,0.02,5025.05
S002210,2025-11-09,C0127,P063,ST007,3,5144.97,0.05,3844.99
S002211,2025-10-22,C0746,P001,ST009,1,3634.59,0.0,2598.92
S002212,2025-03-03,C0520,P027,ST008,5,5981.42,0.05,3699.73
S002213,2026-02-10,C0626,P035,ST001,3,661.74,0.1,516.87
S002214,2026-08-03,C0544,P088,ST013,1,7519.62,0.1,5917.07
S002215,2026-03-12,C0506,P078,ST025,2,2989.28,0.0,1948.16
S002216,2025-08-23,C0376,P014,ST005,6,15100.26,0.02,9238.74
S002217,2026-01-03,C0442,P020,ST013,1,6358.21,0.1,5381.43
S002218,2025-10-22,C0057,P076,ST014,6,7789.64,0.02,6054.39
S002219,2025-04-14,C0267,P037,ST008,3,12848.35,0.1,8737.72
S002220,2026-02-04,C0306,P004,ST021,5,12906.14,0.0,8062.0
S002221,2025-09-05,C0106,P087,ST022,2,16520.45,0.05,11513.07
S002222,2026-09-11,C0438,P042,ST017,5,13804.79,0.0,8431.76
S002223,2026-09-14,C0326,P046,ST020,1,11267.59,0.05,7655.82
S002224,2025-05-10,C0581,P078,ST011,7,2596.77,0.1,1948.16
S002225,2026-07-24,C0105,P073,ST017,5,1705.65,0.1,1242.22
S002226,2025-07-19,C0041,P085,ST023,4,11078.77,0.05,7193.26
S002227,2026-05-13,C0437,P067,ST022,8,12819.67,0.05,9162.6
S002228,2026-11-23,C0857,P048,ST017,6,1537.18,0.02,1279.89
S002229,2026-10-24,C0566,P068,ST014,2,13393.02,0.05,8703.69
S002230,2026-02-01,C0269,P078,ST005,5,2783.05,0.0,1948.16
S002231,2025-08-07,C0856,P050,ST013,6,15947.89,0.0,11552.3
S002232,2026-08-20,C0496,P068,ST003,7,12495.26,0.0,8703.69
S002233,2025-04-26,C0548,P015,ST024,3,10548.83,0.05,7707.94
S002234,2025-08-27,C0841,P029,ST023,1,10505.39,0.05,6795.13
S002235,2025-12-01,C0512,P082,ST023,3,13845.73,0.0,11120.16
S002236,2026-07-22,C0929,P020,ST004,5,7638.3,0.1,5381.43
S002237,2026-12-08,C0467,P066,ST022,2,12449.62,0.05,10315.22
S002238,2026-10-07,C0967,P011,ST004,1,10223.04,0.05,8103.73
S002239,2026-03-20,C0973,P008,ST014,8,9095.92,0.0,6932.71
S002240,2025-07-15,C0872,P011,ST014,6,12297.08,,8103.73
S002241,2025-09-22,C0547,P029,ST011,3,11055.23,0.02,6795.13
S002242,2026-09-14,C0955,P069,ST016,1,6993.72,0.05,5327.09
S002243,2025-05-21,C0837,P083,ST010,5,10954.74,0.0,7077.47
S002244,2025-06-09,C0183,P043,ST008,4,8911.16,0.05,5492.34
S002245,2025-09-25,C0939,P001,ST016,3,3075.74,0.05,2598.92
S002246,2025-02-11,C0248,P063,ST024,3,5594.37,0.05,3844.99
S002247,2025-03-14,C0318,P001,ST011,1,3948.91,0.0,2598.92
S002248,2025-11-25,C0727,P051,ST025,1,17525.06,0.1,10925.82
S002249,2026-08-13,C0787,P042,ST001,6,13245.8,0.02,8431.76
S002250,2025-10-30,C0600,P045,ST007,2,4507.83,0.05,3792.77
S002251,2026-11-04,C0955,P075,ST016,2,1082.97,0.02,738.97
S002252,2026-09-09,C0903,P085,ST017,7,11446.01,0.15,7193.26
S002253,2025-05-29,C0919,P065,ST011,7,2878.76,0.05,2327.08
S002254,2026-05-18,C0384,P086,ST017,4,642.29,0.05,517.95
S002255,2025-05-31,C1000,P048,ST018,8,1828.24,0.0,1279.89
S002256,2025-04-25,C0360,P019,ST012,3,974.3,0.02,612.11
S002257,2025-10-12,C0285,P079,ST015,4,2332.03,0.0,1464.98
S002258,2025-11-07,C0345,P071,ST005,1,10175.11,0.1,7113.15
S002259,2026-07-03,C0325,P057,ST017,5,8934.01,0.02,5530.0
S002260,2025-07-23,C0254,P020,ST020,8,7327.15,0.02,5381.43
S002261,2026-05-08,C0686,P017,ST001,2,9489.94,0.1,6820.68
S002262,2026-08-14,C0070,P026,ST012,5,5369.92,0.05,3556.26
S002263,2026-04-02,C0211,P053,ST014,8,5336.38,0.0,3373.97
S002264,2026-05-19,C0467,P067,ST025,6,11976.51,0.0,9162.6
S002265,2026-07-23,C0974,P018,ST025,4,5576.75,0.0,3821.41
S002266,2025-06-19,C0072,P076,ST017,1,7335.69,0.02,6054.39
S002267,2026-01-30,C1000,P031,ST021,8,11681.75,0.0,8055.68
S002268,2025-11-09,C0384,P014,ST015,4,12203.84,0.02,9238.74
S002269,2026-04-03,C0297,P080,ST001,8,11313.55,0.0,7154.82
S002270,2026-12-15,C0749,P054,ST003,5,13931.49,0.1,11637.82
S002271,2026-03-19,C0502,P014,ST020,5,11207.51,0.02,9238.74
S002272,2026-12-05,C0196,P085,ST016,2,11753.09,0.05,7193.26
S002273,2025-11-14,C0525,P070,ST007,1,12260.49,0.1,7620.88
S002274,2026-10-01,C0896,P078,ST017,6,2573.97,0.1,1948.16
S002275,2026-04-09,C0199,P016,ST004,5,8725.76,0.05,6754.56
S002276,2025-11-13,C0901,P008,ST004,4,9892.53,0.02,6932.71
S002277,2026-07-06,C0499,P010,ST018,8,2346.79,0.02,1595.73
S002278,2025-02-05,C0418,P088,ST011,3,6957.9,0.05,5917.07
S002279,2026-05-09,C0720,P041,ST011,5,3097.8,0.0,2039.67
S002280,2026-10-15,C0633,P063,ST015,2,4794.83,0.05,3844.99
S002281,2025-07-12,C0668,P026,ST004,7,5402.52,0.1,3556.26
S002282,2026-10-18,C0888,P071,ST007,3,10429.22,0.02,7113.15
S002283,2025-06-20,C0049,P032,ST018,2,6014.83,0.05,5025.05
S002284,2025-01-01,C0079,P090,ST025,5,1929.53,0.05,1222.08
S002285,2026-04-18,C0482,P019,ST011,2,877.28,0.02,612.11
S002286,2026-11-05,C0927,P090,ST007,2,1675.64,0.0,1222.08
S002287,2025-12-17,C0800,P036,ST004,3,1725.92,0.05,1308.06
S002288,2026-05-26,C0826,P012,ST013,8,6782.55,0.05,5785.38
S002289,2026-08-19,C0749,P063,ST004,8,5782.47,0.0,3844.99
S002290,2025-09-29,C0673,P011,ST023,2,10007.08,0.05,8103.73
S002291,2026-09-23,C0656,P064,ST009,5,10307.28,0.05,7055.83
S002292,2026-05-16,C0794,P003,ST020,8,11303.12,0.05,9496.36
S002293,2025-10-21,C0526,P020,ST019,5,6906.97,0.05,5381.43
S002294,2025-07-12,C0382,P078,ST008,6,2834.81,0.05,1948.16
S002295,2025-10-20,C0047,P070,ST007,8,9261.84,0.0,7620.88
S002296,2026-04-30,C0308,P078,ST016,8,2558.27,0.0,1948.16
S002297,2026-01-13,C0421,P003,ST004,2,14705.84,0.02,9496.36
S002298,2025-10-22,C0844,P077,ST012,1,5713.76,0.05,4125.87
S002299,2026-06-02,C0214,P077,ST017,6,5777.97,0.05,4125.87
S002300,2025-07-19,C0166,P036,ST011,7,1707.98,0.0,1308.06
S002301,2026-12-20,C0046,P064,ST020,4,11261.37,0.0,7055.83
S002302,2026-10-08,C0643,P022,ST011,8,6423.38,0.02,5050.21
S002303,2025-02-06,C0248,P010,ST023,5,2224.57,0.1,1595.73
S002304,2026-11-09,C0624,P076,ST005,6,9302.53,0.0,6054.39
S002305,2026-04-12,C0857,P084,ST016,3,7068.92,0.05,4325.72
S002306,2026-11-29,C0621,P090,ST018,5,1776.63,0.05,1222.08
S002307,2025-10-05,C0631,P008,ST002,3,9061.8,0.0,6932.71
S002308,2026-03-29,C0211,P048,ST015,7,2088.99,0.05,1279.89
S002309,2026-03-27,C0689,P080,ST024,3,8777.27,0.0,7154.82
S002310,2025-06-09,C0109,P066,ST007,5,13320.3,0.1,10315.22
S002311,2025-03-31,C0321,P033,ST016,5,15964.63,0.05,9814.74
S002312,2026-12-20,C0794,P023,ST020,8,14904.7,0.1,10277.49
S002313,2025-04-22,C0993,P050,ST002,6,13503.04,0.0,11552.3
S002314,2026-01-02,C0005,P073,ST011,3,1461.79,0.02,1242.22
S002315,2026-07-30,C0526,P056,ST021,6,10111.11,0.05,8673.46
S002316,2026-05-07,C0149,P060,ST011,3,15288.97,0.1,10855.58
S002317,2026-05-22,C0022,P071,ST025,4,10056.86,0.05,7113.15
S002318,2026-06-17,C0167,P008,ST006,3,11385.74,0.15,6932.71
S002319,2026-03-05,C0927,P022,ST009,2,7032.07,0.0,5050.21
S002320,2025-06-17,C0669,P078,ST010,1,2341.37,0.0,1948.16
S002321,2026-09-18,C0303,P030,ST020,3,13986.0,0.05,9460.8
S002322,2025-12-10,C0337,P030,ST012,6,12233.13,0.05,9460.8
S002323,2025-04-05,C0703,P084,ST012,4,6648.9,0.1,4325.72
S002324,2026-12-18,C0148,P008,ST007,6,8660.23,0.0,6932.71
S002325,2026-03-22,C0559,P067,ST014,8,14520.24,0.05,9162.6
S002326,2026-06-11,C0914,P088,ST005,8,9316.6,0.0,5917.07
S002327,2025-07-12,C0358,P067,ST014,6,10590.35,0.0,9162.6
S002328,2026-12-14,C0327,P089,ST016,3,14725.37,0.0,9447.14
S002329,2025-08-31,C0600,P065,ST009,5,2843.77,0.05,2327.08
S002330,2025-10-24,C0522,P006,ST022,8,14364.0,0.15,9423.57
S002331,2025-03-27,C0638,P069,ST005,7,8023.95,0.02,5327.09
S002332,2026-02-07,C0214,P073,ST016,1,1949.22,0.05,1242.22
S002333,2026-10-29,C0563,P059,ST005,8,1975.46,0.0,1382.59
S002334,2026-06-23,C0884,P078,ST011,6,2941.93,0.05,1948.16
S002335,2025-11-13,C0218,P014,ST019,2,11944.82,0.05,9238.74
S002336,2026-11-05,C0890,P089,ST009,6,13690.33,0.0,9447.14
S002337,2026-09-01,C0856,P056,ST011,7,10457.86,0.15,8673.46
S002338,2025-03-01,C0328,P024,ST025,3,3825.75,0.05,2998.79
S002339,2025-09-21,C0692,P072,ST012,2,9129.34,0.02,7885.7
S002340,2026-01-10,C0060,P086,ST007,7,625.08,0.0,517.95
S002341,2025-03-15,C0669,P018,ST012,4,5274.88,0.1,3821.41
S002342,2026-01-29,C0108,P079,ST008,5,2212.41,0.0,1464.98
S002343,2026-09-21,C0558,P078,ST016,3,3151.32,0.05,1948.16
S002344,2026-07-29,C0411,P034,ST013,8,2792.96,0.05,2211.93
S002345,2025-03-18,C0178,P079,ST020,4,1746.97,0.05,1464.98
S002346,2026-11-01,C0190,P078,ST008,7,2922.91,0.0,1948.16
S002347,2026-04-30,C0920,P042,ST021,2,13791.85,0.05,8431.76
S002348,2026-02-02,C0589,P009,ST013,1,2365.02,0.0,1892.61
S002349,2026-08-08,C0478,P032,ST009,4,7511.87,0.0,5025.05
S002350,2026-01-23,C0625,P028,ST022,8,9974.23,0.05,8027.52
S002351,2026-06-17,C0627,P048,ST002,8,1493.66,0.0,1279.89
S002352,2026-06-26,C0872,P079,ST014,2,2214.23,0.05,1464.98
S002353,2025-02-09,C0748,P067,ST005,8,11050.21,0.1,9162.6
S002354,2026-01-24,C0503,P032,ST002,6,6325.78,0.0,5025.05
S002355,2026-07-25,C0178,P061,ST019,3,8537.77,0.02,5605.37
S002356,2025-07-20,C0326,P051,ST020,7,15934.12,0.02,10925.82
S002357,2026-09-14,C0290,P050,ST020,5,18010.36,0.02,11552.3
S002358,2026-11-17,C0461,P039,ST010,8,3426.76,0.0,2144.94
S002359,2025-04-15,C0652,P033,ST007,6,15838.13,0.05,9814.74
S002360,2026-10-05,C0276,P084,ST002,8,5045.7,0.02,4325.72
S002361,2026-10-18,C0884,P049,ST010,2,2066.5,0.0,1636.57
S002362,2026-02-14,C0809,P071,ST023,1,9934.53,0.0,7113.15
S002363,2026-07-15,C0707,P025,ST008,8,1288.52,0.0,935.06
S002364,2026-06-02,C0850,P090,ST020,1,1873.67,0.0,1222.08
S002365,2025-07-25,C0867,P001,ST023,7,3797.37,0.05,2598.92
S002366,2026-02-11,C0817,P046,ST019,1,10394.9,0.1,7655.82
S002367,2025-01-25,C0042,P045,ST023,4,5810.35,0.05,3792.77
S002368,2026-02-12,C0885,P089,ST015,7,12821.77,0.05,9447.14
S002369,2026-07-31,C0461,P011,ST013,2,11757.55,0.0,8103.73
S002370,2026-08-23,C0668,P058,ST002,3,4085.61,0.05,3448.84
S002371,2025-09-01,C0853,P047,ST019,3,6474.86,0.0,4501.3
S002372,2025-01-05,C0928,P044,ST021,3,7494.67,0.0,4727.0
S002373,2025-05-23,C0405,P041,ST003,5,3306.88,0.02,2039.67
S002374,2026-07-08,C0377,P075,ST006,1,1065.49,0.02,738.97
S002375,2025-10-03,C0248,P044,ST023,3,7440.8,0.0,4727.0
S002376,2026-07-13,C0441,P006,ST010,8,12837.05,0.05,9423.57
S002377,2026-04-25,C0086,P021,ST022,4,3737.23,0.05,2771.37
S002378,2026-10-16,C0359,P090,ST007,5,1435.51,0.0,1222.08
S002379,2025-11-09,C0884,P031,ST011,3,9416.73,0.0,8055.68
S002380,2026-03-26,C0217,P090,ST020,4,1556.22,0.0,1222.08
S002381,2026-09-10,C0107,P067,ST015,8,11802.25,0.1,9162.6
S002382,2026-05-16,C0577,P070,ST016,5,9575.06,0.0,7620.88
S002383,2026-05-01,C0608,P022,ST012,3,6586.87,0.0,5050.21
S002384,2026-05-18,C0189,P064,ST015,2,9665.61,0.0,7055.83
S002385,2026-01-12,C0251,P027,ST014,6,5985.1,0.1,3699.73
S002386,2026-02-08,C0580,P020,ST025,4,8067.74,0.1,5381.43
S002387,2026-04-22,C0182,P009,ST013,6,2186.42,0.05,1892.61
S002388,2026-07-14,C0111,P011,ST015,1,12486.66,0.05,8103.73
S002389,2025-01-16,C0285,P074,ST015,4,7080.93,0.15,5135.74
S002390,2026-09-14,C0369,P059,ST012,2,2174.8,0.02,1382.59
S002391,2025-10-12,C0202,P006,ST022,1,11026.86,0.05,9423.57
S002392,2025-03-23,C0836,P089,ST016,4,11292.62,0.02,9447.14
S002393,2026-10-18,C0747,P058,ST009,6,4143.82,0.02,3448.84
S002394,2026-04-22,C0673,P061,ST023,3,7587.09,0.05,5605.37
S002395,2025-09-23,C0590,P003,ST011,8,14605.79,0.0,9496.36
S002396,2025-06-12,C0829,P058,ST011,4,4781.68,0.05,3448.84
S002397,2025-05-06,C0008,P022,ST010,1,7504.38,0.02,5050.21
S002398,2025-03-18,C0807,P048,ST020,4,1737.33,0.0,1279.89
S002399,2025-05-19,C0654,P075,ST005,4,1183.14,0.0,738.97
S002400,2025-03-11,C0539,P078,ST003,1,2999.78,0.0,1948.16
S002401,2025-01-03,C0209,P083,ST015,1,8770.12,0.05,7077.47
S002402,2026-04-19,C0428,P023,ST003,1,14320.47,0.05,10277.49
S002403,2025-03-12,C0171,P069,ST011,5,7343.16,0.0,5327.09
S002404,2026-05-31,C0752,P008,ST024,3,8562.2,0.0,6932.71
S002405,2025-12-15,C0698,P026,ST022,1,4326.94,0.0,3556.26
S002406,2025-06-21,C0955,P031,ST014,5,12202.92,0.05,8055.68
S002407,2025-04-20,C0734,P072,ST009,4,11993.21,0.05,7885.7
S002408,2026-12-03,C0384,P074,ST015,7,6134.22,0.05,5135.74
S002409,2026-09-25,C0780,P051,ST010,2,15869.86,0.0,10925.82
S002410,2026-10-14,C0764,P030,ST012,8,13916.89,0.1,9460.8
S002411,2026-06-11,C0708,P078,ST021,1,2702.26,0.05,1948.16
S002412,2025-09-09,C0896,P002,ST017,2,417.53,0.0,336.51
S002413,2025-06-03,C0045,P079,ST020,2,1767.69,0.0,1464.98
S002414,2026-02-28,C0877,P021,ST019,3,3329.53,0.0,2771.37
S002415,2026-03-17,C0549,P045,ST021,7,4954.56,0.1,3792.77
S002416,2025-05-06,C0384,P030,ST017,4,11604.0,0.0,9460.8
S002417,2025-12-19,C0217,P071,ST021,8,11358.46,0.02,7113.15
S002418,2025-11-14,C0868,P040,ST008,1,8123.4,0.1,6137.28
S002419,2025-03-18,C0959,P069,ST023,3,8298.29,0.05,5327.09
S002420,2026-05-05,C0256,P061,ST010,4,8297.92,0.05,5605.37
S002421,2025-09-21,C0859,P043,ST023,6,6905.47,0.05,5492.34
S002422,2025-05-10,C0013,P067,ST005,7,10791.66,0.02,9162.6
S002423,2026-10-31,C0795,P037,ST021,3,10486.57,0.02,8737.72
S002424,2026-08-24,C0597,P016,ST002,8,8083.93,0.0,6754.56
S002425,2025-07-11,C0939,P089,ST017,4,14862.69,0.02,9447.14
S002426,2026-09-12,C0535,P007,ST014,7,8941.93,0.05,5642.26
S002427,2025-09-22,C1000,P080,ST021,8,9274.93,0.15,7154.82
S002428,2025-03-25,C0526,P073,ST018,2,1741.01,0.05,1242.22
S002429,2026-09-06,C0853,P074,ST021,4,7070.69,0.0,5135.74
S002430,2025-02-05,C0894,P084,ST023,2,6326.09,0.05,4325.72
S002431,2025-12-14,C0111,P051,ST016,6,15985.08,0.0,10925.82
S002432,2026-06-07,C0361,P050,ST020,5,15163.53,0.05,11552.3
S002433,2026-04-09,C0374,P075,ST008,7,1134.09,,738.97
S002434,2025-04-18,C0541,P041,ST004,3,2995.6,0.0,2039.67
S002435,2026-05-02,C0534,P052,ST020,2,12757.2,0.05,8471.56
S002436,2026-11-30,C0836,P004,ST017,2,11821.88,0.02,8062.0
S002437,2025-12-27,C0501,P003,ST019,6,14015.21,0.02,9496.36
S002438,2025-11-09,C0248,P080,ST025,4,11267.93,0.0,7154.82
S002439,2026-08-01,C0933,P090,ST010,5,1426.15,0.02,1222.08
S002440,2026-10-29,C0065,P066,ST002,8,14139.82,0.02,10315.22
S002441,2025-08-24,C0146,P052,ST007,2,13126.49,0.02,8471.56
S002442,2025-04-16,C0535,P045,ST015,7,4712.8,0.0,3792.77
S002443,2025-02-26,C0410,P071,ST011,6,11008.2,0.02,7113.15
S002444,2025-02-12,C0532,P021,ST016,5,3264.91,0.0,2771.37
S002445,2025-01-06,C0389,P038,ST019,5,9210.66,0.0,5677.06
S002446,2026-02-14,C0475,P043,ST006,3,6608.52,0.1,5492.34
S002447,2025-10-16,C0328,P029,ST025,4,7933.9,0.15,6795.13
S002448,2026-11-23,C0814,P084,ST004,2,6271.31,0.05,4325.72
S002449,2025-02-13,C0927,P032,ST008,2,6148.38,0.0,5025.05
S002450,2026-04-05,C0257,P010,ST023,6,2127.59,0.02,1595.73
S002451,2025-12-12,C0223,P018,ST005,1,4601.69,0.05,3821.41
S002452,2026-04-20,C0417,P067,ST008,6,12285.81,0.05,9162.6
S002453,2026-09-29,C0814,P081,ST002,8,2640.6,0.05,2254.47
S002454,2025-07-16,C0233,P027,ST006,4,5738.86,0.05,3699.73
S002455,2026-11-08,C0339,P089,ST016,5,11050.26,0.05,9447.14
S002456,2025-12-05,C0218,P084,ST018,2,5126.0,0.0,4325.72
S002457,2026-08-04,C0936,P028,ST009,5,12248.16,0.1,8027.52
S002458,2026-03-10,C0090,P041,ST003,2,2947.16,0.0,2039.67
S002459,2026-12-06,C0844,P057,ST010,6,6961.16,0.05,5530.0
S002460,2026-07-24,C0648,P036,ST008,7,1709.47,0.05,1308.06
S002461,2025-09-30,C0228,P022,ST019,7,7512.6,0.0,5050.21
S002462,2026-03-30,C0442,P081,ST011,4,3464.57,0.0,2254.47
S002463,2026-04-07,C0581,P017,ST013,4,10164.07,0.02,6820.68
S002464,2026-04-18,C0550,P030,ST011,3,12362.06,0.05,9460.8
S002465,2026-11-27,C0342,P070,ST004,4,12134.25,0.0,7620.88
S002466,2026-04-24,C0489,P082,ST012,1,17861.79,0.05,11120.16
S002467,2025-07-02,C0343,P066,ST016,1,14976.98,0.05,10315.22
S002468,2025-07-27,C0087,P032,ST001,8,8019.7,0.1,5025.05
S002469,2025-02-14,C0892,P027,ST021,3,4476.97,0.05,3699.73
S002470,2026-03-01,C0161,P081,ST021,7,2863.8,0.0,2254.47
S002471,2025-05-24,C0504,P065,ST002,2,2906.14,0.0,2327.08
S002472,2025-05-16,C0344,P019,ST007,8,852.86,0.0,612.11
S002473,2025-12-11,C0495,P002,ST005,4,405.5,0.0,336.51
S002474,2025-09-24,C0099,P088,ST004,3,9026.09,0.0,5917.07
S002475,2025-05-14,C0955,P056,ST017,7,10772.38,0.05,8673.46
S002476,2026-10-06,C0871,P046,ST017,8,11899.25,0.0,7655.82
S002477,2026-06-28,C0288,P074,ST024,3,6330.31,0.1,5135.74
S002478,2025-06-04,C0133,P085,ST004,7,9729.82,0.05,7193.26
S002479,2026-10-26,C0542,P066,ST003,1,16506.3,0.0,10315.22
S002480,2026-01-09,C0145,P073,ST014,2,1477.36,0.15,1242.22
S002481,2025-10-09,C0686,P019,ST004,5,779.45,0.0,612.11
S002482,2026-08-15,C0644,P047,ST016,4,7056.87,0.05,4501.3
S002483,2025-03-17,C0344,P054,ST008,7,15504.39,0.05,11637.82
S002484,2026-09-25,C0440,P071,ST008,5,10789.58,0.0,7113.15
S002485,2026-07-30,C0356,P009,ST012,8,2751.67,0.0,1892.61
S002486,2026-06-14,C0085,P088,ST008,8,7736.58,0.0,5917.07
S002487,2026-08-25,C0296,P052,ST003,8,13312.43,0.05,8471.56
S002488,2025-07-13,C0001,P026,ST011,5,4501.93,0.0,3556.26
S002489,2025-06-30,C0532,P019,ST016,1,879.41,0.0,612.11
S002490,2026-10-19,C0977,P070,ST002,5,9394.53,0.02,7620.88
S002491,2026-01-13,C0093,P039,ST024,1,2961.23,0.0,2144.94
S002492,2025-11-07,C0142,P065,ST002,5,3716.58,0.05,2327.08
S002493,2025-03-07,C0781,P037,ST003,8,11393.73,0.05,8737.72
S002494,2025-01-04,C0286,P081,ST020,7,3130.76,0.05,2254.47
S002495,2025-02-17,C0022,P062,ST023,2,4083.64,0.05,2627.77
S002496,2026-10-18,C0291,P048,ST022,3,2032.04,0.0,1279.89
S002497,2026-08-26,C0685,P030,ST024,7,12441.09,0.1,9460.8
S002498,2026-06-24,C0072,P021,ST017,3,4389.1,0.0,2771.37
S002499,2025-03-21,C0239,P081,ST007,1,2711.87,0.05,2254.47
S002500,2026-08-30,C0210,P032,ST001,2,7325.03,0.0,5025.05
S002501,2026-04-24,C0259,P024,ST012,1,4280.01,0.0,2998.79
S002502,2026-09-16,C0915,P008,ST008,7,8892.21,0.1,6932.71
S002503,2026-12-25,C0594,P027,ST007,2,4559.56,0.05,3699.73
S002504,2025-10-09,C0560,P069,ST007,8,6767.74,0.0,5327.09
S002505,2025-04-12,C0359,P014,ST009,1,13938.7,0.05,9238.74
S002506,2026-11-22,C0784,P045,ST010,2,4628.42,0.02,3792.77
S002507,2026-07-24,C0187,P030,ST021,1,14002.27,0.0,9460.8
S002508,2025-01-07,C0505,P021,ST015,1,3892.18,0.02,2771.37
S002509,2025-03-12,C0432,P065,ST023,1,3594.78,0.05,2327.08
S002510,2025-01-27,C0689,P089,ST024,8,14658.44,0.0,9447.14
S002511,2025-03-17,C0470,P032,ST010,1,8175.04,0.05,5025.05
S002512,2026-01-04,C0307,P088,ST022,8,8876.41,0.0,5917.07
S002513,2025-10-28,C0935,P031,ST023,4,11194.26,0.1,8055.68
S002514,2026-01-12,C0260,P030,ST010,3,14002.74,0.1,9460.8
S002515,2025-07-05,C0665,P019,ST003,7,941.82,0.0,612.11
S002516,2026-11-24,C0338,P079,ST016,4,2178.28,0.05,1464.98
S002517,2026-07-05,C0227,P005,ST020,2,10063.8,0.1,8535.69
S002518,2026-08-21,C0047,P013,ST006,2,8546.12,0.0,6891.52
S002519,2026-02-05,C0678,P059,ST011,5,1952.56,0.02,1382.59
S002520,2026-10-14,C0304,P085,ST004,7,8669.63,0.0,7193.26
S002521,2025-08-29,C0282,P020,ST003,1,6527.57,0.0,5381.43
S002522,2026-03-05,C0836,P028,ST014,1,11672.23,0.02,8027.52
S002523,2025-06-24,C0388,P064,ST023,6,11273.34,0.02,7055.83
S002524,2025-02-13,C0287,P086,ST004,6,781.58,0.0,517.95
S002525,2025-12-18,C0704,P015,ST009,8,12552.03,0.02,7707.94
S002526,2026-03-10,C0993,P077,ST001,2,6387.05,0.1,4125.87
S002527,2026-02-13,C0198,P010,ST018,5,1903.44,0.05,1595.73
S002528,2025-08-27,C0995,P079,ST022,3,1804.08,0.0,1464.98
S002529,2025-07-02,C0168,P052,ST015,4,12922.11,0.0,8471.56
S002530,2025-06-17,C0579,P062,ST015,4,3189.03,0.05,2627.77
S002531,2026-06-24,C0320,P040,ST017,1,8620.78,0.0,6137.28
S002532,2026-08-06,C0960,P011,ST005,8,9706.73,0.1,8103.73
S002533,2026-10-16,C0490,P010,ST020,5,1862.98,0.05,1595.73
S002534,2026-01-15,C0943,P052,ST022,3,11896.72,0.0,8471.56
S002535,2025-10-11,C0857,P073,ST014,7,1772.33,0.02,1242.22
S002536,2025-06-07,C0773,P058,ST023,6,5171.17,0.02,3448.84
S002537,2025-11-09,C0851,P059,ST015,8,1987.65,0.1,1382.59
S002538,2026-05-12,C0258,P019,ST007,1,998.51,0.0,612.11
S002539,2025-09-24,C0041,P056,ST023,4,12424.53,0.05,8673.46
S002540,2026-11-02,C0764,P073,ST013,5,1654.22,0.0,1242.22
S002541,2026-05-04,C0810,P086,ST007,8,790.35,0.02,517.95
S002542,2025-07-21,C0337,P052,ST011,8,9941.27,0.05,8471.56
S002543,2025-07-17,C0972,P007,ST012,2,8447.15,0.0,5642.26
S002544,2025-06-06,C0786,P003,ST003,6,11399.7,,9496.36
S002545,2026-01-11,C0658,P072,ST004,1,9079.71,0.02,7885.7
S002546,2026-01-25,C0516,P062,ST008,6,3067.72,0.0,2627.77
S002547,2026-04-20,C0081,P062,ST009,5,3387.54,0.0,2627.77
S002548,2026-05-02,C0684,P090,ST021,1,1745.61,0.02,1222.08
S002549,2026-11-15,C0866,P047,ST006,8,6446.59,0.0,4501.3
S002550,2025-06-08,C0352,P014,ST017,5,10770.99,0.05,9238.74
S002551,2025-07-10,C0853,P087,ST019,7,14441.39,0.0,11513.07
S002552,2025-05-29,C0890,P019,ST009,4,796.29,0.05,612.11
S002553,2025-07-13,C0635,P050,ST001,6,16894.42,0.05,11552.3
S002554,2025-11-25,C0356,P053,ST013,6,4764.6,0.0,3373.97
S002555,2025-11-09,C0736,P068,ST023,6,13144.33,0.0,8703.69
S002556,2026-11-04,C0416,P013,ST001,4,8048.68,0.02,6891.52
S002557,2025-11-01,C0431,P001,ST009,4,3175.72,0.02,2598.92
S002558,2026-09-11,C0791,P030,ST007,5,11681.02,0.05,9460.8
S002559,2025-06-02,C0609,P077,ST019,7,4814.73,0.05,4125.87
S002560,2025-08-21,C0225,P018,ST014,7,5693.67,0.05,3821.41
S002561,2025-06-25,C0122,P053,ST025,3,4962.93,0.0,3373.97
S002562,2026-10-23,C0822,P026,ST011,6,5828.6,0.0,3556.26
S002563,2026-10-21,C0229,P074,ST009,7,7532.08,0.02,5135.74
S002564,2025-02-15,C0175,P012,ST006,2,8996.84,0.0,5785.38
S002565,2025-11-09,C0850,P066,ST019,3,13974.64,0.0,10315.22
S002566,2026-04-20,C0786,P020,ST001,2,6944.16,0.1,5381.43
S002567,2026-08-25,C0886,P023,ST008,2,12260.7,0.0,10277.49
S002568,2026-12-12,C0462,P002,ST018,7,535.78,0.05,336.51
S002569,2026-10-24,C0564,P002,ST025,3,406.56,0.1,336.51
S002570,2026-03-29,C0925,P073,ST009,3,1942.65,0.05,1242.22
S002571,2026-12-16,C0379,P055,ST003,1,12258.46,0.0,9400.32
S002572,2026-12-14,C0955,P004,ST015,4,11008.39,0.05,8062.0
S002573,2026-12-06,C0679,P028,ST016,2,12552.48,0.02,8027.52
S002574,2025-03-14,C0644,P006,ST016,7,10920.61,0.1,9423.57
S002575,2026-11-20,C0313,P086,ST019,3,679.14,0.05,517.95
S002576,2025-06-20,C0914,P015,ST005,8,10470.23,0.02,7707.94
S002577,2025-01-01,C0531,P063,ST005,8,5957.14,0.0,3844.99
S002578,2026-09-04,C0974,P047,ST023,1,6288.25,0.05,4501.3
S002579,2026-10-17,C0637,P069,ST014,8,6331.59,0.0,5327.09
S002580,2026-03-22,C0547,P008,ST010,6,9754.93,0.02,6932.71
S002581,2025-10-15,C0170,P071,ST002,1,10096.37,0.02,7113.15
S002582,2025-12-29,C0254,P051,ST020,3,12911.59,0.05,10925.82
S002583,2026-07-22,C0261,P027,ST007,3,4968.39,0.02,3699.73
S002584,2026-12-27,C0349,P088,ST014,3,6821.94,0.1,5917.07
S002585,2026-12-30,C0138,P065,ST012,6,2679.44,0.05,2327.08
S002586,2026-12-01,C0116,P042,ST021,4,13266.46,0.0,8431.76
S002587,2025-06-21,C0106,P053,ST025,2,3912.98,0.05,3373.97
S002588,2025-10-16,C0504,P055,ST001,2,13115.55,0.0,9400.32
S002589,2025-09-04,C0328,P030,ST025,6,14592.23,0.05,9460.8
S002590,2025-12-17,C0893,P066,ST010,8,12838.21,0.02,10315.22
S002591,2026-08-19,C0497,P005,ST018,1,9836.89,0.1,8535.69
S002592,2026-06-08,C0679,P059,ST016,5,1886.48,0.15,1382.59
S002593,2026-10-19,C0817,P073,ST019,6,1442.14,0.0,1242.22
S002594,2026-08-26,C0190,P087,ST009,6,16831.82,0.0,11513.07
S002595,2026-10-07,C0983,P009,ST025,4,2631.56,0.02,1892.61
S002596,2026-07-22,C0028,P072,ST018,6,12110.76,0.0,7885.7
S002597,2025-11-29,C0215,P055,ST013,6,13703.7,0.02,9400.32
S002598,2025-09-26,C0883,P035,ST024,6,622.96,0.05,516.87
S002599,2025-02-11,C0793,P085,ST009,8,8371.44,0.05,7193.26
S002600,2026-03-17,C0124,P014,ST005,8,15005.24,0.05,9238.74
S002601,2026-11-06,C0739,P055,ST014,1,11203.22,0.1,9400.32
S002602,2025-11-10,C0311,P061,ST002,3,6982.4,0.15,5605.37
S002603,2025-12-25,C0713,P032,ST024,8,7802.32,0.02,5025.05
S002604,2025-07-09,C0952,P026,ST015,8,5440.1,0.0,3556.26
S002605,2025-03-29,C0392,P089,ST018,1,15028.36,0.02,9447.14
S002606,2025-09-30,C0975,P083,ST022,6,8480.58,0.02,7077.47
S002607,2026-01-11,C0668,P036,ST002,1,1656.14,0.1,1308.06
S002608,2026-10-31,C0096,P062,ST021,6,4290.74,0.05,2627.77
S002609,2025-09-16,C0945,P090,ST023,8,1883.39,0.0,1222.08
S002610,2026-04-14,C0439,P079,ST025,3,2288.43,0.05,1464.98
S002611,2025-08-22,C0446,P084,ST016,4,7037.6,0.0,4325.72
S002612,2025-03-06,C0363,P076,ST025,6,7996.26,0.05,6054.39
S002613,2025-04-23,C0158,P075,ST020,2,917.09,0.0,738.97
S002614,2025-05-11,C0518,P004,ST008,2,10555.56,0.05,8062.0
S002615,2025-01-23,C0710,P074,ST024,4,7364.71,0.0,5135.74
S002616,2025-01-01,C0390,P040,ST006,4,9951.42,0.05,6137.28
S002617,2026-09-23,C0560,P058,ST007,3,4068.18,0.05,3448.84
S002618,2026-11-26,C0216,P079,ST010,2,2343.14,0.0,1464.98
S002619,2025-11-13,C0731,P008,ST019,3,10124.87,0.1,6932.71
S002620,2026-03-28,C0803,P085,ST002,6,9640.94,0.0,7193.26
S002621,2025-06-12,C0519,P045,ST016,4,6173.8,0.0,3792.77
S002622,2025-02-26,C0004,P010,ST016,8,2295.5,0.05,1595.73
S002623,2025-07-18,C0711,P037,ST004,8,11144.81,0.05,8737.72
S002624,2026-04-16,C0228,P023,ST019,2,11878.85,0.0,10277.49
S002625,2025-12-23,C0444,P069,ST007,2,6599.8,0.05,5327.09
S002626,2026-02-20,C0225,P019,ST016,4,975.77,0.05,612.11
S002627,2025-04-25,C0213,P026,ST017,4,5428.54,0.05,3556.26
S002628,2025-04-01,C0579,P057,ST017,8,7322.61,0.05,5530.0
S002629,2025-11-04,C0783,P022,ST014,2,7363.23,0.0,5050.21
S002630,2025-02-08,C0699,P008,ST006,6,9551.4,0.02,6932.71
S002631,2025-03-11,C0339,P043,ST016,1,6524.72,0.15,5492.34
S002632,2026-10-03,C0009,P090,ST013,2,1838.2,0.0,1222.08
S002633,2026-05-14,C0868,P014,ST007,8,13298.86,0.0,9238.74
S002634,2026-06-13,C0469,P086,ST021,2,846.25,0.0,517.95
S002635,2025-10-14,C0579,P044,ST015,8,7696.72,0.0,4727.0
S002636,2026-02-27,C0746,P048,ST008,4,1894.72,0.02,1279.89
S002637,2026-07-05,C0927,P008,ST006,7,11298.34,0.05,6932.71
S002638,2025-03-16,C0244,P089,ST012,5,14237.94,0.02,9447.14
S002639,2025-11-08,C0605,P065,ST011,2,3288.56,0.0,2327.08
S002640,2025-06-16,C0016,P078,ST018,6,2929.32,0.15,1948.16
S002641,2026-06-29,C0913,P067,ST005,3,13490.01,0.1,9162.6
S002642,2026-11-24,C0989,P026,ST015,7,5866.56,0.05,3556.26
S002643,2025-02-18,C0149,P083,ST013,4,8528.75,0.0,7077.47
S002644,2026-08-30,C0255,P050,ST003,7,14632.41,0.0,11552.3
S002645,2026-06-22,C0008,P007,ST013,1,7873.95,0.0,5642.26
S002646,2026-12-03,C0273,P019,ST001,7,897.97,0.02,612.11
S002647,2025-06-25,C0167,P082,ST009,5,16780.94,0.02,11120.16
S002648,2026-07-18,C0973,P051,ST017,6,14878.92,0.1,10925.82
S002649,2025-08-15,C0463,P067,ST023,5,12477.75,0.02,9162.6
S002650,2026-07-14,C0203,P066,ST020,5,13770.39,0.0,10315.22
S002651,2025-01-25,C0463,P015,ST024,2,9948.9,0.0,7707.94
S002652,2026-08-29,C0089,P076,ST015,4,8338.29,0.0,6054.39
S002653,2025-04-06,C0955,P044,ST017,1,6258.72,0.0,4727.0
S002654,2025-02-24,C0105,P082,ST017,2,16683.44,0.05,11120.16
S002655,2025-01-30,C0301,P069,ST022,8,6958.81,0.0,5327.09
S002656,2026-01-26,C0641,P003,ST004,3,12108.33,0.15,9496.36
S002657,2025-01-25,C0905,P003,ST005,4,12373.79,0.02,9496.36
S002658,2026-11-25,C0111,P048,ST014,4,2094.04,0.05,1279.89
S002659,2026-03-08,C0043,P028,ST012,1,11684.97,0.0,8027.52
S002660,2025-09-25,C0161,P012,ST018,6,9168.29,0.1,5785.38
S002661,2026-05-01,C0165,P048,ST022,8,2064.69,0.0,1279.89
S002662,2026-07-30,C0426,P004,ST020,2,13289.27,0.1,8062.0
S002663,2025-05-13,C0549,P027,ST021,6,4308.8,0.0,3699.73
S002664,2026-11-27,C0623,P072,ST005,7,12552.58,0.0,7885.7
S002665,2026-06-10,C0761,P041,ST010,4,3226.73,0.0,2039.67
S002666,2025-01-20,C0213,P058,ST017,4,5191.48,0.1,3448.84
S002667,2026-06-13,C0336,P016,ST006,3,9628.26,0.02,6754.56
S002668,2026-11-20,C0200,P069,ST024,8,8041.73,0.0,5327.09
S002669,2026-12-20,C0015,P018,ST003,5,4606.87,0.0,3821.41
S002670,2025-06-30,C0160,P088,ST014,4,8243.06,0.02,5917.07
S002671,2025-02-23,C0647,P023,ST021,1,16485.73,0.1,10277.49
S002672,2026-10-10,C0209,P004,ST017,2,11785.97,,8062.0
S002673,2026-04-09,C0493,P007,ST003,3,8758.7,0.0,5642.26
S002674,2026-03-19,C0943,P088,ST023,7,7033.8,0.02,5917.07
S002675,2025-07-09,C0199,P083,ST002,8,10568.59,0.05,7077.47
S002676,2026-06-27,C0279,P012,ST001,8,9322.49,0.05,5785.38
S002677,2025-12-17,C0880,P005,ST012,8,10405.58,0.05,8535.69
S002678,2025-01-21,C0766,P068,ST017,8,10772.39,0.0,8703.69
S002679,2026-03-17,C0960,P090,ST002,2,1699.13,0.05,1222.08
S002680,2026-07-25,C0560,P013,ST009,3,8564.06,0.0,6891.52
S002681,2025-12-06,C0562,P051,ST007,5,16546.85,0.05,10925.82
S002682,2025-08-13,C0540,P049,ST008,8,2145.88,0.05,1636.57
S002683,2025-11-08,C0690,P067,ST001,8,11491.66,0.0,9162.6
S002684,2026-01-02,C0760,P071,ST013,6,10546.69,0.02,7113.15
S002685,2026-03-16,C0535,P052,ST016,7,11939.68,0.02,8471.56
S002686,2025-06-24,C0803,P050,ST005,4,15804.04,0.15,11552.3
S002687,2025-10-07,C0517,P022,ST023,4,6156.12,0.1,5050.21
S002688,2026-10-27,C0209,P053,ST017,4,5539.93,0.0,3373.97
S002689,2025-09-07,C0462,P045,ST021,2,6167.98,0.02,3792.77
S002690,2025-03-23,C0892,P051,ST018,7,12644.64,0.0,10925.82
S002691,2026-07-06,C0429,P049,ST009,8,2200.34,0.05,1636.57
S002692,2025-02-22,C0165,P069,ST023,6,7352.26,0.0,5327.09
S002693,2025-01-26,C0541,P013,ST005,6,8226.15,0.05,6891.52
S002694,2026-03-29,C0826,P026,ST010,1,5669.03,0.1,3556.26
S002695,2025-03-20,C0588,P086,ST002,8,767.8,0.0,517.95
S002696,2025-07-24,C0825,P007,ST025,7,9248.63,0.15,5642.26
S002697,2025-02-04,C0447,P060,ST002,2,13165.53,0.0,10855.58
S002698,2025-07-19,C0943,P057,ST024,6,6499.02,0.15,5530.0
S002699,2025-12-15,C0361,P028,ST021,7,12147.95,0.05,8027.52
S002700,2025-12-10,C0469,P028,ST021,5,9405.07,0.02,8027.52
S002701,2026-01-15,C0737,P026,ST009,6,5243.61,0.02,3556.26
S002702,2025-07-16,C0434,P073,ST019,2,2025.98,0.0,1242.22
S002703,2026-11-29,C0720,P018,ST011,4,5227.93,0.02,3821.41
S002704,2026-05-29,C0872,P076,ST017,7,8536.31,0.02,6054.39
S002705,2026-11-05,C0207,P087,ST024,7,17615.85,0.1,11513.07
S002706,2026-05-30,C0966,P038,ST018,1,9359.6,0.05,5677.06
S002707,2026-04-02,C0105,P038,ST015,1,8811.39,0.05,5677.06
S002708,2025-09-03,C0190,P087,ST006,5,14052.66,0.02,11513.07
S002709,2025-03-15,C0384,P058,ST015,2,4131.02,0.0,3448.84
S002710,2025-04-17,C0575,P023,ST021,8,15822.83,0.05,10277.49
S002711,2026-11-30,C0866,P011,ST009,3,11348.68,0.0,8103.73
S002712,2026-10-14,C0540,P057,ST006,6,7244.02,0.0,5530.0
S002713,2025-10-13,C0343,P004,ST016,2,12595.97,0.15,8062.0
S002714,2025-11-12,C0348,P008,ST005,1,9681.19,0.0,6932.71
S002715,2025-02-07,C0685,P065,ST023,5,3562.79,0.0,2327.08
S002716,2025-10-23,C0536,P088,ST008,8,7396.8,0.0,5917.07
S002717,2025-09-18,C0266,P042,ST023,8,9853.77,0.02,8431.76
S002718,2025-08-21,C0454,P040,ST017,4,7909.29,0.02,6137.28
S002719,2025-07-19,C0836,P081,ST017,8,3321.02,0.05,2254.47
S002720,2026-04-20,C0204,P039,ST014,3,2520.94,0.0,2144.94
S002721,2025-08-09,C0265,P030,ST025,8,11285.68,0.02,9460.8
S002722,2026-09-20,C0338,P002,ST015,2,449.66,0.05,336.51
S002723,2026-03-24,C0950,P076,ST013,1,8421.33,0.15,6054.39
S002724,2026-10-23,C0067,P022,ST001,3,6859.98,0.05,5050.21
S002725,2026-09-16,C0325,P052,ST014,5,10918.0,0.05,8471.56
S002726,2026-10-17,C0585,P014,ST004,4,12007.65,0.0,9238.74
S002727,2025-01-08,C0550,P069,ST010,2,6535.9,0.05,5327.09
S002728,2025-12-15,C0689,P035,ST023,8,731.22,0.05,516.87
S002729,2025-12-26,C0347,P062,ST012,6,3203.06,0.15,2627.77
S002730,2025-11-15,C0717,P078,ST019,5,2709.33,0.05,1948.16
S002731,2026-01-18,C0787,P030,ST004,3,11476.07,,9460.8
S002732,2025-04-02,C0747,P078,ST008,2,3050.83,0.1,1948.16
S002733,2025-11-03,C0130,P064,ST005,1,11356.22,0.02,7055.83
S002734,2025-12-03,C0349,P070,ST015,3,12207.21,0.0,7620.88
S002735,2025-10-04,C0647,P018,ST021,3,5256.47,0.0,3821.41
S002736,2026-04-15,C0121,P038,ST001,3,8704.78,0.05,5677.06
S002737,2026-01-31,C0930,P043,ST006,7,8282.3,0.05,5492.34
S002738,2025-03-12,C0904,P019,ST019,8,807.34,0.0,612.11
S002739,2025-12-15,C0846,P014,ST023,2,12076.16,0.05,9238.74
S002740,2025-02-13,C0681,P069,ST005,8,7083.79,0.0,5327.09
S002741,2026-08-11,C0949,P071,ST010,5,11550.86,0.02,7113.15
S002742,2025-06-06,C0797,P035,ST022,7,718.14,0.05,516.87
S002743,2025-09-05,C0761,P073,ST010,1,1780.23,0.0,1242.22
S002744,2026-08-25,C0953,P034,ST006,8,3229.22,0.15,2211.93
S002745,2026-02-06,C0461,P034,ST013,4,2594.49,0.02,2211.93
S002746,2025-12-03,C0660,P039,ST019,1,2740.8,0.05,2144.94
S002747,2025-12-16,C0158,P089,ST020,4,14838.81,0.0,9447.14
S002748,2025-07-04,C0125,P025,ST025,6,1283.78,0.05,935.06
S002749,2026-12-04,C0860,P020,ST008,7,6498.91,0.0,5381.43
S002750,2026-02-05,C0204,P084,ST015,3,6630.24,0.0,4325.72
S002751,2025-07-24,C0505,P053,ST016,2,4696.98,0.05,3373.97
S002752,2026-01-28,C0857,P042,ST015,2,13128.8,0.0,8431.76
S002753,2026-05-09,C0259,P047,ST013,8,5378.32,0.0,4501.3
S002754,2025-05-25,C0048,P073,ST002,5,1525.12,0.05,1242.22
S002755,2025-12-23,C0151,P027,ST023,1,5012.42,0.1,3699.73
S002756,2025-05-01,C0392,P032,ST020,1,8252.81,0.02,5025.05
S002757,2026-09-12,C0429,P081,ST009,4,3152.66,0.0,2254.47
S002758,2026-11-09,C0485,P080,ST025,2,9938.9,0.0,7154.82
S002759,2025-08-17,C0285,P069,ST016,4,8370.38,0.0,5327.09
S002760,2026-12-09,C0217,P013,ST018,5,8812.84,0.0,6891.52
S002761,2025-05-15,C0019,P033,ST019,5,13784.0,0.15,9814.74
S002762,2025-02-18,C0644,P009,ST014,2,2663.18,0.1,1892.61
S002763,2026-02-24,C0627,P058,ST002,5,5180.18,0.0,3448.84
S002764,2026-06-11,C0905,P040,ST002,3,7216.65,0.0,6137.28
S002765,2025-06-09,C0369,P004,ST012,3,12761.43,0.0,8062.0
S002766,2026-07-24,C0796,P037,ST003,8,10181.05,0.05,8737.72
S002767,2025-02-16,C0157,P072,ST025,7,12557.28,0.05,7885.7
S002768,2026-01-04,C0330,P079,ST010,2,2060.16,0.02,1464.98
S002769,2026-03-14,C0968,P017,ST009,4,10248.12,0.0,6820.68
S002770,2026-09-10,C0231,P068,ST019,2,10498.88,0.05,8703.69
S002771,2025-01-30,C0162,P087,ST003,5,13388.58,0.1,11513.07
S002772,2025-07-23,C0339,P002,ST015,3,406.95,0.05,336.51
S002773,2026-12-30,C0331,P075,ST009,3,1174.93,0.05,738.97
S002774,2026-04-06,C0768,P005,ST004,6,11790.32,0.05,8535.69
S002775,2025-12-18,C0327,P001,ST017,5,3329.42,0.02,2598.92
S002776,2026-05-26,C0127,P030,ST006,1,10951.44,0.0,9460.8
S002777,2025-08-27,C0628,P012,ST001,7,7811.05,0.15,5785.38
S002778,2026-02-13,C0783,P034,ST015,2,3004.67,0.02,2211.93
S002779,2026-11-09,C0238,P045,ST010,1,5577.06,0.02,3792.77
S002780,2026-05-05,C0674,P084,ST016,3,6781.58,0.1,4325.72
S002781,2026-08-01,C0699,P071,ST008,3,9925.56,0.0,7113.15
S002782,2026-08-17,C0790,P004,ST018,4,10110.04,0.05,8062.0
S002783,2025-07-20,C0097,P008,ST011,6,8820.7,0.02,6932.71
S002784,2026-12-20,C0658,P019,ST004,1,930.23,0.05,612.11
S002785,2025-06-23,C0761,P048,ST013,2,2054.8,0.0,1279.89
S002786,2026-11-29,C0386,P087,ST007,5,18535.9,0.05,11513.07
S002787,2026-08-30,C0014,P080,ST010,8,9198.21,0.05,7154.82
S002788,2025-10-04,C0365,P059,ST013,5,1873.19,0.05,1382.59
S002789,2026-09-17,C0051,P025,ST024,4,1414.01,0.0,935.06
S002790,2026-01-08,C0742,P068,ST017,5,10660.89,0.1,8703.69
S002791,2026-08-26,C0589,P016,ST011,5,10420.62,0.1,6754.56
S002792,2025-05-23,C0366,P041,ST020,1,2448.44,0.05,2039.67
S002793,2026-11-02,C0899,P039,ST010,3,2965.96,0.05,2144.94
S002794,2025-09-04,C0505,P035,ST014,2,721.37,0.02,516.87
S002795,2026-03-14,C0952,P010,ST014,5,2258.15,0.0,1595.73
S002796,2025-04-23,C0628,P014,ST005,3,11644.21,0.05,9238.74
S002797,2026-07-08,C0318,P015,ST010,6,10528.12,0.1,7707.94
S002798,2026-08-14,C0194,P043,ST025,8,8556.82,0.0,5492.34
S002799,2026-03-24,C0300,P059,ST014,1,1859.77,0.1,1382.59
S002800,2025-12-28,C0726,P030,ST024,8,14882.93,0.05,9460.8
S002801,2026-07-09,C0639,P059,ST019,4,2014.03,0.0,1382.59
S002802,2026-10-10,C0584,P085,ST023,1,11686.53,0.05,7193.26
S002803,2025-10-23,C0519,P018,ST014,5,5049.1,0.05,3821.41
S002804,2026-01-12,C0605,P022,ST012,4,6445.94,0.02,5050.21
S002805,2026-11-18,C0899,P077,ST012,6,6311.03,0.0,4125.87
S002806,2026-10-15,C0072,P069,ST015,8,8768.42,0.0,5327.09
S002807,2026-07-11,C0947,P039,ST018,5,3537.11,0.1,2144.94
S002808,2025-04-19,C0992,P049,ST010,2,2284.59,0.1,1636.57
S002809,2025-06-24,C0903,P040,ST017,5,7176.33,0.05,6137.28
S002810,2026-01-13,C0832,P057,ST003,1,6801.8,0.02,5530.0
S002811,2025-12-19,C0446,P031,ST015,1,12259.13,0.0,8055.68
S002812,2025-01-21,C0669,P054,ST011,5,15890.5,0.05,11637.82
S002813,2026-08-13,C0908,P052,ST018,5,11589.42,0.02,8471.56
S002814,2026-02-11,C0503,P086,ST004,4,709.34,0.0,517.95
S002815,2026-09-02,C0902,P012,ST019,8,8460.67,0.0,5785.38
S002816,2026-10-26,C0633,P019,ST014,3,988.49,0.1,612.11
S002817,2026-08-19,C0041,P052,ST022,3,12494.74,0.1,8471.56
S002818,2026-11-02,C0164,P079,ST013,8,2169.34,0.0,1464.98
S002819,2026-07-01,C0943,P062,ST025,3,3029.27,0.05,2627.77
S002820,2026-10-26,C0679,P047,ST015,1,6892.75,0.05,4501.3
S002821,2025-11-18,C0344,P063,ST007,5,6005.95,0.1,3844.99
S002822,2025-04-06,C0482,P086,ST013,5,699.76,0.0,517.95
S002823,2025-10-27,C0445,P028,ST022,1,10435.44,0.05,8027.52
S002824,2025-10-22,C0816,P026,ST024,2,4542.66,0.0,3556.26
S002825,2026-07-20,C0373,P037,ST005,1,12414.63,0.0,8737.72
S002826,2026-07-21,C0627,P068,ST002,7,11721.55,0.0,8703.69
S002827,2026-07-29,C0498,P003,ST020,7,14739.58,0.1,9496.36
S002828,2026-08-19,C0120,P059,ST016,1,2193.31,0.02,1382.59
S002829,2025-08-01,C0241,P052,ST010,4,12468.93,0.1,8471.56
S002830,2025-02-12,C0667,P020,ST018,4,8774.1,0.05,5381.43
S002831,2026-01-30,C0923,P061,ST002,2,7307.24,0.05,5605.37
S002832,2025-02-13,C0201,P081,ST001,1,3289.22,0.0,2254.47
S002833,2025-12-13,C0885,P024,ST014,5,4791.62,0.0,2998.79
S002834,2026-05-17,C0791,P073,ST007,2,1633.15,0.02,1242.22
S002835,2026-05-06,C0551,P007,ST006,2,8727.53,0.15,5642.26
S002836,2026-07-15,C0923,P081,ST004,4,2743.0,0.0,2254.47
S002837,2025-03-11,C0535,P078,ST014,8,2434.17,0.02,1948.16
S002838,2025-07-15,C0909,P083,ST025,4,10696.58,0.02,7077.47
S002839,2026-02-06,C0470,P040,ST010,1,9372.87,0.02,6137.28
S002840,2026-07-15,C0269,P077,ST002,2,4747.58,0.0,4125.87
S002841,2025-03-24,C0553,P063,ST005,3,5838.51,0.05,3844.99
S002842,2026-08-21,C0991,P053,ST025,8,4333.61,0.0,3373.97
S002843,2025-12-08,C0769,P081,ST004,7,2976.06,0.02,2254.47
S002844,2025-03-16,C0622,P052,ST001,5,13073.34,0.05,8471.56
S002845,2026-08-09,C0673,P008,ST022,4,10017.78,0.0,6932.71
S002846,2026-09-20,C0956,P054,ST009,8,18304.7,0.1,11637.82
S002847,2025-08-27,C0014,P021,ST010,2,4397.83,0.05,2771.37
S002848,2025-05-14,C0988,P046,ST021,7,11224.83,0.0,7655.82
S002849,2025-02-11,C0711,P043,ST005,3,6792.03,0.1,5492.34
S002850,2026-07-15,C0684,P064,ST019,3,11239.09,0.05,7055.83
S002851,2025-03-02,C0355,P035,ST019,6,597.66,0.02,516.87
S002852,2025-10-15,C0775,P038,ST024,8,9061.23,0.0,5677.06
S002853,2025-01-02,C0673,P014,ST025,8,14084.14,0.1,9238.74
S002854,2025-01-31,C0932,P076,ST017,7,7582.84,0.0,6054.39
S002855,2026-04-30,C0415,P053,ST002,5,4064.43,0.02,3373.97
S002856,2025-12-22,C0535,P034,ST015,6,3001.81,0.0,2211.93
S002857,2026-05-26,C0072,P062,ST017,7,3047.98,0.1,2627.77
S002858,2025-07-17,C0774,P055,ST022,2,13469.09,0.05,9400.32
S002859,2025-03-07,C0144,P018,ST004,1,5365.28,0.0,3821.41
S002860,2026-11-30,C0808,P068,ST024,4,12787.51,0.0,8703.69
S002861,2025-08-19,C0848,P015,ST002,7,11267.42,0.05,7707.94
S002862,2026-12-12,C0005,P070,ST013,7,10611.89,0.05,7620.88
S002863,2026-01-19,C0340,P056,ST009,6,10172.18,0.05,8673.46
S002864,2025-01-27,C0117,P065,ST018,1,3737.82,0.0,2327.08
S002865,2025-04-07,C0460,P076,ST015,8,7103.7,0.05,6054.39
S002866,2026-06-29,C0546,P036,ST006,3,1997.12,0.1,1308.06
S002867,2025-02-15,C0668,P014,ST004,7,12723.67,0.05,9238.74
S002868,2026-06-21,C0186,P054,ST016,1,17444.71,0.15,11637.82
S002869,2026-11-17,C0861,P078,ST003,1,2256.74,0.02,1948.16
S002870,2025-10-09,C0270,P070,ST024,6,9860.77,0.02,7620.88
S002871,2025-06-23,C0560,P075,ST006,4,998.84,0.02,738.97
S002872,2026-11-07,C0988,P071,ST019,2,11056.04,0.05,7113.15
S002873,2025-06-28,C0463,P027,ST023,3,4857.41,0.0,3699.73
S002874,2025-08-05,C0166,P059,ST010,8,1762.08,0.0,1382.59
S002875,2025-10-29,C0525,P037,ST007,6,10347.93,0.05,8737.72
S002876,2026-02-04,C0843,P005,ST018,2,13223.57,0.02,8535.69
S002877,2026-03-22,C0643,P085,ST011,3,9621.38,0.02,7193.26
S002878,2026-10-14,C0282,P077,ST004,5,6151.48,0.0,4125.87
S002879,2025-11-18,C0125,P065,ST023,8,3687.25,0.05,2327.08
S002880,2025-03-12,C0293,P027,ST020,5,5845.82,0.1,3699.73
S002881,2025-06-25,C0245,P059,ST008,1,2273.09,0.0,1382.59
S002882,2026-09-20,C0498,P067,ST019,7,10551.46,0.02,9162.6
S002883,2025-12-01,C0896,P048,ST015,2,1513.8,0.05,1279.89
S002884,2026-06-19,C0274,P048,ST023,7,1740.32,0.0,1279.89
S002885,2026-05-19,C0625,P071,ST025,6,9140.5,0.05,7113.15
S002886,2025-09-11,C0973,P022,ST017,3,8202.23,0.0,5050.21
S002887,2026-12-09,C0477,P035,ST018,5,836.34,0.0,516.87
S002888,2025-03-04,C0945,P074,ST022,1,6591.59,0.1,5135.74
S002889,2025-07-15,C0107,P018,ST017,8,4739.3,0.1,3821.41
S002890,2026-03-09,C0041,P010,ST024,5,1885.73,0.05,1595.73
S002891,2026-09-09,C0151,P075,ST024,1,937.35,0.0,738.97
S002892,2025-09-29,C0889,P060,ST021,1,15897.07,0.02,10855.58
S002893,2025-12-09,C0003,P046,ST025,3,12317.79,0.1,7655.82
S002894,2026-02-05,C0597,P062,ST004,7,3855.95,0.02,2627.77
S002895,2025-02-08,C0758,P065,ST002,8,2811.93,0.0,2327.08
S002896,2026-05-27,C0725,P053,ST003,2,5045.66,0.05,3373.97
S002897,2026-01-04,C0233,P024,ST009,7,3987.19,0.05,2998.79
S002898,2025-09-30,C0784,P084,ST012,7,5039.45,0.05,4325.72
S002899,2025-10-29,C0060,P076,ST008,7,8631.06,0.02,6054.39
S002900,2025-02-25,C0303,P066,ST021,8,12413.97,0.0,10315.22
S002901,2025-09-15,C0213,P047,ST017,8,5861.3,0.0,4501.3
S002902,2025-07-13,C0875,P054,ST007,5,14808.16,0.02,11637.82
S002903,2025-01-09,C0039,P080,ST023,3,10568.03,0.0,7154.82
S002904,2025-02-20,C0226,P059,ST008,7,2208.82,0.0,1382.59
S002905,2025-08-24,C0815,P066,ST022,4,15946.38,0.02,10315.22
S002906,2026-07-21,C0945,P049,ST025,2,2295.26,0.0,1636.57
S002907,2025-02-03,C0958,P008,ST021,3,10653.76,0.0,6932.71
S002908,2025-11-13,C0241,P040,ST011,3,9247.62,0.0,6137.28
S002909,2025-10-20,C0005,P050,ST011,4,17873.42,0.0,11552.3
S002910,2026-11-18,C0888,P024,ST009,7,4565.99,0.02,2998.79
S002911,2026-03-16,C0686,P065,ST002,1,3036.58,0.0,2327.08
S002912,2026-01-14,C0234,P020,ST006,5,6490.83,0.05,5381.43
S002913,2026-11-14,C0731,P029,ST021,6,8289.04,0.02,6795.13
S002914,2025-03-01,C0798,P065,ST002,6,3685.96,0.15,2327.08
S002915,2026-06-15,C0183,P063,ST006,7,5370.45,0.0,3844.99
S002916,2025-12-07,C0363,P022,ST023,6,7375.33,0.0,5050.21
S002917,2025-07-08,C0154,P053,ST003,4,4822.45,0.0,3373.97
S002918,2026-06-24,C0336,P007,ST006,7,8583.42,0.0,5642.26
S002919,2025-04-10,C0471,P040,ST012,8,7441.39,0.05,6137.28
S002920,2026-04-22,C0932,P043,ST015,3,7242.63,0.0,5492.34
S002921,2025-05-01,C0408,P084,ST002,1,4986.78,0.1,4325.72
S002922,2026-12-14,C0204,P086,ST015,5,771.26,0.02,517.95
S002923,2025-04-04,C0973,P057,ST014,6,9108.62,0.0,5530.0
S002924,2025-05-22,C0019,P019,ST018,8,835.26,0.02,612.11
S002925,2025-07-08,C0751,P003,ST007,2,12788.27,0.02,9496.36
S002926,2025-07-13,C0424,P008,ST016,8,11131.61,0.0,6932.71
S002927,2025-11-04,C0463,P078,ST024,6,2928.41,0.0,1948.16
S002928,2026-11-09,C0203,P082,ST019,8,15607.4,0.1,11120.16
S002929,2025-08-22,C0102,P020,ST019,8,8792.79,0.0,5381.43
S002930,2025-10-08,C0719,P084,ST006,8,5199.83,0.0,4325.72
S002931,2026-08-14,C0209,P076,ST014,8,7142.96,0.0,6054.39
S002932,2026-01-05,C0390,P039,ST008,3,2702.28,0.05,2144.94
S002933,2026-02-15,C0309,P075,ST001,2,1082.63,0.05,738.97
S002934,2026-11-04,C0159,P032,ST020,5,6721.44,0.0,5025.05
S002935,2025-05-19,C0134,P001,ST015,7,3841.26,0.02,2598.92
S002936,2025-07-21,C0149,P078,ST011,1,2503.81,0.02,1948.16
S002937,2025-10-08,C0225,P012,ST014,8,9542.77,0.05,5785.38
S002938,2026-03-24,C0502,P022,ST020,5,8029.0,0.1,5050.21
S002939,2025-05-25,C0396,P019,ST002,8,940.31,0.0,612.11
S002940,2025-03-26,C0891,P002,ST014,1,488.37,0.0,336.51
S002941,2025-08-17,C0216,P040,ST012,8,8581.89,0.02,6137.28
S002942,2026-07-01,C0687,P075,ST016,8,1143.16,0.05,738.97
S002943,2025-01-11,C0985,P082,ST013,2,17960.65,0.05,11120.16
S002944,2025-12-22,C0159,P003,ST021,1,14438.53,0.05,9496.36
S002945,2025-03-07,C0691,P088,ST016,3,7833.9,0.05,5917.07
S002946,2026-02-03,C0040,P020,ST021,5,8616.83,0.0,5381.43
S002947,2025-12-24,C0881,P073,ST022,4,1954.53,0.05,1242.22
S002948,2025-03-19,C0503,P086,ST001,2,670.25,0.05,517.95
S002949,2025-05-20,C0594,P030,ST007,6,14329.94,0.05,9460.8
S002950,2026-11-11,C0960,P052,ST002,1,10777.88,0.05,8471.56
S002951,2025-01-21,C0032,P011,ST011,2,9510.02,0.02,8103.73
S002952,2026-07-25,C0586,P023,ST004,6,13441.04,0.0,10277.49
S002953,2025-10-25,C0062,P084,ST023,1,5019.22,0.05,4325.72
S002954,2025-12-18,C0299,P045,ST019,2,4682.08,0.0,3792.77
S002955,2026-04-30,C0996,P026,ST009,8,4970.43,0.02,3556.26
S002956,2026-09-03,C0149,P030,ST012,8,11139.25,0.0,9460.8
S002957,2026-04-23,C0872,P064,ST016,7,9561.68,0.0,7055.83
S002958,2026-08-08,C0336,P028,ST009,5,10630.99,0.0,8027.52
S002959,2025-03-19,C0758,P086,ST001,6,665.79,0.1,517.95
S002960,2025-02-14,C0722,P046,ST021,5,11333.73,0.0,7655.82
S002961,2026-12-29,C0355,P023,ST021,8,13008.09,0.05,10277.49
S002962,2026-11-30,C0548,P050,ST023,2,15381.47,0.05,11552.3
S002963,2025-09-10,C0940,P087,ST006,4,16847.78,0.05,11513.07
S002964,2025-08-04,C0477,P062,ST020,6,3998.91,0.05,2627.77
S002965,2026-12-14,C0472,P055,ST014,5,11143.48,0.0,9400.32
S002966,2025-10-21,C0600,P058,ST006,8,4010.55,0.02,3448.84
S002967,2025-09-18,C0898,P051,ST007,6,16582.41,0.05,10925.82
S002968,2026-07-02,C0779,P022,ST008,1,7094.48,0.0,5050.21
S002969,2025-07-19,C0288,P071,ST024,3,9045.25,0.02,7113.15
S002970,2025-03-20,C0966,P005,ST018,1,12240.06,0.0,8535.69
S002971,2026-08-27,C0272,P059,ST017,1,2133.2,0.0,1382.59
S002972,2025-06-25,C0825,P040,ST023,2,8867.08,0.0,6137.28
S002973,2025-03-16,C0674,P025,ST016,6,1079.15,0.02,935.06
S002974,2026-02-20,C0843,P079,ST021,4,2050.43,0.05,1464.98
S002975,2026-03-15,C0720,P079,ST011,6,2375.14,0.1,1464.98
S002976,2025-10-22,C0440,P023,ST007,3,15296.13,0.05,10277.49
S002977,2025-05-21,C0563,P022,ST005,8,7728.57,0.05,5050.21
S002978,2025-04-17,C0198,P053,ST018,5,5169.33,0.1,3373.97
S002979,2025-03-06,C0806,P028,ST005,6,11740.16,0.0,8027.52
S002980,2025-09-12,C0211,P018,ST014,7,5430.33,0.0,3821.41
S002981,2025-10-13,C0442,P013,ST010,8,9304.24,0.0,6891.52
S002982,2025-09-22,C0105,P068,ST017,8,13872.15,0.0,8703.69
S002983,2025-05-29,C0674,P009,ST017,6,3008.84,0.05,1892.61
S002984,2026-08-15,C0622,P041,ST002,3,2600.04,0.02,2039.67
S002985,2026-06-27,C0979,P061,ST004,8,6943.94,0.05,5605.37
S002986,2025-12-10,C0794,P069,ST019,5,7536.93,0.05,5327.09
S002987,2026-09-02,C0421,P056,ST001,2,10813.92,0.15,8673.46
S002988,2025-10-27,C0414,P001,ST022,3,3208.38,0.15,2598.92
S002989,2026-09-09,C0834,P007,ST022,5,6904.44,0.05,5642.26
S002990,2026-02-18,C0516,P007,ST006,1,8060.08,0.1,5642.26
S002991,2025-05-19,C0866,P005,ST009,7,10421.22,0.02,8535.69
S002992,2026-11-22,C0548,P059,ST025,2,1712.63,0.0,1382.59
S002993,2026-10-14,C0524,P046,ST002,1,9289.41,0.05,7655.82
S002994,2026-09-07,C0353,P037,ST016,1,12389.97,0.0,8737.72
S002995,2025-10-04,C0308,P032,ST016,3,8086.57,0.0,5025.05
S002996,2026-05-02,C0947,P006,ST019,2,11170.2,0.0,9423.57
S002997,2025-10-07,C0596,P061,ST021,1,8435.6,0.02,5605.37
S002998,2026-12-10,C0904,P007,ST021,8,8721.96,0.05,5642.26
S002999,2026-09-23,C0501,P017,ST021,4,11252.62,0.05,6820.68
S003000,2026-10-20,C0213,P043,ST017,2,8950.91,0.1,5492.34
S003001,2026-05-10,C0278,P086,ST019,3,825.55,0.0,517.95
S003002,2026-01-03,C0209,P040,ST017,5,8078.22,0.02,6137.28
S003003,2026-11-08,C0068,P005,ST020,7,10192.59,0.05,8535.69
S003004,2026-06-11,C0192,P041,ST004,6,2949.24,0.02,2039.67
S003005,2025-02-01,C0229,P006,ST007,6,11781.95,0.0,9423.57
S003006,2025-09-15,C0691,P029,ST017,2,8572.59,0.0,6795.13
S003007,2026-12-07,C0259,P047,ST012,3,6501.05,0.02,4501.3
S003008,2026-05-01,C0411,P087,ST012,3,17326.84,0.0,11513.07
S003009,2025-12-20,C0181,P053,ST022,7,4738.39,0.1,3373.97
S003010,2026-04-08,C0440,P078,ST009,4,3110.25,0.05,1948.16
S003011,2025-02-25,C0452,P024,ST012,5,4650.28,0.0,2998.79
S003012,2025-06-28,C0007,P032,ST006,1,8237.07,0.05,5025.05
S003013,2026-07-20,C0605,P083,ST013,1,10952.38,0.05,7077.47
S003014,2025-09-14,C0438,P003,ST016,7,15506.5,0.0,9496.36
S003015,2026-04-23,C0059,P074,ST001,8,7304.06,0.0,5135.74
S003016,2025-10-22,C0849,P040,ST008,6,9983.41,0.02,6137.28
S003017,2025-06-14,C0815,P046,ST025,3,11384.69,0.02,7655.82
S003018,2026-03-30,C0586,P078,ST002,2,2593.35,0.05,1948.16
S003019,2025-05-13,C0954,P064,ST001,6,9073.22,0.05,7055.83
S003020,2025-08-10,C0229,P023,ST008,8,16909.96,0.02,10277.49
S003021,2025-11-30,C0410,P008,ST011,1,8536.68,0.1,6932.71
S003022,2026-07-23,C0997,P015,ST012,1,11496.42,0.02,7707.94
S003023,2025-05-27,C0310,P017,ST014,1,8411.99,0.1,6820.68
S003024,2026-06-13,C0466,P006,ST021,6,15180.39,0.05,9423.57
S003025,2026-01-21,C0320,P037,ST014,3,11541.1,0.1,8737.72
S003026,2025-12-04,C0249,P045,ST004,4,5837.5,0.02,3792.77
S003027,2025-12-16,C0983,P022,ST023,1,7395.4,0.02,5050.21
S003028,2025-01-23,C0949,P055,ST010,4,11447.66,0.0,9400.32
S003029,2025-05-13,C0643,P053,ST010,8,4808.44,0.1,3373.97
S003030,2025-07-20,C0427,P049,ST018,6,2069.36,0.05,1636.57
S003031,2025-03-06,C0239,P053,ST007,2,3993.77,0.0,3373.97
S003032,2025-08-08,C0215,P026,ST013,8,4562.97,0.15,3556.26
S003033,2026-05-13,C0744,P020,ST013,4,6682.21,0.05,5381.43
S003034,2025-10-13,C0118,P074,ST005,7,6024.01,0.0,5135.74
S003035,2026-03-05,C0787,P062,ST004,6,4256.12,0.02,2627.77
S003036,2026-01-09,C0038,P012,ST024,7,8329.5,0.05,5785.38
S003037,2026-03-29,C0556,P067,ST011,4,15116.12,0.0,9162.6
S003038,2025-05-05,C0834,P011,ST025,2,12489.91,0.1,8103.73
S003039,2026-01-05,C0618,P043,ST022,6,8605.92,0.05,5492.34
S003040,2025-11-10,C0624,P023,ST001,2,14111.8,0.02,10277.49
S003041,2026-03-19,C0891,P018,ST017,5,6016.3,0.02,3821.41
S003042,2025-10-24,C0899,P020,ST010,2,7372.3,0.02,5381.43
S003043,2025-06-13,C0605,P062,ST011,1,3704.37,0.0,2627.77
S003044,2025-04-19,C0628,P089,ST002,7,10958.67,0.02,9447.14
S003045,2025-11-23,C0570,P065,ST013,2,3148.56,0.05,2327.08
S003046,2025-02-24,C0547,P088,ST011,6,7881.57,0.1,5917.07
S003047,2026-02-09,C0495,P009,ST002,8,2622.04,0.05,1892.61
S003048,2026-01-21,C0225,P065,ST017,2,3547.76,0.0,2327.08
S003049,2025-04-30,C0231,P058,ST019,4,5192.45,0.1,3448.84
S003050,2025-03-02,C0817,P017,ST018,1,9684.39,0.1,6820.68
S003051,2026-12-03,C0630,P027,ST015,1,5521.75,0.05,3699.73
S003052,2025-05-23,C0907,P065,ST004,8,3070.91,0.05,2327.08
S003053,2025-05-13,C0651,P009,ST003,1,3053.86,0.0,1892.61
S003054,2025-02-22,C0471,P054,ST013,4,15273.31,0.02,11637.82
S003055,2025-08-15,C0671,P035,ST001,2,802.0,0.05,516.87
S003056,2025-12-16,C0857,P001,ST017,4,3171.86,0.02,2598.92
S003057,2026-08-12,C0101,P020,ST025,7,8729.59,0.1,5381.43
S003058,2025-05-08,C0131,P016,ST004,7,9219.1,0.02,6754.56
S003059,2026-11-18,C0406,P088,ST013,5,9091.77,0.0,5917.07
S003060,2025-05-15,C0628,P067,ST003,6,13989.94,0.1,9162.6
S003061,2025-09-26,C0158,P066,ST019,6,16983.18,0.02,10315.22
S003062,2025-07-05,C0408,P074,ST001,5,6917.99,0.05,5135.74
S003063,2025-01-03,C0080,P022,ST009,1,8150.61,0.02,5050.21
S003064,2026-11-09,C0965,P083,ST005,4,9509.92,0.1,7077.47
S003065,2025-02-18,C0739,P069,ST016,2,7210.22,0.0,5327.09
S003066,2025-10-29,C0967,P038,ST001,2,7931.61,0.0,5677.06
S003067,2025-10-09,C0579,P036,ST017,5,1849.84,0.0,1308.06
S003068,2026-07-15,C0015,P051,ST004,2,16521.73,0.05,10925.82
S003069,2025-04-11,C0060,P049,ST009,1,2602.51,0.1,1636.57
S003070,2025-06-25,C0731,P090,ST019,1,1672.49,0.15,1222.08
S003071,2025-03-14,C0341,P061,ST006,8,8613.22,0.05,5605.37
S003072,2026-11-17,C0514,P027,ST005,8,4984.89,0.1,3699.73
S003073,2026-11-12,C0998,P069,ST011,7,7592.82,0.0,5327.09
S003074,2026-10-31,C0025,P020,ST012,7,7862.3,0.0,5381.43
S003075,2025-12-01,C0841,P083,ST022,6,10267.7,0.15,7077.47
S003076,2026-10-10,C0880,P046,ST010,1,12559.78,0.02,7655.82
S003077,2026-11-08,C0414,P069,ST024,6,6996.26,0.0,5327.09
S003078,2026-04-18,C0270,P061,ST022,6,8865.21,0.0,5605.37
S003079,2026-09-06,C0648,P061,ST006,1,6843.32,0.0,5605.37
S003080,2025-07-27,C0631,P076,ST005,5,9561.74,0.0,6054.39
S003081,2026-01-05,C0334,P072,ST004,5,10489.52,0.1,7885.7
S003082,2026-12-23,C0724,P046,ST016,8,10428.65,0.0,7655.82
S003083,2026-03-26,C0212,P069,ST003,2,7343.44,0.0,5327.09
S003084,2026-09-23,C0071,P081,ST020,5,3628.15,0.02,2254.47
S003085,2025-10-27,C0857,P049,ST017,3,2563.19,0.0,1636.57
S003086,2026-10-12,C0706,P028,ST024,7,12965.45,0.05,8027.52
S003087,2025-01-10,C0711,P051,ST005,2,14053.28,0.15,10925.82
S003088,2026-05-02,C0238,P087,ST013,8,15687.6,0.0,11513.07
S003089,2025-08-16,C0633,P057,ST014,3,7854.16,0.0,5530.0
S003090,2026-09-27,C0928,P060,ST018,5,13957.73,0.1,10855.58
S003091,2025-12-04,C0495,P009,ST004,8,2767.83,0.02,1892.61
S003092,2026-01-26,C0922,P078,ST015,3,3204.95,0.0,1948.16
S003093,2026-01-22,C0035,P017,ST003,3,9338.25,0.1,6820.68
S003094,2025-02-28,C0842,P018,ST021,6,4408.78,0.1,3821.41
S003095,2026-09-07,C0188,P066,ST010,5,12778.09,0.02,10315.22
S003096,2026-06-15,C0935,P042,ST022,3,12711.0,0.1,8431.76
S003097,2025-06-29,C0014,P035,ST010,4,803.48,0.02,516.87
S003098,2025-11-27,C0491,P081,ST022,2,3706.74,0.1,2254.47
S003099,2026-06-25,C0724,P087,ST016,5,18761.16,0.0,11513.07
S003100,2026-05-17,C0234,P029,ST008,8,9240.95,0.02,6795.13
S003101,2026-10-09,C0247,P057,ST019,4,7459.58,0.02,5530.0
S003102,2025-09-09,C0110,P067,ST013,2,12999.58,0.05,9162.6
S003103,2025-02-19,C0025,P035,ST011,8,635.04,0.02,516.87
S003104,2026-04-20,C0214,P090,ST015,6,1474.05,0.02,1222.08
S003105,2026-05-07,C0630,P076,ST015,5,9816.78,0.05,6054.39
S003106,2026-06-13,C0368,P010,ST025,2,1880.23,0.0,1595.73
S003107,2025-03-12,C0275,P034,ST004,8,3309.08,0.0,2211.93
S003108,2026-05-28,C0521,P001,ST003,2,3642.36,0.02,2598.92
S003109,2026-02-01,C0233,P024,ST008,7,4253.97,0.05,2998.79
S003110,2026-12-17,C0017,P019,ST006,2,813.07,0.1,612.11
S003111,2026-04-25,C0342,P028,ST005,2,11162.7,0.0,8027.52
S003112,2026-12-24,C0620,P084,ST011,4,7045.41,0.0,4325.72
S003113,2026-02-02,C0247,P026,ST020,3,5597.06,0.05,3556.26
S003114,2026-08-12,C0875,P090,ST008,6,1492.41,0.0,1222.08
S003115,2026-04-22,C0953,P045,ST009,7,5769.2,0.05,3792.77
S003116,2025-08-09,C0987,P032,ST012,4,7752.97,0.05,5025.05
S003117,2025-12-25,C0645,P070,ST025,3,8822.21,0.1,7620.88
S003118,2025-07-27,C0736,P045,ST025,7,5865.98,0.05,3792.77
S003119,2025-09-12,C0575,P084,ST019,7,5794.79,0.0,4325.72
S003120,2026-10-30,C0048,P070,ST001,4,11945.65,0.05,7620.88
S003121,2025-06-14,C0986,P028,ST011,8,12573.28,0.05,8027.52
S003122,2026-01-05,C0138,P047,ST012,3,6426.56,0.02,4501.3
S003123,2025-06-14,C0958,P084,ST021,8,5459.94,0.02,4325.72
S003124,2025-03-15,C0332,P011,ST011,4,9484.29,0.0,8103.73
S003125,2026-12-07,C0928,P010,ST021,4,2079.64,0.0,1595.73
S003126,2026-08-25,C0095,P064,ST025,1,9367.63,0.05,7055.83
S003127,2026-12-08,C0491,P006,ST023,2,11585.34,0.05,9423.57
S003128,2025-01-23,C0214,P055,ST015,2,14988.54,0.1,9400.32
S003129,2025-07-17,C0272,P015,ST017,4,9774.35,0.05,7707.94
S003130,2025-10-06,C0797,P066,ST022,2,16493.81,0.02,10315.22
S003131,2025-05-15,C0946,P005,ST020,7,9879.13,0.05,8535.69
S003132,2025-09-21,C0075,P015,ST020,3,11876.97,0.05,7707.94
S003133,2025-12-09,C0535,P063,ST017,4,5654.59,0.0,3844.99
S003134,2026-04-21,C0030,P044,ST022,4,5543.49,0.02,4727.0
S003135,2026-08-19,C0643,P017,ST012,8,10245.38,0.05,6820.68
S003136,2026-07-27,C0928,P007,ST018,3,7227.83,0.0,5642.26
S003137,2025-04-30,C0650,P019,ST014,7,797.06,0.02,612.11
S003138,2026-09-27,C0540,P087,ST007,3,17490.77,0.05,11513.07
S003139,2026-04-17,C0721,P055,ST020,4,12920.35,0.05,9400.32
S003140,2025-12-02,C0366,P066,ST020,4,12706.65,0.05,10315.22
S003141,2025-06-07,C0275,P090,ST002,2,1639.41,0.0,1222.08
S003142,2025-04-15,C0330,P023,ST011,3,15510.46,0.0,10277.49
S003143,2025-12-29,C0875,P010,ST007,4,2586.07,0.02,1595.73
S003144,2025-08-30,C0755,P014,ST021,4,12701.42,0.05,9238.74
S003145,2026-12-29,C0831,P078,ST001,3,2582.41,0.1,1948.16
S003146,2025-12-21,C0316,P044,ST003,8,7649.13,0.0,4727.0
S003147,2026-02-22,C0026,P074,ST009,1,7785.66,0.0,5135.74
S003148,2025-05-23,C0226,P058,ST007,5,5252.38,0.05,3448.84
S003149,2025-03-19,C0214,P025,ST016,8,1190.43,0.0,935.06
S003150,2025-10-31,C0305,P016,ST005,5,8468.85,0.0,6754.56
S003151,2025-11-18,C0464,P002,ST018,2,445.92,0.0,336.51
S003152,2026-12-10,C0861,P061,ST002,5,8737.07,0.02,5605.37
S003153,2025-10-05,C0565,P059,ST009,7,1974.48,0.0,1382.59
S003154,2025-10-24,C0314,P007,ST002,1,8692.95,0.0,5642.26
S003155,2025-07-05,C0451,P024,ST025,6,3906.72,0.05,2998.79
S003156,2025-12-13,C0815,P034,ST025,4,2949.53,0.05,2211.93
S003157,2026-10-26,C0666,P054,ST005,4,14950.35,0.05,11637.82
S003158,2026-06-20,C0738,P058,ST008,1,4524.72,0.02,3448.84
S003159,2025-12-03,C0191,P052,ST020,6,11092.54,0.0,8471.56
S003160,2025-11-25,C0005,P089,ST011,2,11415.41,0.0,9447.14
S003161,2025-09-27,C0358,P055,ST016,7,13601.96,0.0,9400.32
S003162,2025-02-02,C0390,P059,ST006,8,1950.84,0.0,1382.59
S003163,2025-10-18,C0172,P061,ST009,3,9149.22,0.02,5605.37
S003164,2025-06-13,C0028,P031,ST021,5,11987.62,0.02,8055.68
S003165,2026-11-10,C0483,P082,ST024,6,13232.7,0.0,11120.16
S003166,2025-04-12,C0619,P038,ST002,5,7299.69,0.1,5677.06
S003167,2025-08-20,C0530,P073,ST008,5,1489.69,0.0,1242.22
S003168,2026-08-31,C0201,P025,ST001,8,1239.47,0.05,935.06
S003169,2025-07-02,C0937,P042,ST012,3,11555.31,0.05,8431.76
S003170,2026-10-22,C0444,P005,ST009,1,10042.64,0.0,8535.69
S003171,2026-01-31,C0994,P034,ST019,8,2656.39,0.05,2211.93
S003172,2025-11-28,C0795,P033,ST018,5,16118.82,0.0,9814.74
S003173,2026-02-24,C0170,P046,ST001,3,11432.09,0.05,7655.82
S003174,2025-07-14,C0099,P015,ST004,8,8979.45,0.05,7707.94
S003175,2025-09-22,C0070,P061,ST010,2,9072.52,0.1,5605.37
S003176,2025-03-13,C0538,P033,ST011,5,14402.19,0.05,9814.74
S003177,2025-10-03,C0532,P054,ST014,7,16939.24,0.0,11637.82
S003178,2026-09-19,C0931,P004,ST022,2,9937.07,0.15,8062.0
S003179,2025-03-12,C0968,P010,ST006,7,2495.08,0.0,1595.73
S003180,2026-02-15,C0503,P087,ST005,1,15707.81,0.0,11513.07
S003181,2025-05-27,C0531,P084,ST004,4,6797.99,0.1,4325.72
S003182,2026-04-09,C0946,P087,ST021,6,15006.99,0.05,11513.07
S003183,2026-07-05,C0107,P025,ST014,5,1216.15,0.02,935.06
S003184,2025-10-09,C0820,P011,ST012,4,10404.62,0.0,8103.73
S003185,2026-02-24,C0485,P038,ST022,6,8696.47,0.05,5677.06
S003186,2025-11-19,C0529,P023,ST007,6,13048.08,,10277.49
S003187,2025-01-21,C0682,P065,ST015,2,3417.23,0.02,2327.08
S003188,2025-03-25,C0419,P044,ST014,6,7318.17,0.0,4727.0
S003189,2025-01-08,C0673,P020,ST022,7,6595.66,0.0,5381.43
S003190,2026-02-15,C0891,P027,ST014,1,5948.45,0.0,3699.73
S003191,2025-02-27,C0046,P009,ST018,5,3037.13,0.05,1892.61
S003192,2026-04-14,C0382,P014,ST008,7,13916.89,0.0,9238.74
S003193,2026-07-25,C0072,P060,ST017,8,14200.76,0.02,10855.58
S003194,2026-07-03,C0963,P037,ST019,5,12269.97,0.15,8737.72
S003195,2026-01-30,C0565,P036,ST006,7,1970.66,0.1,1308.06
S003196,2026-07-09,C0678,P059,ST013,3,1864.87,0.0,1382.59
S003197,2025-04-17,C0756,P012,ST024,2,7814.3,0.0,5785.38
S003198,2026-02-03,C0340,P007,ST008,6,6576.76,0.1,5642.26
S003199,2025-03-28,C0157,P008,ST023,5,9111.56,0.0,6932.71
S003200,2026-09-26,C0295,P073,ST005,7,1842.11,0.0,1242.22
S003201,2026-11-04,C0231,P064,ST018,6,10021.6,0.05,7055.83
S003202,2026-06-27,C0635,P072,ST001,2,12263.27,0.0,7885.7
S003203,2025-05-28,C0178,P061,ST018,2,6899.32,0.05,5605.37
S003204,2025-09-03,C0828,P065,ST001,7,3405.11,0.0,2327.08
S003205,2025-06-21,C0340,P068,ST008,5,13196.96,0.0,8703.69
S003206,2025-10-27,C0007,P015,ST007,5,11180.04,0.05,7707.94
S003207,2026-10-07,C0354,P073,ST007,6,1902.08,0.05,1242.22
S003208,2025-12-22,C0420,P073,ST010,6,1785.68,0.02,1242.22
S003209,2025-08-07,C0932,P008,ST017,5,9134.13,0.0,6932.71
S003210,2026-10-27,C0818,P017,ST010,2,11239.69,0.02,6820.68
S003211,2025-10-22,C0172,P006,ST008,5,11285.39,0.0,9423.57
S003212,2025-01-31,C0357,P030,ST010,3,12914.43,0.0,9460.8
S003213,2025-12-19,C0255,P007,ST002,1,7381.74,0.0,5642.26
S003214,2025-05-13,C0339,P037,ST016,8,11191.28,0.0,8737.72
S003215,2026-08-09,C0281,P045,ST017,5,5855.67,0.05,3792.77
S003216,2025-02-04,C0976,P058,ST003,8,4973.66,0.05,3448.84
S003217,2026-01-09,C0760,P080,ST011,2,9392.67,,7154.82
S003218,2026-02-08,C0594,P088,ST009,5,9206.6,0.0,5917.07
S003219,2026-01-16,C0217,P002,ST021,6,453.76,0.0,336.51
S003220,2026-03-05,C0436,P081,ST012,2,2799.4,0.05,2254.47
S003221,2026-10-07,C0448,P067,ST006,1,10690.01,0.1,9162.6
S003222,2026-06-04,C0790,P063,ST018,7,5977.4,0.05,3844.99
S003223,2026-07-06,C0380,P017,ST025,6,10245.23,0.0,6820.68
S003224,2025-02-22,C0619,P033,ST004,4,12923.68,0.1,9814.74
S003225,2025-09-12,C0036,P018,ST004,1,5889.94,0.05,3821.41
S003226,2026-05-03,C0222,P083,ST005,8,10296.13,0.05,7077.47
S003227,2025-06-18,C0154,P033,ST002,2,14118.29,0.0,9814.74
S003228,2026-01-19,C0546,P006,ST008,6,12540.86,0.02,9423.57
S003229,2026-09-27,C0860,P079,ST008,3,2088.53,0.1,1464.98
S003230,2026-03-14,C0658,P006,ST005,3,13860.91,0.1,9423.57
S003231,2026-07-08,C0073,P057,ST001,8,8617.01,0.05,5530.0
S003232,2025-04-25,C0944,P076,ST025,6,7014.67,0.02,6054.39
S003233,2026-05-05,C0706,P021,ST023,8,4184.61,0.02,2771.37
S003234,2025-03-02,C0053,P089,ST004,3,12407.63,0.05,9447.14
S003235,2026-06-24,C0489,P044,ST012,5,6094.09,0.05,4727.0
S003236,2026-08-12,C0339,P076,ST017,4,8645.37,0.05,6054.39
S003237,2026-10-17,C0459,P025,ST024,4,1275.79,0.02,935.06
S003238,2025-03-17,C0227,P037,ST018,8,13538.43,0.02,8737.72
S003239,2025-12-29,C0149,P004,ST012,7,11672.76,0.1,8062.0
S003240,2026-01-27,C0489,P048,ST012,2,1587.1,0.0,1279.89
S003241,2025-06-13,C0380,P072,ST024,4,12382.26,0.0,7885.7
S003242,2026-08-26,C0704,P059,ST008,6,1745.4,0.02,1382.59
S003243,2025-04-19,C0094,P081,ST017,1,3598.35,0.1,2254.47
S003244,2025-03-22,C0928,P043,ST021,1,6923.09,0.05,5492.34
S003245,2025-05-02,C0407,P006,ST009,6,10971.83,0.02,9423.57
S003246,2026-07-11,C0930,P078,ST007,4,3128.64,0.02,1948.16
S003247,2026-02-21,C0346,P010,ST009,3,2103.96,0.05,1595.73
S003248,2025-09-19,C0906,P010,ST009,1,1913.48,0.05,1595.73
S003249,2025-08-20,C0418,P027,ST013,4,4670.31,0.02,3699.73
S003250,2025-07-09,C0018,P042,ST014,6,10962.92,0.02,8431.76
S003251,2025-01-13,C0353,P020,ST014,1,8023.96,0.1,5381.43
S003252,2026-10-08,C0470,P079,ST012,4,1858.43,0.02,1464.98
S003253,2026-02-27,C0220,P038,ST015,8,7303.83,0.0,5677.06
S003254,2025-04-17,C0320,P042,ST017,5,13725.69,0.0,8431.76
S003255,2026-05-29,C0824,P027,ST002,6,5541.31,0.0,3699.73
S003256,2025-04-25,C0977,P048,ST001,7,1785.88,0.1,1279.89
S003257,2026-06-03,C0308,P090,ST016,3,2014.54,0.0,1222.08
S003258,2025-07-23,C0351,P020,ST021,8,7185.67,0.0,5381.43
S003259,2026-01-31,C0212,P014,ST002,8,12570.38,0.02,9238.74
S003260,2025-09-17,C0816,P023,ST023,1,16141.39,0.05,10277.49
S003261,2025-12-12,C0694,P069,ST019,3,6374.88,0.05,5327.09
S003262,2026-10-22,C0896,P079,ST014,6,1755.47,0.05,1464.98
S003263,2026-06-05,C0096,P025,ST020,3,1468.24,0.02,935.06
S003264,2026-04-07,C0194,P062,ST024,5,3794.51,0.02,2627.77
S003265,2025-04-30,C0952,P039,ST017,7,3315.68,0.05,2144.94
S003266,2026-10-03,C0536,P008,ST009,2,10483.72,0.0,6932.71
S003267,2025-01-05,C0360,P005,ST013,7,12743.45,0.02,8535.69
S003268,2026-01-21,C0435,P007,ST024,1,7340.16,0.02,5642.26
S003269,2025-12-17,C0012,P081,ST022,2,2705.66,0.0,2254.47
S003270,2026-11-28,C0467,P015,ST024,6,11572.7,0.05,7707.94
S003271,2025-04-21,C0620,P051,ST013,8,13875.95,0.05,10925.82
S003272,2026-12-03,C0719,P023,ST007,2,16580.12,0.1,10277.49
S003273,2025-07-18,C0218,P012,ST020,3,8629.47,0.0,5785.38
S003274,2025-04-12,C0097,P075,ST012,4,851.8,0.05,738.97
S003275,2026-07-07,C0281,P008,ST014,3,8160.1,0.0,6932.71
S003276,2026-02-01,C0495,P068,ST001,4,11484.5,0.05,8703.69
S003277,2025-06-20,C0919,P053,ST010,7,5086.2,0.05,3373.97
S003278,2025-09-13,C0196,P023,ST016,6,15847.56,0.0,10277.49
S003279,2026-05-01,C0339,P072,ST016,3,12623.64,0.02,7885.7
S003280,2025-03-25,C0738,P055,ST008,8,15461.82,0.05,9400.32
S003281,2025-09-10,C0728,P023,ST018,7,16191.0,0.02,10277.49
S003282,2025-07-31,C0837,P066,ST010,1,12988.17,0.0,10315.22
S003283,2025-04-25,C0111,P008,ST014,7,11391.29,0.05,6932.71
S003284,2025-09-09,C0754,P028,ST003,2,10694.9,0.05,8027.52
S003285,2026-06-16,C0976,P040,ST001,1,7310.54,0.1,6137.28
S003286,2026-11-09,C0203,P064,ST018,2,8803.69,0.1,7055.83
S003287,2025-02-02,C0253,P068,ST016,2,13809.5,0.05,8703.69
S003288,2025-09-25,C0611,P070,ST004,7,11711.93,0.05,7620.88
S003289,2026-12-05,C0342,P079,ST003,2,2414.43,0.02,1464.98
S003290,2025-07-10,C0116,P030,ST020,3,13592.97,0.02,9460.8
S003291,2026-11-01,C0963,P062,ST021,5,3729.93,0.05,2627.77
S003292,2025-06-05,C0864,P016,ST001,4,10889.92,0.0,6754.56
S003293,2026-09-15,C0107,P071,ST017,1,8219.15,,7113.15
S003294,2025-11-07,C0364,P047,ST012,2,5530.09,0.05,4501.3
S003295,2026-03-21,C0588,P044,ST005,1,7229.52,0.02,4727.0
S003296,2026-12-10,C0502,P015,ST021,2,10584.63,0.0,7707.94
S003297,2025-11-23,C0208,P010,ST003,2,1989.52,0.0,1595.73
S003298,2026-03-19,C0871,P071,ST014,1,10689.77,0.02,7113.15
S003299,2025-12-15,C0419,P003,ST015,1,14801.26,0.02,9496.36
S003300,2025-01-01,C0066,P074,ST001,3,7206.35,0.0,5135.74
S003301,2026-09-19,C0394,P048,ST014,3,1990.4,0.02,1279.89
S003302,2026-03-17,C0902,P002,ST020,4,463.9,0.05,336.51
S003303,2025-10-24,C0004,P002,ST016,5,545.6,0.0,336.51
S003304,2026-12-19,C0585,P056,ST003,7,13966.3,0.05,8673.46
S003305,2026-02-07,C0768,P062,ST001,8,3903.79,0.05,2627.77
S003306,2025-03-09,C0643,P060,ST011,2,15163.13,0.05,10855.58
S003307,2026-06-28,C0007,P017,ST008,8,10769.91,0.02,6820.68
S003308,2025-06-12,C0692,P054,ST010,5,18237.2,0.02,11637.82
S003309,2026-10-10,C0813,P018,ST003,3,5983.42,0.05,3821.41
S003310,2025-01-10,C0811,P090,ST010,6,1909.18,0.15,1222.08
S003311,2026-09-05,C0577,P023,ST017,4,14849.68,0.05,10277.49
S003312,2025-03-16,C0564,P031,ST022,3,12163.01,0.02,8055.68
S003313,2025-11-18,C0239,P076,ST008,4,7820.6,0.0,6054.39
S003314,2026-02-25,C0574,P082,ST022,4,13680.68,0.05,11120.16
S003315,2025-01-29,C0481,P001,ST018,7,3738.76,0.0,2598.92
S003316,2026-01-27,C0313,P080,ST018,3,9821.16,0.05,7154.82
S003317,2025-04-10,C0919,P090,ST012,2,1832.67,0.02,1222.08
S003318,2025-10-02,C0735,P074,ST021,8,7220.04,0.02,5135.74
S003319,2026-06-02,C0039,P085,ST024,7,8835.03,0.0,7193.26
S003320,2026-12-29,C0394,P043,ST016,6,6516.27,0.02,5492.34
S003321,2026-07-03,C0394,P020,ST015,2,6806.26,0.05,5381.43
S003322,2026-06-18,C0364,P034,ST010,5,3145.53,,2211.93
S003323,2026-09-22,C0987,P077,ST011,6,4859.42,0.05,4125.87
S003324,2026-02-05,C0154,P006,ST003,4,13044.76,0.02,9423.57
S003325,2026-10-11,C0763,P025,ST001,1,1269.32,0.05,935.06
S003326,2025-02-07,C0654,P067,ST003,1,11081.66,0.05,9162.6
S003327,2026-09-28,C0384,P076,ST014,2,7326.85,0.02,6054.39
S003328,2025-05-30,C0631,P050,ST004,4,13854.63,0.0,11552.3
S003329,2025-09-17,C0973,P027,ST017,3,4800.24,0.0,3699.73
S003330,2026-05-04,C0214,P024,ST016,8,3472.7,0.0,2998.79
S003331,2025-03-22,C0326,P013,ST021,8,8830.74,0.05,6891.52
S003332,2025-07-24,C0409,P056,ST019,7,13215.87,0.02,8673.46
S003333,2026-12-08,C0699,P072,ST007,4,12365.89,0.0,7885.7
S003334,2026-09-25,C0695,P021,ST021,6,4493.88,0.0,2771.37
S003335,2025-02-12,C0988,P063,ST020,3,5754.62,0.1,3844.99
S003336,2026-10-04,C0380,P009,ST025,2,2520.34,0.05,1892.61
S003337,2026-04-19,C0705,P058,ST004,8,5509.55,0.05,3448.84
S003338,2026-12-22,C0742,P087,ST014,1,16111.58,0.02,11513.07
S003339,2025-08-16,C0908,P026,ST020,7,5331.04,0.02,3556.26
S003340,2025-03-19,C0823,P010,ST003,4,2510.3,0.02,1595.73
S003341,2025-08-20,C0217,P065,ST020,8,3036.14,0.1,2327.08
S003342,2025-07-14,C0234,P008,ST008,6,8475.65,0.05,6932.71
S003343,2025-12-11,C0652,P054,ST006,7,14567.72,0.02,11637.82
S003344,2026-02-16,C0886,P026,ST009,6,5854.77,0.05,3556.26
S003345,2026-07-13,C0558,P051,ST017,1,15443.72,0.02,10925.82
S003346,2026-11-16,C0813,P046,ST003,8,10637.44,0.0,7655.82
S003347,2026-12-29,C0204,P067,ST016,8,13963.25,0.02,9162.6
S003348,2025-09-30,C0310,P027,ST014,6,4974.19,0.05,3699.73
S003349,2025-05-07,C0305,P074,ST001,7,8370.3,0.05,5135.74
S003350,2025-08-12,C0232,P010,ST003,8,2233.69,0.02,1595.73
S003351,2025-02-08,C0400,P083,ST023,7,11601.56,0.0,7077.47
S003352,2026-05-24,C0225,P073,ST017,1,1643.67,0.05,1242.22
S003353,2025-07-21,C0516,P053,ST008,2,4477.41,0.05,3373.97
S003354,2025-02-05,C0134,P090,ST016,6,1871.81,0.05,1222.08
S003355,2026-08-31,C0974,P086,ST023,2,771.51,0.0,517.95
S003356,2025-01-26,C0423,P067,ST024,5,13800.12,0.05,9162.6
S003357,2025-02-09,C0568,P070,ST018,2,9210.06,0.0,7620.88
S003358,2026-03-14,C0542,P081,ST003,6,2715.36,0.02,2254.47
S003359,2025-01-30,C0146,P052,ST007,6,10595.67,0.0,8471.56
S003360,2025-10-13,C0356,P041,ST013,5,3293.26,0.0,2039.67
S003361,2026-01-18,C0873,P051,ST013,7,14359.62,0.0,10925.82
S003362,2026-04-19,C0903,P002,ST014,8,460.72,0.05,336.51
S003363,2026-09-17,C0447,P005,ST001,6,12968.9,0.0,8535.69
S003364,2025-02-25,C0182,P054,ST013,1,13516.73,0.02,11637.82
S003365,2025-06-13,C0186,P053,ST014,6,4655.34,0.05,3373.97
S003366,2025-12-01,C0283,P003,ST001,2,14977.3,0.05,9496.36
S003367,2025-09-28,C0839,P025,ST012,3,1092.81,0.1,935.06
S003368,2025-04-10,C0590,P023,ST011,1,12634.05,0.0,10277.49
S003369,2026-06-23,C0137,P050,ST007,2,18380.96,0.05,11552.3
S003370,2025-10-19,C0896,P040,ST015,7,9885.22,0.15,6137.28
S003371,2026-06-28,C0174,P019,ST008,5,896.16,0.05,612.11
S003372,2025-05-01,C0084,P058,ST025,7,5316.5,0.05,3448.84
S003373,2025-02-07,C0397,P014,ST011,7,11359.81,0.05,9238.74
S003374,2026-01-05,C0310,P063,ST017,2,5269.66,0.05,3844.99
S003375,2025-03-03,C0188,P087,ST010,4,18494.95,0.0,11513.07
S003376,2025-01-05,C0229,P008,ST006,8,10496.45,0.05,6932.71
S003377,2025-04-07,C0306,P037,ST019,3,10724.97,0.05,8737.72
S003378,2026-07-27,C0944,P013,ST024,7,10473.94,0.05,6891.52
S003379,2025-07-08,C0225,P036,ST014,4,1927.73,0.02,1308.06
S003380,2026-09-24,C0820,P017,ST012,1,10616.8,0.05,6820.68
S003381,2025-10-15,C0653,P004,ST006,8,10076.98,0.15,8062.0
S003382,2026-06-06,C0013,P032,ST001,2,5884.49,0.05,5025.05
S003383,2025-06-17,C0644,P077,ST015,6,6003.38,0.0,4125.87
S003384,2026-12-04,C0109,P089,ST006,7,12022.02,0.1,9447.14
S003385,2026-08-26,C0834,P057,ST022,3,8988.54,0.05,5530.0
S003386,2026-03-17,C0672,P041,ST005,4,2839.22,0.02,2039.67
S003387,2026-12-05,C0636,P058,ST024,3,4030.31,0.1,3448.84
S003388,2026-07-24,C0408,P067,ST003,6,10720.36,0.1,9162.6
S003389,2026-06-24,C0650,P042,ST017,6,11007.76,0.0,8431.76
S003390,2025-08-10,C0113,P037,ST012,4,12029.6,0.02,8737.72
S003391,2025-01-02,C0567,P038,ST018,1,8947.22,0.02,5677.06
S003392,2025-03-06,C0659,P006,ST018,8,14453.0,0.02,9423.57
S003393,2025-04-29,C0253,P077,ST014,7,5113.3,0.05,4125.87
S003394,2026-08-25,C0871,P058,ST016,7,4181.23,0.02,3448.84
S003395,2025-01-02,C0411,P024,ST013,5,4162.66,0.0,2998.79
S003396,2026-05-12,C0313,P025,ST020,7,1480.29,0.05,935.06
S003397,2026-08-18,C0555,P086,ST023,1,620.69,0.05,517.95
S003398,2025-12-26,C0621,P055,ST019,4,15395.53,0.0,9400.32
S003399,2025-03-21,C0528,P054,ST023,3,18389.71,0.05,11637.82
S003400,2025-01-27,C0632,P016,ST015,5,8506.81,0.0,6754.56
S003401,2026-10-26,C0901,P014,ST001,7,13122.36,0.0,9238.74
S003402,2025-09-03,C0569,P089,ST011,3,12063.81,0.1,9447.14
S003403,2025-04-20,C0106,P074,ST025,4,7777.13,0.0,5135.74
S003404,2025-02-09,C0535,P040,ST016,8,8224.56,0.1,6137.28
S003405,2026-09-26,C0075,P028,ST018,1,12504.27,0.02,8027.52
S003406,2025-03-11,C0085,P035,ST007,1,844.3,0.0,516.87
S003407,2025-12-31,C0156,P062,ST025,1,3526.11,0.05,2627.77
S003408,2025-08-08,C0384,P038,ST017,1,7180.95,0.1,5677.06
S003409,2026-04-14,C0254,P046,ST018,1,10620.88,0.05,7655.82
S003410,2025-06-29,C0079,P053,ST024,8,5330.47,0.0,3373.97
S003411,2026-07-26,C0151,P062,ST022,8,3205.5,0.1,2627.77
S003412,2026-05-02,C0464,P028,ST020,7,10433.86,0.0,8027.52
S003413,2026-08-27,C0689,P045,ST025,3,5946.51,0.0,3792.77
S003414,2025-02-13,C0872,P059,ST014,8,1640.28,0.05,1382.59
S003415,2026-05-18,C0101,P084,ST025,1,6446.39,0.05,4325.72
S003416,2026-01-19,C0202,P085,ST023,6,9470.43,0.0,7193.26
S003417,2026-11-23,C0364,P077,ST011,7,5262.12,0.0,4125.87
S003418,2025-06-23,C0189,P061,ST017,8,7662.18,0.0,5605.37
S003419,2026-02-01,C0372,P003,ST025,4,14741.21,0.05,9496.36
S003420,2025-12-20,C0162,P055,ST004,6,13735.22,0.05,9400.32
S003421,2025-11-10,C0374,P073,ST007,2,1878.91,0.1,1242.22
S003422,2026-02-13,C0867,P032,ST023,7,6506.56,0.0,5025.05
S003423,2025-09-25,C0865,P004,ST015,4,12241.43,0.05,8062.0
S003424,2026-06-06,C0144,P079,ST004,8,2121.23,0.02,1464.98
S003425,2026-06-04,C0160,P008,ST015,7,8183.29,0.05,6932.71
S003426,2026-06-25,C0204,P016,ST015,2,8555.51,0.0,6754.56
S003427,2026-11-15,C0362,P073,ST023,5,1463.95,0.05,1242.22
S003428,2025-01-23,C0004,P022,ST016,4,6078.68,0.05,5050.21
S003429,2025-03-06,C0467,P016,ST025,1,10690.71,0.15,6754.56
S003430,2026-11-30,C0776,P077,ST023,7,5971.37,0.1,4125.87
S003431,2025-03-18,C0192,P067,ST003,4,10811.16,0.0,9162.6
S003432,2026-04-04,C0201,P030,ST002,4,11818.21,0.0,9460.8
S003433,2025-12-30,C0374,P054,ST008,5,14786.44,0.0,11637.82
S003434,2025-04-09,C0419,P032,ST015,1,8289.35,0.0,5025.05
S003435,2026-01-25,C0906,P050,ST008,8,15923.74,0.0,11552.3
S003436,2026-09-16,C0549,P019,ST021,4,833.41,0.15,612.11
S003437,2025-09-02,C0432,P051,ST025,7,15661.71,0.1,10925.82
S003438,2025-02-19,C0938,P052,ST013,2,10547.6,0.0,8471.56
S003439,2025-12-31,C0019,P045,ST021,5,4977.64,0.0,3792.77
S003440,2025-09-04,C0872,P016,ST016,4,8591.86,0.05,6754.56
S003441,2026-11-21,C0637,P065,ST016,6,2793.93,0.0,2327.08
S003442,2026-08-24,C0055,P007,ST002,6,9124.94,0.0,5642.26
S003443,2025-12-24,C0946,P066,ST020,5,14290.67,0.0,10315.22
S003444,2026-12-15,C0818,P029,ST010,7,10217.5,0.1,6795.13
S003445,2025-05-29,C0820,P063,ST010,3,5280.02,0.0,3844.99
S003446,2025-07-12,C0133,P032,ST004,1,7465.78,0.1,5025.05
S003447,2026-03-10,C0183,P039,ST008,8,2909.46,0.0,2144.94
S003448,2025-01-03,C0557,P018,ST019,8,5361.73,0.05,3821.41
S003449,2026-09-16,C0659,P014,ST018,3,11147.21,0.02,9238.74
S003450,2025-09-10,C0902,P085,ST019,4,9912.86,0.0,7193.26
S003451,2026-04-04,C0516,P085,ST008,5,10902.78,0.0,7193.26
S003452,2025-08-10,C0146,P087,ST006,3,18429.09,0.0,11513.07
S003453,2026-09-20,C0596,P016,ST019,6,9749.63,0.05,6754.56
S003454,2026-03-24,C0282,P045,ST004,2,6042.8,0.05,3792.77
S003455,2025-08-01,C0940,P038,ST006,8,7877.99,0.02,5677.06
S003456,2025-02-18,C0135,P078,ST021,4,2863.34,0.1,1948.16
S003457,2025-03-05,C0299,P046,ST018,4,9875.76,0.05,7655.82
S003458,2026-07-17,C0003,P052,ST022,1,12386.55,0.0,8471.56
S003459,2026-08-04,C0660,P058,ST018,5,4643.0,0.05,3448.84
S003460,2025-02-16,C0733,P023,ST024,7,13517.18,0.05,10277.49
S003461,2025-04-25,C0478,P001,ST009,2,3302.8,0.0,2598.92
S003462,2026-03-22,C0272,P059,ST016,7,2221.82,0.1,1382.59
S003463,2025-08-23,C0962,P042,ST008,6,11036.76,0.02,8431.76
S003464,2026-08-09,C0241,P083,ST011,5,10472.06,0.0,7077.47
S003465,2026-12-19,C0284,P067,ST001,5,11540.29,0.0,9162.6
S003466,2026-03-27,C0985,P058,ST012,6,4993.02,0.05,3448.84
S003467,2026-07-28,C0921,P031,ST024,3,10781.49,0.05,8055.68
S003468,2025-07-25,C0160,P065,ST017,2,2941.71,0.05,2327.08
S003469,2025-11-26,C0446,P034,ST017,1,3378.34,0.0,2211.93
S003470,2025-07-21,C0765,P002,ST025,2,538.88,0.02,336.51
S003471,2025-05-10,C0285,P011,ST017,3,12158.06,0.05,8103.73
S003472,2025-07-05,C0739,P069,ST014,5,7642.59,0.1,5327.09
S003473,2026-07-16,C0410,P081,ST011,4,2963.04,0.05,2254.47
S003474,2025-09-29,C0017,P031,ST006,2,9553.09,0.02,8055.68
S003475,2025-07-18,C0186,P001,ST016,4,3381.9,0.0,2598.92
S003476,2025-04-28,C0082,P085,ST011,2,11318.78,0.05,7193.26
S003477,2025-02-19,C0747,P024,ST008,4,3971.76,0.02,2998.79
S003478,2025-02-28,C0911,P076,ST021,6,8413.04,0.0,6054.39
S003479,2025-10-05,C0004,P085,ST017,8,11324.38,0.0,7193.26
S003480,2025-02-26,C0688,P012,ST005,2,8388.84,0.0,5785.38
S003481,2025-07-06,C0358,P055,ST014,2,14019.63,0.0,9400.32
S003482,2026-03-28,C0726,P057,ST023,2,8231.49,0.0,5530.0
S003483,2025-01-30,C0761,P035,ST012,6,757.42,0.0,516.87
S003484,2026-12-08,C0688,P073,ST003,2,1606.28,0.02,1242.22
S003485,2025-11-23,C0882,P085,ST020,1,8886.13,0.0,7193.26
S003486,2026-11-06,C0839,P088,ST012,3,8528.94,0.15,5917.07
S003487,2025-08-28,C0224,P034,ST005,6,3262.58,0.1,2211.93
S003488,2026-09-26,C0663,P071,ST025,3,11043.55,0.05,7113.15
S003489,2026-09-20,C0288,P043,ST024,4,7205.46,0.0,5492.34
S003490,2026-01-03,C1000,P010,ST020,8,2257.68,0.1,1595.73
S003491,2026-07-11,C0693,P077,ST009,2,6224.01,0.05,4125.87
S003492,2026-04-09,C0630,P008,ST016,7,9331.47,0.05,6932.71
S003493,2026-04-05,C0282,P018,ST005,5,5827.9,0.1,3821.41
S003494,2026-06-08,C0270,P028,ST023,1,11268.52,0.1,8027.52
S003495,2026-03-10,C0555,P078,ST025,7,3081.39,0.0,1948.16
S003496,2025-12-24,C0912,P040,ST004,5,8252.69,0.05,6137.28
S003497,2025-05-08,C0389,P022,ST020,1,7658.95,0.1,5050.21
S003498,2025-03-16,C0646,P025,ST008,2,1376.12,,935.06
S003499,2026-06-30,C0331,P003,ST008,2,12446.66,0.0,9496.36
S003500,2025-12-22,C0301,P069,ST022,6,6896.14,0.0,5327.09
S003501,2025-06-17,C0579,P068,ST014,8,12063.74,0.05,8703.69
S003502,2026-08-30,C0839,P013,ST011,6,9742.1,0.0,6891.52
S003503,2026-03-18,C0996,P029,ST008,3,11045.12,0.0,6795.13
S003504,2025-10-16,C0513,P041,ST020,8,2976.69,0.0,2039.67
S003505,2026-10-22,C0474,P031,ST025,2,11001.49,0.0,8055.68
S003506,2025-02-04,C0835,P060,ST009,2,16933.91,0.0,10855.58
S003507,2025-08-08,C0673,P004,ST024,8,9568.35,0.1,8062.0
S003508,2026-11-17,C0850,P044,ST021,5,5521.1,0.05,4727.0
S003509,2025-10-21,C0394,P051,ST016,8,17853.38,0.15,10925.82
S003510,2026-04-07,C0530,P007,ST007,1,6866.54,0.05,5642.26
S003511,2026-12-21,C0180,P040,ST025,4,8141.24,0.02,6137.28
S003512,2025-03-13,C0998,P034,ST010,6,2674.08,0.0,2211.93
S003513,2025-03-28,C0641,P059,ST002,5,1629.73,0.0,1382.59
S003514,2026-05-07,C0891,P089,ST015,7,13576.54,0.02,9447.14
S003515,2025-03-14,C0463,P065,ST025,1,2759.43,0.0,2327.08
S003516,2026-11-27,C0035,P065,ST002,7,3483.91,0.0,2327.08
S003517,2025-01-26,C0765,P087,ST025,8,16964.56,0.05,11513.07
S003518,2025-06-13,C0001,P085,ST012,6,9068.33,0.1,7193.26
S003519,2026-08-12,C0462,P082,ST021,2,13705.07,0.02,11120.16
S003520,2026-07-08,C0701,P070,ST004,3,11469.55,0.0,7620.88
S003521,2026-12-13,C0957,P047,ST005,6,6340.52,0.05,4501.3
S003522,2026-05-16,C0462,P040,ST019,7,9052.38,0.05,6137.28
S003523,2026-02-21,C0171,P049,ST011,4,2427.62,0.0,1636.57
S003524,2025-02-07,C0865,P044,ST015,7,6683.87,0.05,4727.0
S003525,2025-06-25,C0089,P013,ST017,8,11356.56,0.0,6891.52
S003526,2026-06-25,C0235,P072,ST001,5,10705.6,0.05,7885.7
S003527,2025-02-16,C0220,P071,ST015,2,9747.21,0.1,7113.15
S003528,2025-02-21,C0355,P066,ST018,5,11973.8,0.0,10315.22
S003529,2026-08-21,C0442,P036,ST012,3,1904.46,0.1,1308.06
S003530,2026-06-06,C0862,P022,ST010,2,5852.28,0.1,5050.21
S003531,2026-07-11,C0346,P032,ST009,1,7520.01,,5025.05
S003532,2025-04-26,C0180,P088,ST022,5,9024.76,0.0,5917.07
S003533,2026-05-15,C0575,P042,ST019,3,11212.22,0.0,8431.76
S003534,2025-10-22,C0314,P001,ST005,8,3121.52,0.1,2598.92
S003535,2026-12-27,C0781,P033,ST003,7,15398.55,0.0,9814.74
S003536,2026-03-19,C0158,P085,ST019,6,9325.15,0.05,7193.26
S003537,2025-06-17,C0708,P007,ST021,3,6594.63,0.1,5642.26
S003538,2026-09-09,C0955,P011,ST014,6,13307.36,0.05,8103.73
S003539,2025-04-17,C0709,P001,ST002,7,3575.99,0.05,2598.92
S003540,2025-01-16,C0471,P046,ST012,6,10525.23,0.0,7655.82
S003541,2026-07-23,C0448,P090,ST006,7,1603.84,0.0,1222.08
S003542,2025-09-10,C0990,P027,ST024,2,5451.23,0.0,3699.73
S003543,2026-06-04,C0316,P065,ST002,8,3467.54,0.0,2327.08
S003544,2026-04-09,C0979,P034,ST004,5,3616.01,0.0,2211.93
S003545,2025-10-15,C0822,P031,ST011,2,12275.13,0.02,8055.68
S003546,2026-07-06,C0021,P001,ST001,2,3054.08,0.05,2598.92
S003547,2026-09-16,C0930,P011,ST008,1,9632.46,0.15,8103.73
S003548,2025-09-16,C0346,P065,ST007,8,3470.52,0.05,2327.08
S003549,2026-12-22,C0643,P062,ST012,6,3035.76,0.1,2627.77
S003550,2026-05-16,C0381,P053,ST023,3,4565.98,0.05,3373.97
S003551,2025-02-06,C0215,P034,ST010,4,3004.51,0.0,2211.93
S003552,2025-02-16,C0867,P044,ST025,3,7707.06,0.05,4727.0
S003553,2026-10-22,C0889,P086,ST019,1,742.56,0.0,517.95
S003554,2025-06-24,C0134,P037,ST014,3,13030.13,0.05,8737.72
S003555,2025-05-12,C0746,P068,ST007,1,10035.6,0.0,8703.69
S003556,2025-06-13,C0603,P069,ST022,4,6846.44,0.0,5327.09
S003557,2026-09-01,C0209,P074,ST015,8,7797.27,0.05,5135.74
S003558,2025-02-20,C0481,P060,ST020,1,17496.87,0.02,10855.58
S003559,2025-06-24,C0298,P078,ST010,6,2948.79,0.05,1948.16
S003560,2026-09-10,C0117,P008,ST020,7,9109.7,0.1,6932.71
S003561,2025-09-23,C0411,P005,ST010,1,13045.85,0.02,8535.69
S003562,2025-10-30,C0751,P039,ST009,1,2656.68,0.05,2144.94
S003563,2025-12-13,C0590,P062,ST010,8,3888.92,0.02,2627.77
S003564,2026-12-04,C0513,P073,ST019,8,1846.55,0.05,1242.22
S003565,2025-06-20,C0374,P067,ST008,3,13971.94,0.1,9162.6
S003566,2025-04-12,C0908,P024,ST020,1,4692.93,0.0,2998.79
S003567,2026-09-17,C0829,P062,ST012,1,3468.54,0.05,2627.77
S003568,2025-12-20,C0660,P002,ST018,5,475.9,0.05,336.51
S003569,2026-03-20,C0032,P007,ST011,3,8529.56,0.0,5642.26
S003570,2026-01-28,C0129,P007,ST005,8,8925.35,0.05,5642.26
S003571,2026-12-01,C0159,P088,ST020,2,7527.05,0.05,5917.07
S003572,2026-02-20,C0931,P036,ST025,6,1521.43,0.1,1308.06
S003573,2025-03-29,C0068,P037,ST019,7,13201.29,0.05,8737.72
S003574,2026-12-22,C0932,P055,ST017,1,14450.27,0.02,9400.32
S003575,2025-05-05,C0827,P080,ST022,6,11015.56,0.05,7154.82
S003576,2026-08-28,C0287,P020,ST004,4,6498.22,0.05,5381.43
S003577,2026-05-05,C0186,P056,ST017,2,12641.72,0.02,8673.46
S003578,2025-06-29,C0996,P057,ST009,7,7813.84,0.05,5530.0
S003579,2026-06-06,C0576,P010,ST005,7,2414.97,0.0,1595.73
S003580,2026-04-06,C0192,P007,ST003,5,6665.81,0.02,5642.26
S003581,2026-09-03,C0700,P083,ST013,2,8735.96,0.0,7077.47
S003582,2025-08-19,C0110,P056,ST010,7,11903.99,0.0,8673.46
S003583,2025-10-02,C0038,P071,ST024,2,9136.69,0.05,7113.15
S003584,2025-03-25,C0714,P014,ST023,8,10976.78,0.05,9238.74
S003585,2025-03-07,C0616,P031,ST002,4,12127.87,0.0,8055.68
S003586,2026-07-02,C0190,P030,ST007,7,11476.65,0.0,9460.8
S003587,2025-05-25,C0595,P011,ST005,2,9567.84,0.02,8103.73
S003588,2026-09-03,C0694,P063,ST018,1,5639.5,0.0,3844.99
S003589,2026-09-11,C0750,P072,ST021,8,10640.43,0.05,7885.7
S003590,2026-08-03,C0617,P046,ST008,4,9112.99,0.0,7655.82
S003591,2025-02-23,C0540,P027,ST007,8,6104.44,0.0,3699.73
S003592,2026-11-09,C0927,P046,ST009,6,10712.82,0.1,7655.82
S003593,2025-11-24,C0615,P054,ST018,1,14805.89,0.1,11637.82
S003594,2025-06-02,C0220,P078,ST016,1,2499.71,0.02,1948.16
S003595,2026-02-20,C0544,P085,ST010,7,11469.84,0.05,7193.26
S003596,2025-11-02,C0539,P020,ST001,2,6917.91,0.1,5381.43
S003597,2026-03-13,C0755,P041,ST020,8,3181.05,0.0,2039.67
S003598,2026-10-26,C0566,P053,ST014,7,5243.73,0.0,3373.97
S003599,2025-11-24,C0653,P038,ST006,3,6837.84,0.05,5677.06
S003600,2025-07-03,C0512,P084,ST024,2,6242.84,0.0,4325.72
S003601,2026-03-17,C0899,P072,ST010,7,10035.48,0.1,7885.7
S003602,2026-10-12,C0885,P072,ST016,5,12941.14,0.0,7885.7
S003603,2025-04-17,C0371,P076,ST002,7,8011.33,0.0,6054.39
S003604,2025-12-25,C0065,P080,ST002,1,8885.01,0.15,7154.82
S003605,2025-03-26,C0737,P074,ST008,8,6732.48,0.1,5135.74
S003606,2025-01-15,C0185,P043,ST023,3,8585.94,0.0,5492.34
S003607,2025-02-16,C0345,P087,ST002,3,17027.09,0.0,11513.07
S003608,2025-10-23,C0208,P008,ST004,4,10312.94,0.0,6932.71
S003609,2026-04-23,C0030,P071,ST023,1,9813.34,0.05,7113.15
S003610,2026-02-07,C0687,P078,ST015,2,3070.92,0.02,1948.16
S003611,2026-06-26,C0257,P086,ST024,6,695.21,0.02,517.95
S003612,2025-01-23,C0505,P005,ST015,7,10418.25,0.05,8535.69
S003613,2025-03-17,C0625,P090,ST024,6,1999.67,0.0,1222.08
S003614,2025-01-08,C0553,P054,ST002,2,16912.03,0.0,11637.82
S003615,2025-02-12,C0562,P028,ST006,1,11574.2,0.05,8027.52
S003616,2026-10-31,C0706,P027,ST024,4,4280.63,0.0,3699.73
S003617,2026-04-14,C0113,P085,ST012,5,10783.84,0.05,7193.26
S003618,2025-07-01,C0901,P036,ST002,3,2113.36,0.05,1308.06
S003619,2026-09-13,C0330,P071,ST013,5,11070.13,0.05,7113.15
S003620,2025-06-24,C0808,P018,ST024,7,5574.19,0.0,3821.41
S003621,2026-06-14,C0866,P080,ST008,5,11412.14,0.02,7154.82
S003622,2026-04-03,C0514,P082,ST003,7,17025.14,0.02,11120.16
S003623,2025-11-23,C0128,P080,ST001,6,9834.88,0.02,7154.82
S003624,2026-07-29,C0206,P045,ST020,4,4671.17,0.0,3792.77
S003625,2025-04-25,C0265,P033,ST022,3,13612.55,0.0,9814.74
S003626,2026-08-18,C0339,P035,ST017,2,773.64,0.1,516.87
S003627,2025-06-27,C0102,P071,ST020,5,10942.39,0.05,7113.15
S003628,2026-09-22,C0679,P054,ST014,4,13795.4,0.05,11637.82
S003629,2026-02-18,C0263,P021,ST019,8,3259.84,0.05,2771.37
S003630,2026-11-28,C0970,P071,ST001,3,11425.37,0.05,7113.15
S003631,2026-12-20,C0947,P086,ST019,1,723.8,0.05,517.95
S003632,2026-04-23,C0426,P063,ST021,3,4579.86,0.02,3844.99
S003633,2026-01-04,C0040,P086,ST021,5,649.13,0.05,517.95
S003634,2026-12-13,C0580,P037,ST024,2,12589.43,0.02,8737.72
S003635,2025-01-11,C0841,P023,ST024,2,16427.83,0.05,10277.49
S003636,2026-09-02,C0217,P048,ST019,3,2093.34,0.0,1279.89
S003637,2025-07-12,C0013,P089,ST003,5,14389.81,0.0,9447.14
S003638,2026-07-22,C0496,P034,ST004,7,2907.44,0.0,2211.93
S003639,2026-09-19,C0828,P057,ST001,8,8747.55,0.0,5530.0
S003640,2025-08-03,C0132,P053,ST005,8,5507.63,0.05,3373.97
S003641,2026-06-14,C0874,P015,ST024,5,9650.95,0.02,7707.94
S003642,2025-12-03,C0802,P032,ST024,7,5789.27,0.02,5025.05
S003643,2025-04-02,C0038,P054,ST025,3,15647.02,0.0,11637.82
S003644,2025-08-05,C0464,P071,ST019,4,9982.82,0.02,7113.15
S003645,2026-10-24,C0332,P003,ST013,4,12683.07,0.1,9496.36
S003646,2025-02-09,C0790,P050,ST019,1,16143.36,0.05,11552.3
S003647,2025-04-30,C0605,P063,ST013,5,4607.21,0.02,3844.99
S003648,2026-12-30,C0499,P020,ST021,5,6637.91,0.05,5381.43
S003649,2025-10-15,C0665,P067,ST002,6,12050.76,0.15,9162.6
S003650,2026-04-30,C0838,P049,ST006,5,2692.58,0.05,1636.57
S003651,2026-07-22,C0954,P054,ST004,2,17182.92,0.1,11637.82
S003652,2026-03-01,C0518,P076,ST006,1,8413.58,0.05,6054.39
S003653,2026-08-05,C0518,P003,ST009,7,14159.78,0.0,9496.36
S003654,2025-08-10,C0366,P038,ST020,2,7879.56,0.0,5677.06
S003655,2026-06-11,C0531,P063,ST003,8,4719.33,0.05,3844.99
S003656,2025-04-26,C0039,P064,ST025,1,9636.31,0.02,7055.83
S003657,2025-02-19,C0327,P090,ST014,7,1757.39,0.1,1222.08
S003658,2025-11-14,C0438,P051,ST015,7,15561.93,0.05,10925.82
S003659,2025-11-11,C0926,P001,ST024,8,3635.49,0.05,2598.92
S003660,2026-10-20,C0463,P089,ST023,3,11176.0,0.1,9447.14
S003661,2026-05-28,C0353,P079,ST016,2,1888.36,0.0,1464.98
S003662,2025-08-01,C0238,P032,ST011,4,8131.14,0.1,5025.05
S003663,2025-01-02,C0821,P032,ST013,2,7317.12,0.05,5025.05
S003664,2026-03-23,C0509,P053,ST018,1,4008.35,0.15,3373.97
S003665,2026-06-09,C0040,P086,ST019,5,734.18,0.0,517.95
S003666,2025-09-05,C0905,P060,ST003,3,16249.78,0.0,10855.58
S003667,2025-06-18,C0803,P015,ST003,7,12118.97,0.15,7707.94
S003668,2026-01-22,C0626,P029,ST001,5,10487.88,0.0,6795.13
S003669,2025-07-27,C0499,P069,ST021,4,6187.38,0.0,5327.09
S003670,2026-01-22,C0397,P057,ST010,8,8124.92,0.02,5530.0
S003671,2025-04-17,C0992,P071,ST013,3,8516.31,0.05,7113.15
S003672,2025-08-25,C0306,P059,ST021,3,1904.32,0.0,1382.59
S003673,2025-04-29,C0926,P077,ST024,8,6734.55,0.0,4125.87
S003674,2026-12-25,C0406,P046,ST012,6,8864.85,0.15,7655.82
S003675,2026-09-22,C0611,P048,ST001,4,2056.88,0.05,1279.89
S003676,2026-05-04,C0590,P082,ST012,3,16073.75,0.05,11120.16
S003677,2025-05-28,C0972,P071,ST013,6,9372.92,0.1,7113.15
S003678,2025-02-20,C0305,P013,ST005,5,9716.65,0.1,6891.52
S003679,2026-09-29,C0195,P027,ST005,6,5487.07,0.02,3699.73
S003680,2026-09-22,C0391,P015,ST020,4,12467.29,0.05,7707.94
S003681,2025-11-03,C0881,P088,ST024,7,8609.01,0.05,5917.07
S003682,2026-02-04,C0814,P033,ST005,6,11849.57,0.1,9814.74
S003683,2025-09-21,C0532,P079,ST017,5,2032.45,0.05,1464.98
S003684,2025-11-07,C0755,P042,ST020,1,11413.83,0.05,8431.76
S003685,2026-10-16,C0139,P002,ST025,5,465.2,0.0,336.51
S003686,2025-07-13,C0029,P029,ST009,5,10020.77,0.02,6795.13
S003687,2026-07-16,C0570,P089,ST010,2,14633.95,0.0,9447.14
S003688,2025-12-15,C0839,P076,ST012,7,7772.94,,6054.39
S003689,2025-07-05,C0499,P040,ST018,3,7999.59,0.02,6137.28
S003690,2026-07-19,C0973,P031,ST016,2,9859.28,0.0,8055.68
S003691,2025-09-23,C0157,P015,ST025,5,11541.82,0.05,7707.94
S003692,2025-05-19,C0528,P056,ST025,8,10143.22,0.05,8673.46
S003693,2026-09-18,C0352,P029,ST016,6,9692.85,0.0,6795.13
S003694,2026-10-19,C0070,P048,ST011,1,2046.11,0.0,1279.89
S003695,2026-06-11,C0964,P011,ST023,2,12695.91,0.0,8103.73
S003696,2026-12-20,C0108,P081,ST006,7,2680.64,0.0,2254.47
S003697,2026-06-15,C0513,P082,ST021,8,17736.06,0.05,11120.16
S003698,2026-07-15,C0740,P054,ST015,3,17952.58,0.05,11637.82
S003699,2025-05-07,C0145,P090,ST015,6,1783.78,0.02,1222.08
S003700,2025-12-09,C0247,P044,ST018,3,7749.41,0.02,4727.0
S003701,2025-09-04,C0145,P052,ST017,2,12951.7,0.0,8471.56
S003702,2026-10-12,C0365,P066,ST012,6,12694.72,0.02,10315.22
S003703,2025-07-05,C0245,P006,ST008,5,15216.07,0.05,9423.57
S003704,2026-12-29,C0192,P064,ST002,8,10339.59,0.1,7055.83
S003705,2025-08-21,C0759,P016,ST002,3,10831.54,0.0,6754.56
S003706,2026-05-10,C0299,P008,ST021,5,11437.8,0.05,6932.71
S003707,2026-01-26,C0491,P061,ST024,8,7867.26,0.0,5605.37
S003708,2026-10-03,C0707,P007,ST006,5,7857.83,0.0,5642.26
S003709,2026-08-01,C0994,P074,ST020,5,8288.48,0.02,5135.74
S003710,2025-09-23,C0097,P029,ST013,2,9494.55,0.0,6795.13
S003711,2026-02-23,C0694,P072,ST018,1,12590.89,0.1,7885.7
S003712,2026-02-06,C0447,P064,ST001,1,8930.08,0.05,7055.83
S003713,2025-11-08,C0356,P062,ST011,5,3817.32,0.0,2627.77
S003714,2026-05-02,C0280,P039,ST025,4,3350.84,0.05,2144.94
S003715,2026-02-07,C0939,P061,ST017,1,6557.25,0.0,5605.37
S003716,2026-01-03,C0158,P057,ST019,1,7242.85,0.05,5530.0
S003717,2025-10-05,C0901,P011,ST003,4,10412.57,0.0,8103.73
S003718,2025-04-01,C0018,P011,ST017,3,13356.14,0.0,8103.73
S003719,2025-08-16,C0374,P045,ST006,6,5422.99,0.02,3792.77
S003720,2025-06-17,C0908,P049,ST018,8,2465.54,0.0,1636.57
S003721,2026-06-23,C0884,P028,ST012,8,9348.75,0.05,8027.52
S003722,2026-08-06,C0356,P076,ST012,4,7940.32,0.02,6054.39
S003723,2025-07-09,C0072,P054,ST017,5,13637.42,0.1,11637.82
S003724,2025-06-28,C0503,P018,ST005,5,5328.0,0.05,3821.41
S003725,2026-09-26,C0425,P002,ST016,1,471.47,0.0,336.51
S003726,2026-01-25,C0691,P059,ST017,2,1627.67,0.05,1382.59
S003727,2026-03-27,C0714,P022,ST022,7,5820.24,0.05,5050.21
S003728,2026-05-17,C0468,P083,ST003,7,9529.93,0.02,7077.47
S003729,2026-05-17,C0673,P004,ST022,5,10932.59,0.05,8062.0
S003730,2025-05-17,C0004,P087,ST016,5,15418.84,0.05,11513.07
S003731,2025-09-23,C0685,P040,ST023,1,8478.01,,6137.28
S003732,2026-02-09,C0821,P039,ST011,8,3336.95,0.1,2144.94
S003733,2026-01-25,C0365,P059,ST012,8,2265.24,0.05,1382.59
S003734,2025-05-03,C0265,P058,ST022,7,4977.52,0.1,3448.84
S003735,2026-05-07,C0615,P079,ST020,4,2063.65,0.05,1464.98
S003736,2026-02-04,C0088,P034,ST010,1,3631.66,0.1,2211.93
S003737,2026-06-04,C0156,P006,ST024,8,15084.98,0.0,9423.57
S003738,2025-07-16,C0466,P003,ST020,3,15098.5,0.02,9496.36
S003739,2025-05-13,C0267,P048,ST008,6,1939.8,0.05,1279.89
S003740,2025-03-24,C0613,P082,ST002,4,14424.21,0.0,11120.16
S003741,2025-12-16,C0112,P038,ST024,7,7595.24,0.15,5677.06
S003742,2025-12-29,C0766,P063,ST015,1,5590.95,,3844.99
S003743,2025-12-19,C0994,P090,ST020,1,1933.9,0.02,1222.08
S003744,2026-06-28,C0402,P023,ST012,6,15670.18,0.0,10277.49
S003745,2025-06-05,C0856,P011,ST013,4,12892.46,0.0,8103.73
S003746,2025-06-07,C0798,P082,ST004,3,16477.42,0.1,11120.16
S003747,2025-11-21,C0963,P075,ST020,4,983.45,0.05,738.97
S003748,2025-07-10,C0788,P043,ST022,7,8348.65,0.0,5492.34
S003749,2025-05-12,C0956,P085,ST008,2,10985.73,0.05,7193.26
S003750,2026-02-09,C0915,P008,ST009,7,8878.63,0.1,6932.71
S003751,2025-12-13,C0081,P040,ST008,3,8052.17,,6137.28
S003752,2026-09-14,C0700,P014,ST011,8,11229.95,0.05,9238.74
S003753,2026-01-03,C0089,P037,ST014,5,12472.38,0.05,8737.72
S003754,2026-07-02,C0723,P061,ST018,8,8718.78,0.0,5605.37
S003755,2025-01-01,C0908,P059,ST020,6,2008.55,0.05,1382.59
S003756,2025-03-07,C0190,P063,ST009,4,5464.67,0.02,3844.99
S003757,2026-08-18,C0485,P016,ST022,3,10395.58,0.02,6754.56
S003758,2026-07-18,C0561,P063,ST004,2,4796.93,0.02,3844.99
S003759,2026-06-24,C0367,P073,ST006,3,1463.69,0.02,1242.22
S003760,2026-03-26,C0866,P070,ST007,3,11506.45,0.0,7620.88
S003761,2026-01-30,C0942,P041,ST024,6,2926.75,0.02,2039.67
S003762,2025-12-25,C0743,P070,ST024,1,9382.08,0.0,7620.88
S003763,2026-08-26,C0350,P081,ST016,4,3553.56,0.05,2254.47
S003764,2025-02-16,C0069,P089,ST001,2,12517.67,0.0,9447.14
S003765,2025-07-14,C0509,P046,ST019,8,11579.23,0.0,7655.82
S003766,2025-10-27,C0875,P028,ST009,6,10622.44,0.02,8027.52
S003767,2026-08-24,C0751,P089,ST007,8,15100.19,0.15,9447.14
S003768,2025-11-14,C0553,P072,ST001,6,11324.84,0.0,7885.7
S003769,2025-03-23,C0268,P042,ST024,3,12460.48,0.0,8431.76
S003770,2026-10-15,C0435,P037,ST025,2,10790.47,0.05,8737.72
S003771,2026-07-18,C0730,P087,ST001,4,16059.34,0.0,11513.07
S003772,2025-11-25,C0076,P061,ST019,5,7412.41,0.05,5605.37
S003773,2026-04-10,C0211,P020,ST014,7,7017.55,0.0,5381.43
S003774,2025-12-04,C0750,P022,ST020,1,6486.7,0.02,5050.21
S003775,2025-11-11,C0972,P085,ST012,1,10975.49,0.02,7193.26
S003776,2026-09-08,C0384,P007,ST016,1,8806.63,0.02,5642.26
S003777,2026-01-23,C0518,P055,ST009,7,13268.79,0.0,9400.32
S003778,2026-07-05,C0913,P055,ST004,1,15367.51,0.02,9400.32
S003779,2026-09-03,C0387,P083,ST024,6,10970.17,0.0,7077.47
S003780,2025-10-24,C0075,P071,ST020,3,10348.87,0.0,7113.15
S003781,2026-04-05,C0014,P088,ST013,2,7492.4,0.02,5917.07
S003782,2026-09-19,C0204,P024,ST016,3,4832.55,0.15,2998.79
S003783,2025-07-03,C0123,P020,ST007,3,7388.32,0.0,5381.43
S003784,2025-10-08,C0153,P004,ST024,4,10220.28,0.05,8062.0
S003785,2026-08-25,C0218,P049,ST019,6,2562.04,0.0,1636.57
S003786,2025-11-12,C0902,P049,ST018,1,2637.66,0.0,1636.57
S003787,2025-07-04,C0534,P002,ST021,5,485.26,0.0,336.51
S003788,2026-08-19,C0819,P061,ST011,1,7959.36,0.0,5605.37
S003789,2025-11-15,C0567,P077,ST019,1,6308.33,0.1,4125.87
S003790,2025-12-05,C0694,P036,ST021,3,1807.29,0.0,1308.06
S003791,2026-09-02,C0972,P023,ST012,8,14953.32,0.05,10277.49
S003792,2026-08-13,C0101,P015,ST024,1,11905.63,0.02,7707.94
S003793,2025-11-05,C0603,P049,ST024,1,2453.61,0.05,1636.57
S003794,2025-06-06,C0071,P076,ST018,6,7605.91,0.0,6054.39
S003795,2025-01-24,C0212,P057,ST001,4,6996.81,0.05,5530.0
S003796,2026-06-19,C0811,P009,ST013,4,2241.06,0.0,1892.61
S003797,2025-11-29,C0273,P087,ST005,2,13691.21,0.02,11513.07
S003798,2026-08-20,C0267,P065,ST007,1,3051.15,0.0,2327.08
S003799,2026-10-06,C0804,P030,ST006,1,13095.84,0.02,9460.8
S003800,2025-10-26,C0361,P014,ST020,4,12554.79,0.1,9238.74
S003801,2025-02-28,C0275,P053,ST002,1,4513.42,0.02,3373.97
S003802,2025-05-22,C0775,P038,ST022,8,7929.78,0.0,5677.06
S003803,2025-06-01,C0790,P020,ST020,7,8466.9,0.02,5381.43
S003804,2026-01-06,C0560,P015,ST008,1,9079.83,0.15,7707.94
S003805,2026-12-31,C0914,P031,ST005,2,10772.34,0.0,8055.68
S003806,2026-01-04,C0183,P084,ST007,4,5923.64,0.05,4325.72
S003807,2026-05-19,C0344,P085,ST008,8,9463.81,0.1,7193.26
S003808,2025-07-26,C0846,P032,ST023,3,6771.97,0.05,5025.05
S003809,2025-12-17,C0876,P027,ST003,3,5788.05,0.05,3699.73
S003810,2026-01-24,C0518,P025,ST006,8,1129.74,0.05,935.06
S003811,2026-01-18,C0129,P066,ST004,5,13227.44,0.02,10315.22
S003812,2026-02-01,C0884,P018,ST012,4,4407.19,0.0,3821.41
S003813,2025-09-29,C0343,P062,ST016,3,3340.92,0.05,2627.77
S003814,2025-10-21,C0337,P063,ST010,1,5209.21,0.02,3844.99
S003815,2026-03-29,C0625,P054,ST025,6,18225.95,0.0,11637.82
S003816,2025-06-02,C0940,P032,ST006,3,8063.99,0.1,5025.05
S003817,2026-06-01,C0084,P004,ST022,3,12178.86,0.0,8062.0
S003818,2026-09-13,C0492,P071,ST022,6,11535.88,0.05,7113.15
S003819,2025-12-09,C0332,P059,ST011,3,1883.05,0.05,1382.59
S003820,2025-05-16,C0634,P079,ST022,7,2058.16,0.02,1464.98
S003821,2026-09-11,C0019,P009,ST019,6,3073.95,0.1,1892.61
S003822,2026-12-16,C0861,P088,ST004,5,8277.82,0.05,5917.07
S003823,2025-07-25,C0953,P077,ST008,5,6558.29,0.02,4125.87
S003824,2025-05-27,C0856,P062,ST011,4,3821.35,0.1,2627.77
S003825,2025-11-25,C0410,P020,ST011,3,7776.11,0.05,5381.43
S003826,2025-03-08,C0624,P016,ST003,1,7860.33,0.1,6754.56
S003827,2025-07-06,C0366,P011,ST018,2,9975.11,0.05,8103.73
S003828,2025-02-24,C0734,P019,ST009,6,900.04,0.1,612.11
S003829,2026-09-02,C0044,P030,ST009,3,15561.48,0.05,9460.8
S003830,2025-11-07,C0576,P058,ST005,7,4273.22,0.02,3448.84
S003831,2025-12-17,C0281,P089,ST017,1,12999.39,0.1,9447.14
S003832,2025-04-23,C0743,P062,ST025,5,3359.75,0.0,2627.77
S003833,2025-12-17,C0811,P023,ST010,2,15522.62,0.05,10277.49
S003834,2026-08-14,C0166,P087,ST010,3,17664.22,0.0,11513.07
S003835,2025-12-11,C0333,P035,ST004,5,614.79,0.0,516.87
S003836,2025-05-17,C0880,P059,ST013,1,1981.32,0.05,1382.59
S003837,2026-12-26,C0211,P046,ST014,8,8985.83,0.02,7655.82
S003838,2025-01-13,C0978,P075,ST018,4,1024.33,0.15,738.97
S003839,2025-06-11,C0695,P070,ST020,2,12185.45,0.05,7620.88
S003840,2026-01-04,C0654,P040,ST004,7,8305.53,0.1,6137.28
S003841,2025-08-06,C0935,P053,ST025,2,5187.31,0.0,3373.97
S003842,2025-06-12,C0567,P074,ST019,1,7979.38,0.1,5135.74
S003843,2026-10-05,C0398,P066,ST003,2,12427.29,0.0,10315.22
S003844,2026-09-21,C0350,P025,ST016,7,1306.01,0.0,935.06
S003845,2025-05-30,C0431,P043,ST007,2,8049.02,0.0,5492.34
S003846,2025-01-29,C0768,P066,ST001,6,16326.1,0.0,10315.22
S003847,2025-03-26,C0740,P071,ST016,5,8645.34,0.0,7113.15
S003848,2026-01-12,C0575,P070,ST021,4,12306.05,0.05,7620.88
S003849,2026-04-27,C0240,P089,ST019,2,11300.49,0.0,9447.14
S003850,2026-05-23,C0829,P012,ST013,3,9326.85,0.0,5785.38
S003851,2025-04-06,C0840,P070,ST005,4,12068.41,0.0,7620.88
S003852,2026-09-11,C0378,P015,ST019,6,12405.14,0.0,7707.94
S003853,2026-11-14,C0308,P013,ST016,5,8364.67,0.15,6891.52
S003854,2026-06-30,C0120,P083,ST017,6,10888.83,0.0,7077.47
S003855,2026-08-05,C0234,P054,ST007,1,17576.17,0.05,11637.82
S003856,2026-04-06,C0171,P041,ST012,8,2515.54,0.05,2039.67
S003857,2025-02-04,C0522,P083,ST024,1,8983.44,0.05,7077.47
S003858,2025-05-03,C0362,P068,ST024,6,12282.67,0.0,8703.69
S003859,2026-02-14,C0182,P063,ST011,4,5132.22,0.0,3844.99
S003860,2026-07-28,C0365,P065,ST013,6,3560.24,0.1,2327.08
S003861,2026-11-27,C0125,P048,ST025,1,1639.59,0.05,1279.89
S003862,2026-10-05,C0505,P089,ST014,7,14516.11,0.0,9447.14
S003863,2025-03-27,C0027,P081,ST023,7,3108.51,0.15,2254.47
S003864,2026-11-24,C0799,P070,ST023,6,10411.11,0.05,7620.88
S003865,2025-07-11,C0098,P053,ST020,1,4300.9,0.05,3373.97
S003866,2026-12-29,C0317,P087,ST023,4,15191.19,0.0,11513.07
S003867,2025-05-07,C0330,P006,ST010,3,14252.78,0.0,9423.57
S003868,2025-01-30,C0028,P067,ST018,1,11434.23,0.0,9162.6
S003869,2025-03-14,C0634,P052,ST024,1,11998.75,0.0,8471.56
S003870,2025-10-15,C0726,P022,ST025,8,6137.66,0.0,5050.21
S003871,2025-02-14,C0281,P014,ST016,1,13721.76,0.05,9238.74
S003872,2025-04-03,C0220,P088,ST014,7,7116.02,0.0,5917.07
S003873,2025-06-02,C0852,P056,ST019,1,12950.66,0.05,8673.46
S003874,2026-03-15,C0886,P077,ST007,5,5572.57,0.05,4125.87
S003875,2026-05-12,C0866,P069,ST007,8,7405.67,0.05,5327.09
S003876,2025-07-24,C0614,P016,ST011,1,9275.9,0.05,6754.56
S003877,2025-04-07,C0401,P043,ST025,3,7321.8,0.02,5492.34
S003878,2025-03-04,C0107,P033,ST016,7,13931.0,0.02,9814.74
S003879,2026-07-26,C0950,P003,ST010,5,13178.93,0.0,9496.36
S003880,2026-01-14,C0653,P054,ST009,4,16710.54,0.1,11637.82
S003881,2026-10-14,C0811,P036,ST010,1,1738.47,0.02,1308.06
S003882,2026-09-25,C0793,P033,ST007,5,15869.87,0.02,9814.74
S003883,2026-10-29,C0332,P004,ST012,3,11448.04,0.0,8062.0
S003884,2025-05-25,C0442,P004,ST012,3,9355.2,0.02,8062.0
S003885,2025-05-02,C0679,P031,ST017,2,9852.31,0.0,8055.68
S003886,2026-07-21,C0943,P050,ST022,8,15633.41,0.02,11552.3
S003887,2026-12-04,C0855,P048,ST022,5,1545.39,0.0,1279.89
S003888,2025-03-27,C0820,P028,ST012,5,10434.84,0.0,8027.52
S003889,2025-09-29,C0864,P067,ST004,2,12970.02,0.05,9162.6
S003890,2026-10-09,C0279,P031,ST001,5,11028.38,0.0,8055.68
S003891,2026-01-20,C0643,P077,ST013,5,5728.99,0.1,4125.87
S003892,2025-02-07,C0742,P080,ST015,4,8841.01,0.05,7154.82
S003893,2025-03-14,C0048,P025,ST004,8,1289.92,0.05,935.06
S003894,2025-04-01,C0836,P038,ST016,4,9284.04,0.05,5677.06
S003895,2026-10-05,C0579,P016,ST016,6,9715.17,0.05,6754.56
S003896,2025-05-19,C0206,P034,ST018,4,2937.66,0.02,2211.93
S003897,2025-05-31,C0835,P013,ST006,1,10919.33,0.05,6891.52
S003898,2025-08-22,C0096,P050,ST020,1,16132.51,0.0,11552.3
S003899,2025-07-06,C0227,P044,ST021,3,5691.78,0.15,4727.0
S003900,2026-09-15,C0776,P007,ST024,6,9141.07,0.02,5642.26
S003901,2026-04-07,C0745,P045,ST004,2,5991.71,0.02,3792.77
S003902,2026-08-19,C0767,P017,ST011,2,8630.03,0.05,6820.68
S003903,2026-09-23,C0420,P015,ST011,1,10915.01,0.02,7707.94
S003904,2026-07-10,C0185,P045,ST022,2,5675.33,0.1,3792.77
S003905,2025-01-16,C0592,P074,ST005,8,7998.69,0.05,5135.74
S003906,2026-07-30,C0338,P080,ST016,7,9945.0,0.0,7154.82
S003907,2025-06-09,C0110,P042,ST011,4,13480.54,0.02,8431.76
S003908,2026-01-04,C0278,P060,ST019,8,13797.16,0.0,10855.58
S003909,2025-07-27,C0262,P086,ST022,8,701.21,0.02,517.95
S003910,2026-05-13,C0812,P086,ST003,8,622.19,0.1,517.95
S003911,2026-09-06,C0740,P003,ST016,5,11137.02,0.1,9496.36
S003912,2025-03-21,C0415,P004,ST003,6,9278.22,0.05,8062.0
S003913,2025-01-19,C0113,P084,ST013,5,6680.64,0.05,4325.72
S003914,2026-01-16,C0530,P074,ST008,8,7178.74,0.1,5135.74
S003915,2026-02-03,C0118,P060,ST001,7,17364.99,0.02,10855.58
S003916,2026-10-28,C0470,P061,ST010,7,7385.12,0.1,5605.37
S003917,2025-10-25,C0190,P007,ST007,4,7630.38,0.02,5642.26
S003918,2026-07-18,C0303,P041,ST019,8,2928.64,0.15,2039.67
S003919,2025-12-04,C0598,P038,ST009,8,7750.22,0.0,5677.06
S003920,2025-06-04,C0016,P051,ST021,4,16640.15,0.02,10925.82
S003921,2026-02-12,C0009,P041,ST013,6,3136.61,0.05,2039.67
S003922,2026-01-20,C0846,P077,ST023,2,5689.25,0.05,4125.87
S003923,2025-04-28,C0718,P049,ST024,4,2507.71,0.15,1636.57
S003924,2025-12-26,C0444,P054,ST006,2,18238.25,0.05,11637.82
S003925,2025-04-29,C0428,P030,ST004,1,14340.04,0.05,9460.8
S003926,2026-02-08,C0163,P043,ST010,2,8359.68,0.0,5492.34
S003927,2025-09-12,C0992,P050,ST013,6,17884.9,0.0,11552.3
S003928,2025-09-05,C0740,P015,ST014,6,10818.93,0.1,7707.94
S003929,2025-03-05,C0374,P073,ST006,5,2043.73,0.0,1242.22
S003930,2025-05-18,C0569,P024,ST011,2,4060.32,0.0,2998.79
S003931,2026-02-23,C0666,P006,ST005,2,14226.32,0.02,9423.57
S003932,2025-01-06,C0047,P004,ST008,8,11954.37,0.0,8062.0
S003933,2026-08-04,C0088,P045,ST011,5,5987.74,0.05,3792.77
S003934,2026-02-21,C0980,P087,ST023,6,18930.46,0.05,11513.07
S003935,2025-11-23,C0740,P067,ST017,2,10648.91,0.0,9162.6
S003936,2026-07-05,C0225,P033,ST015,3,15729.93,0.05,9814.74
S003937,2025-09-23,C0588,P039,ST004,3,3356.68,0.1,2144.94
S003938,2025-06-27,C0196,P006,ST017,4,15326.67,0.05,9423.57
S003939,2025-08-02,C0673,P033,ST022,8,14679.43,0.0,9814.74
S003940,2025-06-03,C0849,P045,ST008,7,4939.91,0.02,3792.77
S003941,2025-01-21,C0102,P085,ST020,7,11113.56,0.0,7193.26
S003942,2025-09-15,C0919,P062,ST011,6,3222.62,0.05,2627.77
S003943,2026-01-12,C0355,P067,ST019,8,13926.24,0.05,9162.6
S003944,2025-09-09,C0363,P083,ST025,2,11281.06,0.05,7077.47
S003945,2026-02-03,C0873,P080,ST012,2,11127.84,0.02,7154.82
S003946,2025-04-10,C0014,P060,ST013,8,16707.1,0.0,10855.58
S003947,2026-02-17,C0894,P085,ST024,8,8729.63,0.0,7193.26
S003948,2026-08-08,C0696,P004,ST014,8,10138.04,0.02,8062.0
S003949,2025-11-28,C0169,P044,ST004,2,5479.9,0.05,4727.0
S003950,2026-04-15,C0635,P045,ST001,4,6059.71,0.0,3792.77
S003951,2026-05-24,C0416,P045,ST002,4,4867.43,0.1,3792.77
S003952,2026-01-25,C0243,P004,ST021,3,12540.39,0.1,8062.0
S003953,2025-05-09,C0742,P002,ST014,4,424.67,0.02,336.51
S003954,2025-09-17,C0672,P054,ST003,4,16510.34,0.05,11637.82
S003955,2025-10-20,C0127,P018,ST007,2,4465.36,0.0,3821.41
S003956,2026-08-12,C0018,P053,ST017,5,4892.4,0.02,3373.97
S003957,2026-04-08,C0761,P048,ST011,8,2000.62,0.15,1279.89
S003958,2025-05-22,C0550,P014,ST011,3,14282.09,0.0,9238.74
S003959,2026-08-10,C0737,P085,ST009,7,8675.49,0.02,7193.26
S003960,2025-05-16,C0601,P048,ST004,5,1577.13,0.05,1279.89
S003961,2026-10-26,C0565,P086,ST007,5,600.13,0.05,517.95
S003962,2025-06-16,C0192,P089,ST002,6,11946.92,0.02,9447.14
S003963,2026-02-03,C0786,P039,ST005,1,2829.15,0.0,2144.94
S003964,2025-04-10,C0817,P022,ST021,6,6228.98,0.0,5050.21
S003965,2026-10-01,C0305,P021,ST001,2,3741.19,0.15,2771.37
S003966,2025-12-17,C0821,P035,ST013,1,635.47,0.0,516.87
S003967,2026-08-24,C0132,P048,ST004,1,1510.19,0.0,1279.89
S003968,2025-02-26,C0665,P036,ST003,1,2138.43,0.02,1308.06
S003969,2026-09-08,C0607,P043,ST009,6,7469.62,0.02,5492.34
S003970,2026-01-14,C0316,P007,ST002,3,6565.66,0.05,5642.26
S003971,2026-12-10,C0679,P061,ST016,8,7772.08,0.1,5605.37
S003972,2026-11-18,C0394,P006,ST014,4,13819.44,0.0,9423.57
S003973,2026-12-08,C0393,P046,ST006,3,9710.1,0.05,7655.82
S003974,2025-02-20,C0461,P086,ST011,1,611.37,0.1,517.95
S003975,2025-03-16,C0797,P058,ST024,6,4600.9,0.0,3448.84
S003976,2025-05-16,C0769,P058,ST005,5,5310.62,0.02,3448.84
S003977,2025-04-05,C0139,P039,ST022,8,2991.22,0.05,2144.94
S003978,2025-11-01,C0890,P043,ST008,4,8870.5,0.02,5492.34
S003979,2025-06-18,C0267,P027,ST009,4,5825.49,0.0,3699.73
S003980,2025-01-16,C0360,P054,ST010,3,17715.3,0.1,11637.82
S003981,2025-08-06,C0075,P029,ST021,4,8653.72,0.1,6795.13
S003982,2025-11-29,C0104,P025,ST012,8,1455.73,0.05,935.06
S003983,2026-04-01,C0647,P031,ST020,6,10800.33,0.0,8055.68
S003984,2025-08-04,C0772,P010,ST024,4,2541.85,0.1,1595.73
S003985,2025-12-07,C0711,P020,ST004,6,6508.34,0.05,5381.43
S003986,2025-10-27,C0738,P089,ST009,6,13085.28,0.05,9447.14
S003987,2026-04-29,C0632,P090,ST016,6,1846.72,0.0,1222.08
S003988,2026-08-19,C0847,P074,ST007,3,6981.82,0.02,5135.74
S003989,2026-07-27,C0176,P010,ST009,6,2476.15,0.05,1595.73
S003990,2025-05-26,C0941,P065,ST001,7,3144.14,0.05,2327.08
S003991,2025-03-06,C0505,P026,ST015,4,5740.68,0.0,3556.26
S003992,2026-12-13,C0849,P064,ST008,1,11391.0,0.05,7055.83
S003993,2026-12-28,C0052,P074,ST005,8,6059.02,0.05,5135.74
S003994,2026-01-12,C0799,P039,ST023,4,3250.77,0.0,2144.94
S003995,2026-12-03,C0031,P061,ST008,4,7708.54,0.1,5605.37
S003996,2025-06-18,C0834,P045,ST023,5,5455.36,0.1,3792.77
S003997,2025-02-03,C0517,P008,ST022,8,8634.18,0.0,6932.71
S003998,2025-12-06,C0340,P042,ST007,5,13045.49,0.1,8431.76
S003999,2026-02-12,C0216,P039,ST011,1,2675.64,0.0,2144.94
S004000,2025-04-22,C0955,P042,ST016,2,12886.44,0.0,8431.76
S004001,2026-09-08,C0871,P079,ST014,6,1860.69,0.1,1464.98
S004002,2026-11-15,C0253,P019,ST016,7,708.59,0.02,612.11
S004003,2025-06-21,C0731,P076,ST019,7,7867.28,0.1,6054.39
S004004,2026-09-07,C0321,P065,ST017,2,2677.86,0.0,2327.08
S004005,2026-07-04,C0048,P061,ST003,1,8086.82,0.0,5605.37
S004006,2025-04-16,C0707,P009,ST009,3,2468.62,0.05,1892.61
S004007,2025-02-19,C0250,P090,ST024,6,1983.64,0.05,1222.08
S004008,2025-09-18,C0901,P043,ST002,1,6407.29,0.0,5492.34
S004009,2025-11-15,C0117,P013,ST021,8,9942.4,0.1,6891.52
S004010,2025-05-09,C0587,P083,ST005,6,8803.43,0.1,7077.47
S004011,2025-05-28,C0376,P026,ST002,2,4491.86,0.05,3556.26
S004012,2025-11-28,C0703,P032,ST010,2,5800.39,0.0,5025.05
S004013,2025-05-25,C0065,P082,ST001,1,13557.9,0.0,11120.16
S004014,2026-03-30,C0835,P056,ST008,7,13996.27,0.0,8673.46
S004015,2025-10-28,C0740,P011,ST014,1,10990.62,0.05,8103.73
S004016,2026-08-04,C0040,P005,ST021,7,10795.46,0.05,8535.69
S004017,2025-03-24,C0124,P072,ST005,7,11684.31,0.05,7885.7
S004018,2025-04-08,C0379,P006,ST005,2,12460.45,0.0,9423.57
S004019,2026-02-16,C0213,P005,ST016,3,11044.21,0.0,8535.69
S004020,2025-01-31,C0150,P080,ST002,6,8313.05,0.1,7154.82
S004021,2026-08-15,C0243,P037,ST019,1,12749.0,0.05,8737.72
S004022,2026-09-20,C0293,P002,ST021,6,410.49,0.02,336.51
S004023,2026-03-24,C0611,P041,ST003,2,2504.21,0.0,2039.67
S004024,2026-03-26,C0783,P085,ST015,3,8615.93,0.0,7193.26
S004025,2026-08-09,C0483,P063,ST024,4,6037.44,0.05,3844.99
S004026,2026-02-25,C0816,P069,ST023,6,8428.14,0.05,5327.09
S004027,2025-11-09,C0835,P004,ST007,2,11336.97,0.15,8062.0
S004028,2025-03-18,C0775,P042,ST023,7,12494.97,0.1,8431.76
S004029,2026-12-11,C0191,P024,ST019,6,4054.88,0.0,2998.79
S004030,2025-12-31,C0219,P063,ST012,3,4755.57,0.0,3844.99
S004031,2026-09-27,C0974,P031,ST023,6,9523.38,0.15,8055.68
S004032,2026-08-28,C0758,P076,ST003,8,8554.58,0.05,6054.39
S004033,2026-07-29,C0949,P039,ST010,2,2520.27,0.0,2144.94
S004034,2026-07-03,C0872,P030,ST015,1,14290.68,0.0,9460.8
S004035,2026-05-06,C0244,P027,ST010,1,5783.9,0.1,3699.73
S004036,2025-12-24,C0237,P040,ST025,3,9626.07,0.0,6137.28
S004037,2026-01-11,C0311,P044,ST003,5,6230.13,0.0,4727.0
S004038,2026-07-31,C0970,P085,ST003,8,10616.9,0.05,7193.26
S004039,2025-12-20,C0388,P058,ST024,6,4765.46,0.0,3448.84
S004040,2026-07-30,C0850,P008,ST021,6,8976.34,0.05,6932.71
S004041,2025-01-14,C0728,P025,ST021,3,1109.14,0.05,935.06
S004042,2026-07-15,C0999,P019,ST004,7,971.93,0.05,612.11
S004043,2025-09-21,C0097,P061,ST012,5,7995.41,0.02,5605.37
S004044,2025-08-23,C0563,P032,ST002,4,6665.23,0.0,5025.05
S004045,2026-06-05,C0747,P040,ST006,5,9824.48,0.0,6137.28
S004046,2025-03-27,C0846,P013,ST023,2,10865.24,0.05,6891.52
S004047,2025-07-02,C0859,P079,ST024,3,1795.83,0.02,1464.98
S004048,2026-05-27,C0327,P061,ST015,8,8890.76,0.0,5605.37
S004049,2026-06-22,C0932,P031,ST017,2,11736.61,0.02,8055.68
S004050,2026-05-11,C0854,P025,ST001,2,1448.16,0.05,935.06
S004051,2025-02-28,C0245,P038,ST008,3,8224.86,0.1,5677.06
S004052,2025-02-20,C0104,P077,ST010,2,5723.75,0.0,4125.87
S004053,2026-09-05,C0940,P058,ST007,2,5422.69,0.02,3448.84
S004054,2025-10-27,C0577,P054,ST017,4,14873.27,0.02,11637.82
S004055,2025-12-09,C0509,P086,ST019,2,733.37,0.05,517.95
S004056,2025-01-31,C0084,P049,ST024,7,2107.86,0.1,1636.57
S004057,2025-07-09,C0766,P014,ST014,1,11350.85,0.05,9238.74
S004058,2026-06-24,C0815,P020,ST025,5,6918.08,0.02,5381.43
S004059,2026-06-10,C0566,P060,ST014,8,14657.34,0.05,10855.58
S004060,2026-04-08,C0782,P023,ST025,6,13217.65,0.02,10277.49
S004061,2025-08-22,C0002,P074,ST011,4,8130.08,0.0,5135.74
S004062,2026-08-13,C0728,P066,ST019,7,12721.2,0.0,10315.22
S004063,2025-02-18,C0680,P055,ST003,1,11727.14,0.02,9400.32
S004064,2025-11-04,C0769,P084,ST003,7,6600.45,0.1,4325.72
S004065,2025-06-07,C0310,P076,ST016,1,9543.17,0.1,6054.39
S004066,2025-11-01,C0716,P048,ST013,4,1652.13,0.0,1279.89
S004067,2026-09-23,C0201,P005,ST004,7,9998.15,0.1,8535.69
S004068,2025-10-30,C0652,P023,ST007,7,14102.86,0.0,10277.49
S004069,2026-12-29,C0890,P077,ST008,5,6185.23,0.0,4125.87
S004070,2025-03-30,C0377,P034,ST006,1,3073.57,0.0,2211.93
S004071,2025-06-26,C0038,P009,ST022,8,2190.51,0.15,1892.61
S004072,2025-07-02,C0670,P061,ST025,6,7900.38,0.1,5605.37
S004073,2026-10-05,C0090,P072,ST004,1,9211.0,0.0,7885.7
S004074,2026-08-13,C0551,P062,ST008,1,3392.93,0.02,2627.77
S004075,2025-07-21,C0970,P064,ST004,8,10371.42,0.02,7055.83
S004076,2025-12-28,C0420,P058,ST013,4,5517.31,0.02,3448.84
S004077,2026-07-09,C0225,P076,ST017,6,7646.89,0.0,6054.39
S004078,2026-03-30,C0572,P053,ST020,6,5176.91,0.05,3373.97
S004079,2026-08-03,C0681,P070,ST001,5,12529.42,0.05,7620.88
S004080,2026-03-18,C0416,P074,ST001,6,7487.74,0.0,5135.74
S004081,2026-08-17,C0766,P019,ST014,3,928.27,0.02,612.11
S004082,2025-03-06,C0696,P028,ST015,4,12481.95,,8027.52
S004083,2026-08-19,C0850,P039,ST020,2,2901.3,0.05,2144.94
S004084,2026-12-03,C0487,P084,ST018,2,6334.83,0.02,4325.72
S004085,2025-11-30,C0996,P035,ST007,6,849.49,0.05,516.87
S004086,2025-04-27,C0204,P070,ST015,7,11057.43,0.05,7620.88
S004087,2026-07-15,C0691,P006,ST015,5,14459.26,0.05,9423.57
S004088,2025-05-29,C0747,P069,ST007,1,8270.71,0.02,5327.09
S004089,2025-01-12,C0083,P025,ST018,4,1534.57,0.0,935.06
S004090,2026-07-16,C0769,P042,ST005,5,10847.86,0.0,8431.76
S004091,2026-12-31,C0842,P026,ST019,1,5643.71,0.05,3556.26
S004092,2025-02-04,C0747,P047,ST006,5,6338.86,0.05,4501.3
S004093,2025-04-17,C0831,P029,ST001,4,11021.61,0.02,6795.13
S004094,2026-04-04,C0976,P064,ST005,7,9824.88,0.02,7055.83
S004095,2026-02-01,C0629,P056,ST004,7,11835.26,0.0,8673.46
S004096,2025-02-08,C0964,P009,ST025,3,2639.48,0.02,1892.61
S004097,2026-04-29,C0588,P032,ST004,8,7339.58,0.02,5025.05
S004098,2026-07-23,C0837,P027,ST012,1,5783.79,0.0,3699.73
S004099,2025-10-20,C0881,P086,ST022,6,600.72,0.02,517.95
S004100,2026-08-21,C0839,P089,ST012,5,12564.4,0.02,9447.14
S004101,2025-06-20,C0147,P045,ST003,2,5583.18,0.02,3792.77
S004102,2025-01-21,C0211,P066,ST017,1,16618.43,0.05,10315.22
S004103,2025-10-18,C0696,P071,ST017,2,9649.36,0.05,7113.15
S004104,2026-04-03,C0272,P087,ST015,5,14423.5,0.1,11513.07
S004105,2026-06-15,C0643,P022,ST013,1,6035.81,0.02,5050.21
S004106,2026-04-12,C0878,P012,ST022,7,8688.02,0.02,5785.38
S004107,2026-04-04,C0556,P002,ST012,1,484.07,0.0,336.51
S004108,2026-03-15,C0135,P071,ST018,1,9080.57,0.0,7113.15
S004109,2025-11-25,C0164,P043,ST011,2,6863.75,0.02,5492.34
S004110,2025-11-16,C0817,P024,ST021,3,3917.28,0.02,2998.79
S004111,2026-12-07,C0646,P031,ST006,4,10820.0,0.05,8055.68
S004112,2025-11-27,C0860,P002,ST006,4,462.33,0.1,336.51
S004113,2026-06-16,C0508,P090,ST013,8,1566.85,0.0,1222.08
S004114,2026-07-11,C0156,P077,ST025,7,5377.79,0.05,4125.87
S004115,2026-05-05,C0535,P075,ST014,7,873.37,0.0,738.97
S004116,2026-07-03,C0530,P084,ST009,7,6518.92,0.02,4325.72
S004117,2025-11-13,C0994,P040,ST021,6,9729.23,0.02,6137.28
S004118,2025-02-10,C0804,P088,ST006,4,8545.88,0.0,5917.07
S004119,2026-01-03,C0608,P014,ST011,4,11919.29,0.0,9238.74
S004120,2026-06-26,C0351,P061,ST020,4,8060.98,0.05,5605.37
S004121,2026-08-01,C0857,P039,ST017,5,2617.17,0.02,2144.94
S004122,2025-12-18,C0872,P042,ST014,4,13651.08,0.0,8431.76
S004123,2025-03-20,C0019,P064,ST019,8,10452.71,0.0,7055.83
S004124,2026-05-13,C0732,P051,ST005,4,15428.27,0.0,10925.82
S004125,2025-07-28,C0405,P082,ST005,4,14978.19,0.0,11120.16
S004126,2025-08-19,C0629,P064,ST004,6,11364.34,0.05,7055.83
S004127,2026-10-03,C0525,P007,ST007,4,8233.09,0.15,5642.26
S004128,2025-07-14,C0092,P041,ST006,4,3026.09,0.05,2039.67
S004129,2026-07-22,C0186,P042,ST017,6,11731.75,0.02,8431.76
S004130,2025-07-14,C0679,P024,ST016,2,4192.53,0.1,2998.79
S004131,2026-02-13,C0454,P022,ST014,4,6424.26,0.05,5050.21
S004132,2026-11-15,C0101,P034,ST023,7,2743.43,0.02,2211.93
S004133,2025-12-18,C0975,P053,ST025,1,3881.12,0.0,3373.97
S004134,2025-07-12,C0285,P066,ST015,5,14363.38,0.1,10315.22
S004135,2025-08-14,C0771,P084,ST020,6,5940.65,0.05,4325.72
S004136,2026-01-09,C0370,P083,ST002,2,11099.81,0.05,7077.47
S004137,2026-07-28,C0895,P041,ST009,3,2919.62,0.02,2039.67
S004138,2025-06-14,C0889,P062,ST018,5,3562.9,0.05,2627.77
S004139,2025-04-09,C0439,P074,ST023,1,6821.4,0.05,5135.74
S004140,2025-12-28,C0825,P021,ST024,8,3820.68,0.05,2771.37
S004141,2026-10-10,C0875,P008,ST008,8,8022.84,0.02,6932.71
S004142,2025-07-04,C0387,P006,ST025,6,13736.33,0.0,9423.57
S004143,2026-04-11,C0189,P017,ST017,7,11152.47,0.0,6820.68
S004144,2025-01-05,C0362,P065,ST023,6,3107.09,0.02,2327.08
S004145,2025-05-08,C0667,P055,ST019,6,14976.2,0.0,9400.32
S004146,2026-01-14,C0479,P063,ST003,2,4492.5,0.15,3844.99
S004147,2025-12-06,C0049,P020,ST019,6,6796.81,0.05,5381.43
S004148,2025-10-21,C0326,P084,ST021,8,5423.49,0.0,4325.72
S004149,2025-12-29,C0268,P080,ST024,2,9956.18,0.1,7154.82
S004150,2025-08-03,C0644,P066,ST017,6,15269.41,0.1,10315.22
S004151,2025-05-24,C0182,P017,ST013,8,10329.54,0.02,6820.68
S004152,2025-12-12,C0297,P017,ST005,6,9379.22,0.1,6820.68
S004153,2026-07-30,C0340,P065,ST009,6,2766.39,0.02,2327.08
S004154,2026-02-10,C0040,P017,ST021,7,10348.78,0.0,6820.68
S004155,2026-10-04,C0484,P087,ST013,2,18445.68,0.0,11513.07
S004156,2025-07-27,C0010,P034,ST002,5,2808.31,0.1,2211.93
S004157,2025-06-19,C0519,P062,ST017,1,3914.01,0.05,2627.77
S004158,2026-05-07,C0698,P041,ST025,7,2914.81,0.02,2039.67
S004159,2026-03-24,C0113,P040,ST012,8,8332.79,0.02,6137.28
S004160,2025-08-31,C0106,P061,ST024,7,8566.31,0.0,5605.37
S004161,2025-05-09,C0200,P086,ST024,6,603.25,0.02,517.95
S004162,2026-09-18,C0424,P029,ST014,6,9971.22,0.05,6795.13
S004163,2025-08-30,C0218,P086,ST020,7,829.77,0.05,517.95
S004164,2026-02-07,C0315,P027,ST001,7,4471.76,0.0,3699.73
S004165,2025-11-23,C0445,P039,ST025,1,3486.63,0.02,2144.94
S004166,2025-12-03,C0224,P020,ST002,1,7594.87,0.0,5381.43
S004167,2026-05-24,C0712,P074,ST002,3,7393.9,0.0,5135.74
S004168,2025-08-28,C0489,P056,ST010,6,11925.42,0.0,8673.46
S004169,2025-07-18,C0453,P010,ST008,2,2230.59,0.0,1595.73
S004170,2025-03-26,C0225,P079,ST014,2,2272.54,0.02,1464.98
S004171,2025-12-11,C0885,P053,ST014,4,4383.51,0.02,3373.97
S004172,2025-10-17,C0543,P023,ST002,3,12521.15,0.1,10277.49
S004173,2025-08-22,C0409,P006,ST019,7,11640.3,0.0,9423.57
S004174,2026-10-24,C0165,P079,ST023,8,1846.82,0.05,1464.98
S004175,2025-09-13,C0577,P047,ST017,2,5385.66,0.05,4501.3
S004176,2025-09-24,C0411,P076,ST011,5,7119.24,0.05,6054.39
S004177,2026-08-27,C0513,P048,ST018,5,1687.55,0.0,1279.89
S004178,2025-12-29,C0043,P082,ST012,6,13038.24,0.0,11120.16
S004179,2025-12-18,C0681,P019,ST001,4,912.4,0.02,612.11
S004180,2026-02-21,C0431,P029,ST009,5,9842.16,0.05,6795.13
S004181,2026-07-28,C0049,P075,ST021,4,1174.9,0.05,738.97
S004182,2026-09-09,C0573,P074,ST019,6,6417.13,0.02,5135.74
S004183,2025-09-18,C0086,P048,ST023,3,1731.41,0.0,1279.89
S004184,2025-02-07,C0351,P052,ST019,5,11881.94,0.02,8471.56
S004185,2026-01-23,C0712,P041,ST001,3,2758.51,0.05,2039.67
S004186,2025-01-22,C0110,P025,ST011,8,1370.1,0.0,935.06
S004187,2026-09-30,C0692,P009,ST010,8,3043.19,0.05,1892.61
S004188,2025-01-17,C0779,P084,ST008,5,6935.78,0.1,4325.72
S004189,2025-01-07,C0050,P018,ST002,6,5046.34,0.02,3821.41
S004190,2025-10-16,C0254,P047,ST019,7,5193.36,0.05,4501.3
S004191,2025-04-09,C0669,P001,ST010,6,3569.3,0.05,2598.92
S004192,2026-09-11,C0883,P050,ST024,1,14799.43,0.0,11552.3
S004193,2026-02-24,C0048,P086,ST003,5,690.1,0.05,517.95
S004194,2026-08-12,C0937,P064,ST010,2,8164.13,0.05,7055.83
S004195,2025-12-16,C0902,P015,ST019,8,9482.44,0.05,7707.94
S004196,2025-12-24,C0641,P013,ST001,3,10615.83,0.02,6891.52
S004197,2025-07-28,C0843,P058,ST018,7,4470.93,0.0,3448.84
S004198,2025-11-26,C0772,P089,ST024,6,12191.26,0.1,9447.14
S004199,2025-03-19,C0695,P012,ST021,8,8226.95,0.0,5785.38
S004200,2025-04-29,C0952,P005,ST016,6,10098.46,0.02,8535.69
S004201,2026-05-22,C0448,P045,ST006,6,5939.09,0.05,3792.77
S004202,2025-06-30,C0901,P028,ST005,2,10778.52,0.05,8027.52
S004203,2026-01-27,C0822,P035,ST010,8,793.62,0.1,516.87
S004204,2026-12-21,C0418,P025,ST012,5,1285.97,0.02,935.06
S004205,2026-01-02,C0655,P076,ST004,3,8723.84,0.1,6054.39
S004206,2025-10-13,C0782,P019,ST023,2,893.22,0.02,612.11
S004207,2025-03-05,C0377,P004,ST007,3,12414.9,0.1,8062.0
S004208,2026-04-05,C0365,P077,ST012,4,5081.02,0.15,4125.87
S004209,2025-06-28,C0473,P087,ST022,4,14447.64,0.05,11513.07
S004210,2025-12-28,C0402,P070,ST013,3,9077.86,0.0,7620.88
S004211,2026-09-09,C0001,P084,ST010,6,6619.56,0.0,4325.72
S004212,2026-06-12,C0687,P053,ST014,4,3980.26,0.02,3373.97
S004213,2025-12-30,C0900,P077,ST004,8,5337.78,0.05,4125.87
S004214,2026-09-06,C0381,P090,ST024,2,1802.21,0.05,1222.08
S004215,2025-09-09,C0292,P014,ST020,5,10734.95,0.0,9238.74
S004216,2026-01-10,C0075,P084,ST021,1,5696.47,0.02,4325.72
S004217,2025-01-30,C0889,P030,ST018,4,15359.02,0.1,9460.8
S004218,2025-04-13,C0117,P005,ST020,3,10533.4,0.1,8535.69
S004219,2025-05-25,C0779,P009,ST009,2,2850.0,0.0,1892.61
S004220,2026-06-15,C0321,P086,ST016,4,664.97,0.0,517.95
S004221,2026-01-06,C0928,P068,ST021,6,12997.98,0.02,8703.69
S004222,2026-05-21,C0375,P012,ST008,6,6989.8,0.0,5785.38
S004223,2026-07-02,C0450,P066,ST004,5,14184.25,0.02,10315.22
S004224,2026-03-08,C0843,P023,ST018,1,13788.51,0.05,10277.49
S004225,2026-04-01,C0679,P040,ST017,5,9962.16,0.02,6137.28
S004226,2025-06-13,C0854,P052,ST002,7,13391.55,0.0,8471.56
S004227,2026-02-17,C0678,P024,ST012,1,3853.21,0.02,2998.79
S004228,2025-07-20,C0409,P014,ST018,6,12012.05,0.0,9238.74
S004229,2025-02-15,C0410,P062,ST010,6,4003.31,0.0,2627.77
S004230,2025-01-01,C0567,P031,ST020,7,11321.59,0.05,8055.68
S004231,2025-05-12,C0185,P003,ST023,4,15321.68,0.05,9496.36
S004232,2025-09-13,C0623,P012,ST005,2,7609.32,0.1,5785.38
S004233,2026-07-07,C0487,P026,ST018,3,5478.01,0.05,3556.26
S004234,2025-04-07,C0986,P080,ST010,4,9476.66,0.0,7154.82
S004235,2026-09-02,C0873,P030,ST013,4,12356.42,0.0,9460.8
S004236,2025-02-23,C0783,P086,ST017,2,714.48,0.05,517.95
S004237,2025-02-21,C0602,P048,ST004,8,1845.65,0.02,1279.89
S004238,2026-09-11,C0814,P015,ST002,8,12028.18,0.02,7707.94
S004239,2025-01-18,C0871,P048,ST016,1,1750.45,0.05,1279.89
S004240,2025-08-10,C0341,P022,ST006,8,8311.2,0.0,5050.21
S004241,2026-03-10,C0901,P087,ST004,3,17680.99,0.0,11513.07
S004242,2025-05-05,C0223,P068,ST001,3,11302.76,0.1,8703.69
S004243,2026-06-16,C0067,P016,ST005,6,10983.99,0.02,6754.56
S004244,2026-05-20,C0755,P029,ST020,1,10614.21,0.05,6795.13
S004245,2026-08-08,C0492,P058,ST023,2,4638.44,0.05,3448.84
S004246,2026-11-19,C0764,P009,ST011,3,3047.65,0.05,1892.61
S004247,2025-02-20,C0262,P033,ST022,6,12832.66,0.1,9814.74
S004248,2026-09-07,C0057,P088,ST014,5,7136.7,0.05,5917.07
S004249,2025-06-08,C0364,P079,ST010,4,1954.35,0.05,1464.98
S004250,2026-09-30,C0703,P012,ST013,4,7646.06,0.0,5785.38
S004251,2026-09-13,C0415,P047,ST002,3,6175.83,0.1,4501.3
S004252,2026-01-30,C0012,P066,ST024,7,15992.83,0.05,10315.22
S004253,2026-09-09,C0057,P018,ST014,3,5817.32,0.05,3821.41
S004254,2026-09-22,C0224,P010,ST001,5,2166.97,0.05,1595.73
S004255,2025-11-29,C0278,P016,ST019,2,7915.02,0.0,6754.56
S004256,2025-05-08,C0251,P053,ST016,1,4480.11,0.05,3373.97
S004257,2026-12-30,C0392,P032,ST020,3,7686.75,0.02,5025.05
S004258,2025-03-03,C0249,P007,ST002,4,9224.71,0.02,5642.26
S004259,2026-01-28,C0181,P023,ST024,5,12626.82,0.05,10277.49
S004260,2025-03-19,C0553,P019,ST002,5,1000.1,0.02,612.11
S004261,2026-12-06,C0252,P065,ST003,1,3352.78,0.1,2327.08
S004262,2025-06-01,C0438,P090,ST014,3,1757.07,0.0,1222.08
S004263,2025-04-11,C0092,P046,ST008,8,8954.47,0.05,7655.82
S004264,2025-07-05,C0411,P068,ST012,4,14347.22,0.0,8703.69
S004265,2025-06-08,C0812,P079,ST004,5,2356.88,0.05,1464.98
S004266,2025-04-06,C0472,P032,ST016,3,6681.99,0.05,5025.05
S004267,2025-03-24,C0488,P070,ST002,5,11454.06,0.0,7620.88
S004268,2026-08-28,C0732,P028,ST005,6,9284.2,0.1,8027.52
S004269,2025-11-22,C0408,P087,ST004,3,14610.37,0.05,11513.07
S004270,2025-02-21,C0148,P005,ST009,2,9863.72,0.05,8535.69
S004271,2025-10-16,C0858,P057,ST001,8,7773.08,0.02,5530.0
S004272,2026-03-02,C0332,P076,ST012,8,9339.98,0.1,6054.39
S004273,2026-05-29,C0573,P075,ST019,5,1017.43,0.1,738.97
S004274,2026-12-05,C0052,P003,ST002,1,13249.2,0.02,9496.36
S004275,2025-11-23,C0032,P049,ST011,3,2594.43,0.0,1636.57
S004276,2026-01-29,C0346,P090,ST009,6,1801.64,0.05,1222.08
S004277,2026-03-11,C0699,P001,ST008,4,3046.23,0.05,2598.92
S004278,2026-11-21,C0321,P062,ST014,4,4123.01,0.02,2627.77
S004279,2026-05-10,C0749,P068,ST004,7,11204.84,0.02,8703.69
S004280,2025-01-15,C0394,P011,ST016,5,10864.46,0.02,8103.73
S004281,2026-04-27,C0770,P080,ST009,4,11589.53,0.02,7154.82
S004282,2025-01-13,C0339,P070,ST015,6,10243.52,0.05,7620.88
S004283,2025-09-04,C0051,P077,ST023,7,6223.16,0.02,4125.87
S004284,2026-01-12,C0788,P015,ST022,2,9039.99,0.02,7707.94
S004285,2026-08-13,C0374,P066,ST006,2,11906.32,0.05,10315.22
S004286,2025-03-15,C0497,P057,ST018,8,7043.8,0.0,5530.0
S004287,2025-06-29,C0056,P040,ST001,6,9438.04,0.0,6137.28
S004288,2025-03-15,C0937,P022,ST013,5,7566.15,0.0,5050.21
S004289,2025-02-15,C0269,P032,ST003,8,7224.77,0.0,5025.05
S004290,2026-01-15,C0285,P022,ST017,8,6496.24,0.0,5050.21
S004291,2026-07-18,C0486,P028,ST009,8,11735.09,0.05,8027.52
S004292,2025-11-04,C0718,P006,ST025,2,11053.59,0.05,9423.57
S004293,2025-09-17,C0190,P029,ST006,7,10248.1,0.0,6795.13
S004294,2025-11-29,C0921,P012,ST024,3,9495.73,0.0,5785.38
S004295,2026-10-17,C0469,P034,ST019,7,3055.13,0.1,2211.93
S004296,2026-09-03,C0747,P046,ST008,5,9761.13,0.0,7655.82
S004297,2026-05-04,C0079,P084,ST025,2,5415.94,0.0,4325.72
S004298,2025-04-12,C0192,P047,ST003,3,7061.7,0.0,4501.3
S004299,2025-03-22,C0483,P088,ST023,7,8154.41,0.02,5917.07
S004300,2025-07-25,C0206,P006,ST019,6,13569.94,0.0,9423.57
S004301,2026-02-02,C0636,P028,ST023,5,13172.58,0.0,8027.52
S004302,2025-04-25,C0080,P037,ST006,2,11443.2,0.02,8737.72
S004303,2026-06-23,C0981,P033,ST018,5,11315.47,0.02,9814.74
S004304,2026-02-13,C0948,P023,ST018,7,15625.9,,10277.49
S004305,2025-12-10,C0009,P077,ST013,1,6210.55,0.02,4125.87
S004306,2026-10-05,C0107,P082,ST014,1,12789.81,0.02,11120.16
S004307,2025-12-18,C0208,P040,ST001,6,8886.41,0.05,6137.28
S004308,2026-03-13,C0225,P019,ST014,5,1003.81,0.02,612.11
S004309,2025-12-14,C0301,P035,ST022,3,718.92,0.05,516.87
S004310,2026-03-31,C0895,P057,ST007,4,8453.71,0.1,5530.0
S004311,2026-05-31,C0083,P003,ST020,6,15113.27,0.05,9496.36
S004312,2025-01-01,C0985,P004,ST011,3,12447.6,0.05,8062.0
S004313,2025-12-03,C0266,P063,ST022,2,5730.85,0.05,3844.99
S004314,2025-04-11,C0328,P046,ST024,2,12192.28,0.0,7655.82
S004315,2026-06-25,C0005,P057,ST011,3,8214.75,0.0,5530.0
S004316,2026-12-11,C0059,P042,ST002,3,10930.88,0.05,8431.76
S004317,2026-09-03,C0063,P009,ST010,5,2193.59,0.0,1892.61
S004318,2026-09-28,C0470,P066,ST011,1,12775.93,0.15,10315.22
S004319,2026-06-26,C0038,P069,ST022,7,6253.51,0.05,5327.09
S004320,2026-05-05,C0494,P039,ST006,1,2789.23,0.02,2144.94
S004321,2025-02-10,C0628,P023,ST001,4,14202.42,0.0,10277.49
S004322,2025-09-03,C0570,P070,ST012,2,11039.8,0.0,7620.88
S004323,2025-03-04,C0570,P057,ST011,1,6444.1,0.02,5530.0
S004324,2026-04-25,C0810,P072,ST008,2,11166.11,0.02,7885.7
S004325,2025-05-18,C0268,P040,ST022,1,9059.94,0.05,6137.28
S004326,2026-11-21,C0308,P039,ST015,5,2607.44,0.02,2144.94
S004327,2025-06-06,C0693,P061,ST008,8,9048.83,0.0,5605.37
S004328,2026-07-12,C0861,P081,ST005,7,3564.8,0.05,2254.47
S004329,2026-03-16,C0746,P080,ST007,8,10877.51,0.0,7154.82
S004330,2026-03-14,C0141,P045,ST002,3,5331.44,0.02,3792.77
S004331,2025-11-27,C0274,P002,ST023,7,441.74,0.0,336.51
S004332,2025-02-28,C0398,P038,ST005,6,9348.47,0.0,5677.06
S004333,2025-03-06,C0962,P070,ST007,6,11445.61,0.05,7620.88
S004334,2025-07-18,C0831,P085,ST001,1,11796.04,0.1,7193.26
S004335,2026-12-14,C0132,P045,ST001,5,4843.68,0.15,3792.77
S004336,2025-10-21,C0191,P014,ST021,3,10662.54,0.05,9238.74
S004337,2026-04-27,C0610,P056,ST022,4,10262.09,0.05,8673.46
S004338,2026-04-21,C0353,P068,ST016,4,12555.14,0.15,8703.69
S004339,2026-06-11,C0694,P062,ST019,7,3067.2,0.02,2627.77
S004340,2025-11-12,C0657,P001,ST001,6,3778.68,0.0,2598.92
S004341,2026-03-31,C0747,P009,ST006,2,3095.16,0.02,1892.61
S004342,2026-05-29,C0698,P057,ST025,6,6805.89,0.0,5530.0
S004343,2025-06-04,C0646,P084,ST006,5,6145.05,0.02,4325.72
S004344,2025-01-12,C0692,P064,ST011,2,11505.13,0.0,7055.83
S004345,2026-01-25,C0974,P054,ST024,5,17653.91,0.05,11637.82
S004346,2025-10-30,C0140,P087,ST022,6,16575.91,0.05,11513.07
S004347,2025-09-13,C0243,P059,ST019,5,1810.15,0.0,1382.59
S004348,2025-09-25,C0565,P088,ST006,3,7160.89,0.05,5917.07
S004349,2026-06-04,C0847,P015,ST006,5,11570.11,0.05,7707.94
S004350,2026-09-12,C0365,P048,ST010,5,2068.43,0.0,1279.89
S004351,2025-06-26,C0398,P016,ST002,8,8718.55,0.02,6754.56
S004352,2026-10-18,C0540,P015,ST007,8,10026.02,0.02,7707.94
S004353,2026-05-06,C0401,P019,ST024,1,723.39,0.0,612.11
S004354,2026-03-13,C0058,P081,ST023,3,2825.34,0.05,2254.47
S004355,2025-02-20,C0972,P037,ST012,7,14186.56,0.0,8737.72
S004356,2026-05-21,C0081,P010,ST009,1,2519.03,0.05,1595.73
S004357,2025-09-09,C0884,P014,ST012,2,13712.24,0.0,9238.74
S004358,2026-01-20,C0077,P040,ST003,3,9176.99,0.15,6137.28
S004359,2025-03-27,C0416,P083,ST005,5,10486.04,0.1,7077.47
S004360,2025-11-30,C0555,P034,ST025,1,2837.66,0.05,2211.93
S004361,2025-11-06,C0740,P030,ST014,7,12150.36,0.0,9460.8
S004362,2026-03-02,C0836,P011,ST016,4,10429.46,0.02,8103.73
S004363,2025-12-29,C0815,P017,ST024,3,9050.24,0.0,6820.68
S004364,2025-05-16,C0107,P050,ST014,1,14129.54,0.05,11552.3
S004365,2026-02-12,C0269,P035,ST005,8,602.62,0.0,516.87
S004366,2026-05-31,C0998,P018,ST011,5,5655.65,0.02,3821.41
S004367,2025-07-21,C0266,P013,ST025,1,10737.56,0.0,6891.52
S004368,2025-02-19,C0532,P051,ST014,1,14467.12,0.05,10925.82
S004369,2026-08-18,C0352,P051,ST014,4,14174.79,0.05,10925.82
S004370,2025-04-25,C0024,P033,ST002,5,13824.38,0.0,9814.74
S004371,2025-10-04,C0656,P072,ST009,6,9383.43,0.1,7885.7
S004372,2025-10-06,C0124,P020,ST002,7,6226.16,0.02,5381.43
S004373,2025-10-16,C0241,P003,ST013,1,12158.1,0.02,9496.36
S004374,2026-06-20,C0794,P028,ST020,5,11060.37,0.0,8027.52
S004375,2025-03-13,C0447,P083,ST002,2,10373.93,0.02,7077.47
S004376,2026-03-09,C0366,P085,ST021,1,8880.05,0.02,7193.26
S004377,2026-10-30,C0377,P004,ST007,6,11142.14,0.02,8062.0
S004378,2026-02-03,C0791,P006,ST008,5,10843.77,0.05,9423.57
S004379,2025-07-23,C0703,P047,ST013,7,5422.31,0.05,4501.3
S004380,2026-10-12,C0278,P084,ST020,1,5920.57,0.0,4325.72
S004381,2026-11-12,C0800,P045,ST001,5,5184.95,0.0,3792.77
S004382,2025-08-16,C0418,P065,ST011,4,3218.38,0.05,2327.08
S004383,2026-05-09,C0500,P003,ST025,5,14988.66,0.05,9496.36
S004384,2025-10-17,C0973,P062,ST016,6,3973.51,0.0,2627.77
S004385,2025-10-21,C0890,P053,ST007,5,5166.55,0.15,3373.97
S004386,2026-01-17,C0206,P055,ST020,4,14884.65,0.05,9400.32
S004387,2026-04-10,C0728,P056,ST021,2,11526.61,0.0,8673.46
S004388,2026-12-27,C0146,P080,ST008,4,11107.68,0.02,7154.82
S004389,2025-02-08,C0932,P033,ST016,1,12038.47,0.02,9814.74
S004390,2026-06-06,C0154,P028,ST004,4,10959.55,0.05,8027.52
S004391,2025-10-14,C0138,P088,ST013,3,7674.67,0.0,5917.07
S004392,2026-10-20,C0105,P058,ST016,2,4349.17,0.1,3448.84
S004393,2026-11-15,C0736,P021,ST024,7,4345.18,0.02,2771.37
S004394,2026-07-08,C0871,P024,ST015,8,4899.72,0.05,2998.79
S004395,2026-01-19,C0436,P021,ST010,6,3569.77,0.02,2771.37
S004396,2026-12-26,C0266,P047,ST024,4,5424.92,0.05,4501.3
S004397,2025-09-21,C0330,P038,ST013,8,8174.35,0.05,5677.06
S004398,2025-09-23,C0900,P064,ST001,7,9685.94,0.05,7055.83
S004399,2025-02-21,C0272,P058,ST014,8,4655.39,0.02,3448.84
S004400,2026-05-08,C0680,P049,ST005,3,2493.24,0.02,1636.57
S004401,2025-07-18,C0742,P076,ST015,7,7690.1,0.05,6054.39
S004402,2025-01-17,C0097,P020,ST012,2,8204.23,0.0,5381.43
S004403,2025-05-07,C0766,P004,ST016,3,10844.76,0.1,8062.0
S004404,2025-03-26,C0526,P069,ST020,3,7221.74,0.05,5327.09
S004405,2026-02-27,C0836,P025,ST016,6,1306.89,0.05,935.06
S004406,2025-05-25,C0800,P051,ST004,5,16347.4,0.02,10925.82
S004407,2025-06-19,C0213,P058,ST015,4,5576.9,0.0,3448.84
S004408,2025-06-22,C0605,P014,ST012,5,14566.47,0.0,9238.74
S004409,2025-12-07,C0974,P013,ST023,3,10896.37,0.0,6891.52
S004410,2025-04-16,C0600,P054,ST009,4,18819.9,0.05,11637.82
S004411,2026-12-02,C0779,P074,ST009,2,7486.81,0.05,5135.74
S004412,2025-06-14,C0744,P003,ST010,6,14861.66,0.05,9496.36
S004413,2026-03-30,C0363,P014,ST024,5,14241.48,0.0,9238.74
S004414,2025-09-17,C0394,P017,ST015,7,9680.49,0.0,6820.68
S004415,2025-11-08,C0422,P028,ST005,8,9780.23,0.05,8027.52
S004416,2025-08-10,C0300,P088,ST017,7,9684.62,0.0,5917.07
S004417,2026-11-11,C0827,P018,ST025,2,6288.47,0.05,3821.41
S004418,2026-04-18,C0242,P080,ST025,3,9166.86,0.1,7154.82
S004419,2026-03-23,C0599,P046,ST007,5,10187.1,0.02,7655.82
S004420,2025-09-13,C0322,P042,ST001,5,11490.26,0.02,8431.76
S004421,2025-01-03,C0441,P033,ST013,6,13757.73,0.02,9814.74
S004422,2026-07-05,C0215,P016,ST011,1,10500.89,0.1,6754.56
S004423,2026-10-17,C0453,P033,ST007,4,14644.63,0.0,9814.74
S004424,2025-09-19,C0992,P089,ST010,1,15463.87,0.0,9447.14
S004425,2025-06-04,C0925,P023,ST008,3,16930.47,0.02,10277.49
S004426,2025-07-09,C0160,P004,ST016,8,10249.48,0.0,8062.0
S004427,2025-04-18,C0543,P042,ST001,3,9768.03,0.05,8431.76
S004428,2026-11-02,C0272,P023,ST014,2,15435.71,0.05,10277.49
S004429,2025-01-31,C0724,P019,ST014,5,929.57,0.05,612.11
S004430,2025-01-05,C0358,P088,ST017,2,9058.84,0.0,5917.07
S004431,2025-11-21,C0577,P062,ST017,6,3656.97,0.02,2627.77
S004432,2025-06-12,C0558,P079,ST014,8,2084.97,0.0,1464.98
S004433,2026-06-22,C0453,P057,ST009,2,8482.85,0.0,5530.0
S004434,2025-09-01,C0186,P071,ST015,2,11295.98,0.05,7113.15
S004435,2026-03-16,C0211,P028,ST014,8,12798.98,0.02,8027.52
S004436,2026-11-02,C0731,P013,ST018,8,9004.99,0.0,6891.52
S004437,2025-08-31,C0989,P037,ST014,2,12394.15,0.0,8737.72
S004438,2026-07-10,C0377,P087,ST007,6,13547.63,0.0,11513.07
S004439,2026-10-10,C0758,P074,ST001,3,6104.35,0.05,5135.74
S004440,2025-03-27,C0120,P086,ST017,6,694.02,0.05,517.95
S004441,2025-02-07,C0133,P008,ST005,5,11203.73,0.05,6932.71
S004442,2025-06-16,C0282,P060,ST001,2,13335.22,0.0,10855.58
S004443,2025-06-29,C0888,P080,ST006,7,11376.6,0.0,7154.82
S004444,2025-01-15,C0838,P080,ST007,4,8504.24,0.05,7154.82
S004445,2026-08-27,C0956,P080,ST007,8,11740.24,0.05,7154.82
S004446,2026-07-04,C0241,P052,ST011,4,12693.07,0.0,8471.56
S004447,2025-06-26,C0321,P022,ST014,2,6671.67,0.0,5050.21
S004448,2026-04-29,C0978,P030,ST018,7,12316.62,0.0,9460.8
S004449,2025-09-04,C0869,P020,ST019,8,8284.92,0.0,5381.43
S004450,2026-03-18,C0279,P069,ST003,1,6978.08,0.05,5327.09
S004451,2026-08-12,C0863,P086,ST004,7,648.45,0.02,517.95
S004452,2026-06-12,C0410,P020,ST012,4,7695.41,0.0,5381.43
S004453,2025-10-30,C0417,P014,ST006,8,13651.24,0.15,9238.74
S004454,2025-05-08,C0669,P076,ST011,8,8709.26,0.0,6054.39
S004455,2026-09-28,C0400,P007,ST022,6,9161.97,0.05,5642.26
S004456,2025-03-16,C0942,P087,ST023,2,17662.55,0.0,11513.07
S004457,2026-01-11,C0176,P081,ST009,4,3348.49,0.1,2254.47
S004458,2025-10-28,C0875,P079,ST008,1,1800.62,0.1,1464.98
S004459,2025-05-23,C0740,P044,ST015,1,5495.26,0.1,4727.0
S004460,2025-02-17,C0425,P010,ST014,7,2010.62,0.0,1595.73
S004461,2026-01-03,C0285,P079,ST015,6,1925.57,0.05,1464.98
S004462,2025-07-30,C0014,P061,ST011,4,8005.26,0.0,5605.37
S004463,2026-12-03,C0519,P005,ST016,6,13237.48,0.05,8535.69
S004464,2026-06-10,C0662,P006,ST009,5,12286.27,,9423.57
S004465,2026-09-23,C0971,P064,ST003,4,9572.78,0.02,7055.83
S004466,2025-01-19,C0652,P056,ST008,3,11894.73,0.05,8673.46
S004467,2025-04-03,C0202,P061,ST024,1,8820.79,0.0,5605.37
S004468,2025-07-05,C0268,P033,ST024,1,13480.74,0.05,9814.74
S004469,2025-05-24,C0637,P074,ST014,6,6503.56,0.02,5135.74
S004470,2026-02-19,C0687,P082,ST014,5,15245.57,0.02,11120.16
S004471,2026-03-07,C0545,P028,ST014,2,10065.24,0.0,8027.52
S004472,2026-09-16,C0741,P037,ST009,7,12856.4,0.02,8737.72
S004473,2025-12-30,C0775,P034,ST025,4,3197.47,0.02,2211.93
S004474,2025-10-24,C0569,P075,ST010,8,937.57,0.0,738.97
S004475,2026-03-22,C0184,P046,ST011,5,12460.51,0.05,7655.82
S004476,2026-06-05,C0994,P059,ST020,2,1734.38,0.0,1382.59
S004477,2025-12-30,C0286,P017,ST020,2,9247.94,0.0,6820.68
S004478,2025-05-24,C0669,P005,ST012,8,10407.83,0.02,8535.69
S004479,2026-01-16,C0507,P020,ST003,8,7746.85,0.05,5381.43
S004480,2025-08-14,C0638,P043,ST004,7,6830.36,0.05,5492.34
S004481,2025-06-19,C0168,P008,ST017,6,8068.63,0.0,6932.71
S004482,2025-09-09,C0336,P034,ST007,2,3539.28,0.1,2211.93
S004483,2025-10-29,C0644,P067,ST015,8,12416.21,0.02,9162.6
S004484,2026-12-31,C0676,P037,ST025,8,13530.43,0.0,8737.72
S004485,2026-12-10,C0159,P023,ST018,3,14631.23,0.05,10277.49
S004486,2025-07-06,C0174,P087,ST008,3,17362.41,0.0,11513.07
S004487,2025-02-10,C0506,P042,ST022,4,10035.47,0.1,8431.76
S004488,2026-03-04,C0905,P037,ST005,2,12945.38,0.05,8737.72
S004489,2025-02-16,C0626,P052,ST004,6,11888.62,0.1,8471.56
S004490,2026-09-13,C0041,P046,ST025,8,12544.9,0.0,7655.82
S004491,2026-04-13,C0360,P056,ST011,6,10666.3,0.0,8673.46
S004492,2026-10-15,C0795,P006,ST019,4,13687.47,0.05,9423.57
S004493,2025-08-25,C0084,P013,ST025,3,9869.18,0.1,6891.52
S004494,2026-11-24,C0160,P081,ST015,6,3539.64,0.05,2254.47
S004495,2025-07-11,C0450,P041,ST001,7,2501.48,0.05,2039.67
S004496,2025-03-26,C0936,P033,ST009,6,11789.35,0.0,9814.74
S004497,2025-06-16,C0606,P012,ST010,7,7215.83,0.0,5785.38
S004498,2026-09-12,C0715,P069,ST003,2,7219.06,0.02,5327.09
S004499,2026-03-15,C0976,P051,ST003,6,16216.19,0.0,10925.82
S004500,2025-12-17,C0338,P081,ST014,6,2632.77,0.0,2254.47
S004501,2025-06-10,C0652,P010,ST008,2,2622.89,0.02,1595.73
S004502,2025-01-29,C0540,P050,ST008,3,13329.55,0.05,11552.3
S004503,2025-02-08,C0722,P088,ST019,7,7210.01,0.05,5917.07
S004504,2025-01-16,C0321,P019,ST017,1,796.04,0.0,612.11
S004505,2025-08-01,C0231,P079,ST021,1,1967.17,0.05,1464.98
S004506,2026-04-10,C0620,P060,ST013,7,15257.01,0.1,10855.58
S004507,2026-02-18,C0148,P055,ST008,7,15011.71,0.1,9400.32
S004508,2026-08-13,C0385,P044,ST002,6,6121.93,0.05,4727.0
S004509,2026-04-09,C0510,P038,ST005,5,8830.4,0.02,5677.06
S004510,2026-11-03,C0151,P062,ST024,4,3204.14,0.0,2627.77
S004511,2025-09-12,C0663,P045,ST023,3,5720.77,0.0,3792.77
S004512,2025-03-07,C0411,P087,ST011,2,14187.73,0.02,11513.07
S004513,2025-06-12,C0842,P044,ST018,2,7604.29,0.05,4727.0
S004514,2026-08-23,C0963,P031,ST019,8,12617.28,0.0,8055.68
S004515,2026-05-09,C0993,P066,ST005,1,16107.85,0.05,10315.22
S004516,2026-09-10,C0836,P077,ST016,6,6117.36,0.0,4125.87
S004517,2025-04-21,C0986,P004,ST012,1,11452.09,0.0,8062.0
S004518,2025-03-09,C0916,P008,ST021,4,10398.95,0.0,6932.71
S004519,2025-11-22,C0959,P044,ST022,5,6968.74,0.02,4727.0
S004520,2026-02-12,C0535,P088,ST016,6,9190.6,0.0,5917.07
S004521,2026-01-27,C0887,P032,ST024,4,6561.28,0.02,5025.05
S004522,2025-07-18,C0302,P065,ST002,7,3329.07,0.1,2327.08
S004523,2026-02-10,C0929,P056,ST003,6,11964.39,0.02,8673.46
S004524,2025-03-12,C0683,P002,ST009,6,427.05,0.0,336.51
S004525,2025-01-26,C0760,P022,ST011,3,7114.98,0.05,5050.21
S004526,2026-05-09,C0977,P043,ST002,4,8820.69,0.05,5492.34
S004527,2025-12-20,C0169,P076,ST004,2,9109.32,0.05,6054.39
S004528,2025-12-18,C0884,P017,ST013,7,10656.03,0.0,6820.68
S004529,2026-01-13,C0200,P060,ST025,2,17145.74,0.0,10855.58
S004530,2026-07-19,C0328,P008,ST024,7,11168.53,0.05,6932.71
S004531,2026-02-27,C0482,P023,ST013,6,13860.74,0.1,10277.49
S004532,2026-01-19,C0570,P008,ST011,4,9700.52,0.1,6932.71
S004533,2025-07-29,C0939,P021,ST016,4,3832.33,0.0,2771.37
S004534,2026-01-01,C0730,P076,ST003,3,8453.59,0.02,6054.39
S004535,2026-02-02,C0538,P052,ST012,2,10348.01,0.0,8471.56
S004536,2026-05-14,C0819,P054,ST010,8,13643.35,0.0,11637.82
S004537,2025-09-07,C0991,P014,ST024,8,14450.42,0.0,9238.74
S004538,2026-12-16,C0134,P023,ST016,8,13128.58,0.02,10277.49
S004539,2025-07-11,C0453,P055,ST006,7,13897.95,0.0,9400.32
S004540,2026-09-06,C0573,P065,ST021,6,2909.89,0.05,2327.08
S004541,2026-04-10,C0168,P001,ST016,6,3567.77,0.0,2598.92
S004542,2026-11-25,C0111,P024,ST014,3,3910.08,0.0,2998.79
S004543,2025-04-14,C0661,P059,ST020,5,2079.47,0.05,1382.59
S004544,2025-04-08,C0530,P035,ST009,8,667.66,0.0,516.87
S004545,2026-01-10,C0541,P029,ST001,2,8080.19,0.05,6795.13
S004546,2025-12-30,C0891,P064,ST017,7,10486.62,0.05,7055.83
S004547,2026-01-02,C0966,P045,ST019,2,4943.22,0.0,3792.77
S004548,2025-10-21,C0564,P029,ST023,4,8218.38,0.0,6795.13
S004549,2026-01-31,C0920,P024,ST020,6,3690.47,0.0,2998.79
S004550,2025-11-07,C0753,P037,ST001,1,11293.62,0.15,8737.72
S004551,2026-02-06,C0441,P055,ST012,8,11732.25,0.02,9400.32
S004552,2026-04-13,C0411,P054,ST012,2,14745.02,0.05,11637.82
S004553,2026-08-14,C0129,P012,ST003,5,7952.98,0.05,5785.38
S004554,2026-02-23,C0057,P008,ST015,6,10918.64,0.02,6932.71
S004555,2026-08-14,C0926,P036,ST022,4,1751.19,0.02,1308.06
S004556,2025-02-27,C0871,P043,ST015,3,7181.51,0.1,5492.34
S004557,2025-11-16,C0847,P058,ST007,7,5606.88,0.0,3448.84
S004558,2025-08-27,C0682,P001,ST015,5,4260.55,0.15,2598.92
S004559,2025-06-09,C0378,P010,ST020,4,2516.88,0.05,1595.73
S004560,2025-12-09,C0858,P042,ST005,7,11015.93,0.0,8431.76
S004561,2026-02-14,C0407,P063,ST009,7,4506.04,0.05,3844.99
S004562,2025-12-18,C0089,P081,ST017,4,3113.74,0.02,2254.47
S004563,2025-04-30,C0984,P068,ST004,3,13046.4,0.1,8703.69
S004564,2026-09-13,C0247,P066,ST021,2,12209.59,0.05,10315.22
S004565,2025-09-29,C0977,P085,ST005,2,11164.43,0.02,7193.26
S004566,2026-03-13,C0756,P014,ST024,4,13113.3,0.05,9238.74
S004567,2025-12-18,C0810,P080,ST006,5,10898.72,0.0,7154.82
S004568,2026-06-07,C0086,P041,ST024,1,3005.47,0.0,2039.67
S004569,2026-10-10,C0054,P087,ST025,8,17413.85,0.0,11513.07
S004570,2025-01-22,C0360,P088,ST011,2,9261.83,0.1,5917.07
S004571,2026-12-11,C0759,P025,ST002,4,1319.29,0.0,935.06
S004572,2025-11-24,C0836,P064,ST015,8,9535.48,0.1,7055.83
S004573,2025-08-17,C0214,P054,ST017,7,16136.01,0.02,11637.82
S004574,2026-08-21,C0331,P065,ST009,6,2861.22,0.0,2327.08
S004575,2025-01-09,C0420,P035,ST012,8,643.99,0.1,516.87
S004576,2025-06-24,C0572,P019,ST021,4,962.78,0.05,612.11
S004577,2026-11-26,C0923,P052,ST003,5,12033.15,0.05,8471.56
S004578,2025-08-12,C0004,P019,ST017,5,793.21,0.02,612.11
S004579,2026-01-29,C0627,P074,ST003,2,6448.08,0.05,5135.74
S004580,2026-02-01,C0038,P064,ST025,5,9884.38,0.0,7055.83
S004581,2025-04-19,C0791,P007,ST007,1,8479.67,0.0,5642.26
S004582,2026-06-19,C0145,P044,ST015,8,5910.75,0.0,4727.0
S004583,2025-09-29,C0117,P006,ST018,7,10945.52,0.05,9423.57
S004584,2026-11-23,C0380,P045,ST022,2,5077.55,0.15,3792.77
S004585,2025-02-28,C0532,P006,ST014,4,11513.54,0.0,9423.57
S004586,2026-11-19,C0039,P026,ST023,7,4361.79,0.0,3556.26
S004587,2025-05-21,C0362,P056,ST024,2,12517.77,0.0,8673.46
S004588,2025-07-28,C0446,P072,ST017,3,11523.48,0.05,7885.7
S004589,2025-01-11,C0176,P013,ST009,1,10537.67,0.05,6891.52
S004590,2025-09-17,C0799,P038,ST023,8,8869.79,0.1,5677.06
S004591,2025-08-10,C0338,P021,ST016,3,3461.21,0.0,2771.37
S004592,2026-03-20,C0292,P029,ST019,3,10222.89,0.02,6795.13
S004593,2025-05-06,C0712,P083,ST001,1,8884.91,0.0,7077.47
S004594,2026-03-07,C0137,P082,ST008,8,14068.16,0.1,11120.16
S004595,2026-03-24,C0047,P072,ST007,7,10974.03,0.02,7885.7
S004596,2025-01-08,C0367,P083,ST009,8,10690.05,0.0,7077.47
S004597,2025-05-16,C0355,P012,ST019,8,7886.59,0.0,5785.38
S004598,2026-11-07,C0275,P035,ST003,2,834.89,0.0,516.87
S004599,2026-03-25,C0914,P074,ST004,2,6147.87,0.05,5135.74
S004600,2025-06-05,C0019,P032,ST019,7,7192.63,0.0,5025.05
S004601,2026-09-26,C0720,P024,ST012,2,4305.73,0.05,2998.79
S004602,2026-01-24,C0494,P008,ST008,7,8212.64,0.1,6932.71
S004603,2025-10-02,C0154,P076,ST005,6,7279.55,0.02,6054.39
S004604,2025-12-28,C0906,P087,ST006,7,17398.07,0.02,11513.07
S004605,2025-05-22,C0865,P021,ST015,5,3548.66,0.05,2771.37
S004606,2026-04-18,C0674,P048,ST015,4,1893.91,0.0,1279.89
S004607,2025-01-18,C0595,P022,ST004,7,6379.97,0.05,5050.21
S004608,2025-07-18,C0723,P046,ST020,4,12585.38,0.1,7655.82
S004609,2026-06-24,C0269,P042,ST003,3,10625.13,0.02,8431.76
S004610,2026-10-26,C0954,P086,ST004,7,811.19,0.1,517.95
S004611,2026-10-08,C0302,P063,ST005,2,4857.14,0.0,3844.99
S004612,2026-08-10,C0171,P001,ST010,6,3890.96,0.1,2598.92
S004613,2026-12-15,C0518,P056,ST008,5,14029.69,0.05,8673.46
S004614,2025-01-20,C0748,P047,ST005,3,5360.95,0.0,4501.3
S004615,2026-02-16,C0061,P014,ST021,7,11849.91,0.02,9238.74
S004616,2026-08-25,C0259,P049,ST013,1,2325.79,0.02,1636.57
S004617,2025-09-28,C0184,P055,ST011,2,13460.34,0.05,9400.32
S004618,2025-08-17,C0076,P046,ST020,3,9148.5,0.0,7655.82
S004619,2025-11-16,C0803,P054,ST002,8,18437.23,,11637.82
S004620,2025-03-03,C0013,P045,ST005,5,4381.13,0.0,3792.77
S004621,2026-12-29,C0022,P042,ST025,4,13281.35,0.1,8431.76
S004622,2025-01-20,C0519,P086,ST016,6,797.67,0.05,517.95
S004623,2026-07-01,C0570,P075,ST013,2,945.7,0.0,738.97
S004624,2026-01-20,C0377,P086,ST008,1,612.03,0.02,517.95
S004625,2025-11-07,C0773,P010,ST024,3,2497.38,0.02,1595.73
S004626,2025-07-19,C0735,P008,ST019,5,10066.06,0.0,6932.71
S004627,2025-08-01,C0906,P056,ST009,7,10791.2,0.02,8673.46
S004628,2025-01-20,C0706,P042,ST022,5,12726.61,0.05,8431.76
S004629,2026-07-31,C0345,P082,ST001,3,14295.35,0.02,11120.16
S004630,2026-08-25,C0296,P062,ST004,8,3524.92,0.02,2627.77
S004631,2026-08-12,C0459,P055,ST023,7,13752.75,0.05,9400.32
S004632,2025-04-11,C0367,P073,ST007,5,1817.89,0.02,1242.22
S004633,2026-08-10,C0027,P046,ST025,7,11841.98,0.0,7655.82
S004634,2026-04-15,C0047,P064,ST007,8,10697.55,0.02,7055.83
S004635,2026-10-07,C0668,P015,ST001,7,10392.07,0.05,7707.94
S004636,2025-01-08,C0156,P028,ST025,6,13061.74,0.15,8027.52
S004637,2025-10-31,C0306,P040,ST021,3,8602.34,0.0,6137.28
S004638,2026-02-04,C0869,P004,ST020,6,11842.82,0.0,8062.0
S004639,2025-07-29,C0398,P079,ST004,7,1738.73,0.05,1464.98
S004640,2025-05-11,C0707,P015,ST008,1,9661.36,0.05,7707.94
S004641,2026-05-30,C0618,P043,ST024,6,7193.32,0.05,5492.34
S004642,2026-08-02,C0555,P041,ST022,7,3136.91,0.0,2039.67
S004643,2025-05-21,C0611,P073,ST004,8,1850.31,0.02,1242.22
S004644,2025-01-24,C0069,P048,ST002,6,1780.89,0.1,1279.89
S004645,2025-11-12,C0838,P001,ST006,3,3339.11,0.05,2598.92
S004646,2025-04-06,C0382,P045,ST008,1,6223.13,0.0,3792.77
S004647,2025-12-11,C0175,P079,ST009,4,1918.98,0.15,1464.98
S004648,2026-04-22,C0497,P049,ST021,1,1887.1,0.1,1636.57
S004649,2025-04-29,C0377,P074,ST008,4,6283.37,0.1,5135.74
S004650,2025-02-01,C0993,P060,ST002,1,13393.82,0.05,10855.58
S004651,2025-09-30,C0327,P037,ST014,6,14178.85,0.0,8737.72
S004652,2025-05-22,C0260,P058,ST011,3,4205.14,0.02,3448.84
S004653,2026-02-07,C0747,P055,ST009,2,11357.58,0.1,9400.32
S004654,2025-09-26,C0508,P062,ST012,3,3043.44,0.05,2627.77
S004655,2025-06-24,C0075,P059,ST020,6,1697.12,0.15,1382.59
S004656,2026-07-30,C0217,P037,ST020,3,12286.67,0.0,8737.72
S004657,2026-04-08,C0014,P018,ST012,6,5842.46,0.05,3821.41
S004658,2026-07-01,C0440,P074,ST006,3,8030.92,0.02,5135.74
S004659,2025-05-17,C0014,P011,ST013,5,10779.94,0.05,8103.73
S004660,2025-06-09,C0856,P044,ST012,8,6446.29,0.02,4727.0
S004661,2026-10-01,C0313,P029,ST020,8,10114.61,0.0,6795.13
S004662,2026-01-30,C0274,P079,ST023,3,2107.88,0.0,1464.98
S004663,2026-11-27,C0234,P014,ST006,5,14717.18,0.1,9238.74
S004664,2026-08-14,C0789,P058,ST015,2,4134.73,0.02,3448.84
S004665,2026-04-12,C0339,P066,ST014,7,16663.98,0.0,10315.22
S004666,2025-06-12,C0582,P058,ST013,7,4868.81,0.05,3448.84
S004667,2026-03-12,C0911,P072,ST019,7,10615.98,0.02,7885.7
S004668,2026-08-16,C0766,P034,ST016,5,3215.83,0.02,2211.93
S004669,2025-10-17,C0520,P042,ST006,2,10922.78,0.0,8431.76
S004670,2026-12-09,C0113,P056,ST011,4,11225.76,0.05,8673.46
S004671,2025-04-22,C0066,P023,ST004,6,12032.22,0.05,10277.49
S004672,2025-02-15,C0896,P062,ST014,7,4158.66,0.0,2627.77
S004673,2025-03-02,C0270,P042,ST023,7,12292.48,0.0,8431.76
S004674,2026-07-16,C0281,P065,ST014,1,3156.28,0.02,2327.08
S004675,2026-12-18,C0274,P004,ST025,4,11387.55,0.0,8062.0
S004676,2026-03-07,C0306,P035,ST020,4,722.14,0.0,516.87
S004677,2025-06-29,C0863,P027,ST001,7,5749.12,0.0,3699.73
S004678,2026-09-03,C0673,P063,ST023,8,4752.61,0.0,3844.99
S004679,2025-11-24,C0309,P016,ST001,3,10516.82,0.02,6754.56
S004680,2026-08-18,C0325,P061,ST014,7,6992.74,0.0,5605.37
S004681,2025-12-24,C0578,P077,ST003,7,6033.23,0.05,4125.87
S004682,2026-06-06,C0158,P057,ST018,4,8610.53,0.1,5530.0
S004683,2025-11-01,C0008,P011,ST013,3,10919.89,0.0,8103.73
S004684,2026-12-16,C0116,P012,ST021,1,8399.43,0.05,5785.38
S004685,2026-03-14,C0044,P015,ST006,2,10542.18,0.0,7707.94
S004686,2026-01-21,C0208,P044,ST003,7,7761.33,0.02,4727.0
S004687,2026-03-31,C0684,P078,ST018,6,3124.91,0.02,1948.16
S004688,2025-01-20,C0569,P079,ST013,5,1862.67,0.05,1464.98
S004689,2026-04-18,C0231,P009,ST019,8,3082.14,0.1,1892.61
S004690,2026-02-15,C0614,P035,ST010,2,684.14,0.0,516.87
S004691,2026-12-03,C0660,P071,ST021,6,8405.59,0.1,7113.15
S004692,2026-10-27,C0952,P037,ST015,6,13900.61,0.02,8737.72
S004693,2025-06-28,C0085,P014,ST008,5,10818.55,0.05,9238.74
S004694,2025-01-24,C0315,P018,ST001,1,4609.01,0.05,3821.41
S004695,2025-04-02,C0491,P037,ST024,8,14301.82,0.05,8737.72
S004696,2026-07-22,C0743,P054,ST025,5,19072.5,0.0,11637.82
S004697,2025-01-17,C0487,P038,ST020,8,8627.35,0.05,5677.06
S004698,2025-04-24,C0878,P062,ST022,8,4000.66,0.02,2627.77
S004699,2025-08-01,C0445,P019,ST024,5,836.03,0.05,612.11
S004700,2025-02-26,C0671,P006,ST002,7,10963.18,0.05,9423.57
S004701,2026-07-13,C0209,P086,ST016,1,755.42,0.05,517.95
S004702,2025-09-11,C0517,P074,ST024,2,6033.98,0.0,5135.74
S004703,2026-08-25,C0441,P058,ST013,3,5195.53,0.0,3448.84
S004704,2026-02-21,C0128,P055,ST003,7,14482.05,0.05,9400.32
S004705,2025-07-24,C0193,P087,ST019,1,16950.01,0.0,11513.07
S004706,2026-11-21,C0012,P018,ST022,6,5218.72,0.0,3821.41
S004707,2026-10-12,C0591,P085,ST006,4,11104.49,0.1,7193.26
S004708,2025-02-18,C0694,P031,ST020,1,12670.99,0.05,8055.68
S004709,2026-06-09,C0136,P057,ST007,8,8316.15,0.1,5530.0
S004710,2025-04-10,C0538,P006,ST012,8,12901.31,0.1,9423.57
S004711,2026-08-04,C0098,P008,ST020,7,11128.48,0.02,6932.71
S004712,2026-10-29,C0781,P061,ST005,2,6531.36,0.0,5605.37
S004713,2026-07-27,C0238,P006,ST013,5,15315.36,0.02,9423.57
S004714,2025-04-27,C0842,P055,ST019,2,11226.43,0.05,9400.32
S004715,2026-02-21,C0440,P042,ST009,6,11030.98,0.02,8431.76
S004716,2026-12-26,C0663,P029,ST022,1,10248.52,0.02,6795.13
S004717,2025-09-01,C0971,P039,ST005,7,3153.85,0.1,2144.94
S004718,2025-12-03,C0811,P083,ST012,4,11570.42,0.05,7077.47
S004719,2026-11-22,C0951,P011,ST001,2,9657.63,0.02,8103.73
S004720,2025-06-09,C0360,P016,ST010,8,9364.31,0.0,6754.56
S004721,2025-06-21,C0180,P047,ST025,5,5358.52,0.05,4501.3
S004722,2025-02-23,C0446,P020,ST015,5,8474.84,0.05,5381.43
S004723,2025-06-28,C0474,P067,ST022,5,11154.09,0.02,9162.6
S004724,2026-05-08,C0421,P006,ST004,5,12680.09,0.05,9423.57
S004725,2026-08-27,C0005,P051,ST010,8,17490.97,0.02,10925.82
S004726,2025-10-16,C0737,P014,ST008,5,12405.43,0.05,9238.74
S004727,2025-11-28,C0834,P069,ST024,4,7288.28,0.1,5327.09
S004728,2026-11-24,C0886,P021,ST007,7,4344.4,0.05,2771.37
S004729,2026-12-26,C0844,P050,ST013,1,17122.2,0.0,11552.3
S004730,2025-11-01,C0765,P031,ST022,5,10686.62,0.0,8055.68
S004731,2025-11-08,C0683,P058,ST007,7,4023.36,0.0,3448.84
S004732,2025-09-27,C0361,P030,ST019,2,12234.3,0.05,9460.8
S004733,2026-01-14,C0096,P087,ST019,2,15034.49,0.0,11513.07
S004734,2025-03-28,C0577,P070,ST016,1,9546.51,0.05,7620.88
S004735,2025-05-28,C0529,P049,ST009,5,2568.55,0.02,1636.57
S004736,2026-04-13,C0331,P032,ST009,5,5953.88,0.0,5025.05
S004737,2025-10-20,C0364,P020,ST012,5,8016.64,0.05,5381.43
S004738,2025-01-06,C0153,P076,ST023,5,9941.26,0.0,6054.39
S004739,2026-10-13,C0464,P015,ST019,6,8865.8,0.0,7707.94
S004740,2026-11-12,C0987,P087,ST010,6,14459.53,0.05,11513.07
S004741,2025-06-11,C0625,P044,ST023,8,6047.23,0.1,4727.0
S004742,2025-04-24,C0196,P010,ST016,3,1951.21,0.0,1595.73
S004743,2025-09-03,C0168,P036,ST014,3,1599.23,0.0,1308.06
S004744,2025-02-03,C0008,P020,ST013,2,8189.59,0.0,5381.43
S004745,2025-04-16,C0331,P051,ST008,3,16267.96,0.15,10925.82
S004746,2026-06-27,C0270,P022,ST025,1,5904.25,0.0,5050.21
S004747,2025-08-04,C0157,P052,ST025,6,13914.87,0.05,8471.56
S004748,2026-08-07,C0429,P067,ST008,8,12524.13,0.0,9162.6
S004749,2025-09-15,C0111,P083,ST014,3,9561.4,0.1,7077.47
S004750,2026-07-27,C0461,P071,ST013,6,9364.94,0.0,7113.15
S004751,2026-01-21,C0804,P079,ST008,2,1878.04,0.0,1464.98
S004752,2026-12-24,C0043,P012,ST012,7,8180.53,0.05,5785.38
S004753,2025-09-08,C0588,P008,ST002,6,9971.77,0.0,6932.71
S004754,2026-10-30,C0206,P001,ST020,2,3071.61,0.0,2598.92
S004755,2025-06-27,C0161,P024,ST018,2,4254.33,0.0,2998.79
S004756,2025-10-08,C0438,P042,ST017,7,10725.62,0.05,8431.76
S004757,2026-10-19,C0737,P017,ST007,4,10177.14,,6820.68
S004758,2025-02-23,C0770,P082,ST007,2,16142.86,0.0,11120.16
S004759,2025-01-16,C0953,P055,ST006,3,12583.4,0.05,9400.32
S004760,2025-02-10,C0737,P029,ST006,6,8317.85,0.0,6795.13
S004761,2026-06-06,C0700,P022,ST010,4,6672.55,0.02,5050.21
S004762,2025-08-12,C0531,P009,ST004,1,2458.5,0.0,1892.61
S004763,2025-10-19,C0890,P071,ST006,2,8717.04,0.1,7113.15
S004764,2025-07-03,C0406,P018,ST012,2,5829.96,0.05,3821.41
S004765,2025-07-10,C0827,P080,ST024,6,8803.97,0.02,7154.82
S004766,2026-05-22,C0160,P068,ST015,5,13998.94,0.0,8703.69
S004767,2026-07-16,C0079,P049,ST022,4,2582.4,0.02,1636.57
S004768,2025-04-21,C0464,P081,ST020,4,2758.76,0.0,2254.47
S004769,2026-08-17,C0532,P080,ST017,6,11235.88,0.05,7154.82
S004770,2026-05-22,C0072,P083,ST015,7,10871.32,0.0,7077.47
S004771,2025-07-21,C0009,P068,ST011,7,14308.11,0.02,8703.69
S004772,2026-12-22,C0790,P070,ST020,4,12063.7,0.05,7620.88
S004773,2025-04-08,C0262,P090,ST024,6,2003.8,0.05,1222.08
S004774,2025-08-30,C0251,P012,ST016,1,8631.32,0.0,5785.38
S004775,2025-10-11,C0448,P050,ST006,3,15690.16,0.05,11552.3
S004776,2025-01-23,C0033,P056,ST005,5,10661.33,0.1,8673.46
S004777,2026-03-18,C0471,P074,ST010,2,8160.27,0.02,5135.74
S004778,2026-06-13,C0482,P035,ST011,1,732.36,0.02,516.87
S004779,2026-01-22,C0358,P012,ST016,1,7966.56,0.05,5785.38
S004780,2026-01-30,C0655,P085,ST005,3,10085.14,0.02,7193.26
S004781,2026-03-14,C0567,P072,ST020,2,10091.91,0.05,7885.7
S004782,2025-08-02,C0819,P089,ST011,1,12883.23,0.0,9447.14
S004783,2025-08-26,C0904,P013,ST020,5,10204.3,0.05,6891.52
S004784,2026-07-23,C0984,P033,ST005,4,14719.22,0.05,9814.74
S004785,2025-02-10,C0317,P047,ST022,2,7380.7,0.0,4501.3
S004786,2025-03-20,C0986,P008,ST013,3,9679.74,0.1,6932.71
S004787,2025-09-19,C0424,P053,ST017,8,4373.35,0.0,3373.97
S004788,2025-08-26,C0594,P058,ST009,4,4352.96,0.02,3448.84
S004789,2025-08-12,C0663,P077,ST024,4,6766.33,0.02,4125.87
S004790,2025-11-11,C0327,P042,ST015,4,13383.8,0.0,8431.76
S004791,2025-07-04,C0520,P087,ST006,3,17636.76,0.05,11513.07
S004792,2026-06-21,C0684,P051,ST020,1,16681.97,0.0,10925.82
S004793,2026-03-10,C0711,P089,ST004,4,11013.65,0.0,9447.14
S004794,2025-01-21,C0853,P040,ST020,8,7421.59,0.02,6137.28
S004795,2026-10-09,C0947,P059,ST019,5,1817.56,0.05,1382.59
S004796,2025-06-20,C0034,P056,ST022,7,11168.84,0.05,8673.46
S004797,2026-10-30,C0487,P059,ST018,6,1641.92,0.0,1382.59
S004798,2026-07-15,C0460,P083,ST016,7,11143.67,,7077.47
S004799,2025-02-12,C0203,P020,ST020,4,6852.13,0.1,5381.43
S004800,2025-03-02,C0551,P074,ST007,4,7814.89,0.0,5135.74
S004801,2026-08-21,C0730,P009,ST003,1,2605.6,0.0,1892.61
S004802,2025-03-30,C0777,P075,ST003,7,1191.57,0.0,738.97
S004803,2025-05-26,C0605,P005,ST013,4,12441.1,0.02,8535.69
S004804,2025-06-25,C0694,P035,ST021,7,609.79,0.1,516.87
S004805,2026-09-23,C0858,P089,ST002,2,11068.74,0.02,9447.14
S004806,2026-04-11,C0261,P046,ST008,7,9667.22,0.05,7655.82
S004807,2025-02-14,C0026,P090,ST008,4,1823.93,0.05,1222.08
S004808,2025-07-17,C0230,P019,ST024,1,872.64,0.05,612.11
S004809,2026-06-20,C0501,P025,ST021,4,1503.47,0.05,935.06
S004810,2026-09-29,C0002,P067,ST011,1,15107.92,0.05,9162.6
S004811,2026-09-26,C0664,P082,ST016,7,16999.27,0.05,11120.16
S004812,2025-01-29,C0859,P079,ST022,7,2039.93,0.0,1464.98
S004813,2025-07-12,C0618,P069,ST023,5,8746.89,0.0,5327.09
S004814,2025-09-18,C0387,P082,ST022,8,16502.94,0.1,11120.16
S004815,2025-03-26,C0782,P049,ST023,2,2575.51,0.02,1636.57
S004816,2025-07-14,C0562,P075,ST006,5,853.36,0.0,738.97
S004817,2026-03-23,C0320,P072,ST016,8,9819.31,0.02,7885.7
S004818,2025-11-30,C0818,P078,ST012,1,2786.06,0.05,1948.16
S004819,2025-08-24,C0441,P055,ST011,1,11810.62,0.0,9400.32
S004820,2026-10-07,C0105,P024,ST015,6,4798.86,0.05,2998.79
S004821,2025-01-22,C0640,P064,ST025,3,9015.9,0.05,7055.83
S004822,2025-07-30,C0667,P050,ST018,5,16328.54,0.02,11552.3
S004823,2025-01-25,C0734,P058,ST009,6,5368.82,0.0,3448.84
S004824,2026-06-30,C0870,P016,ST013,3,8797.4,0.05,6754.56
S004825,2026-12-25,C0380,P084,ST025,1,5598.51,0.05,4325.72
S004826,2025-03-23,C0807,P066,ST019,5,11945.55,0.02,10315.22
S004827,2026-11-27,C0631,P026,ST001,3,4329.04,0.05,3556.26
S004828,2026-04-25,C0614,P014,ST010,4,12343.67,0.1,9238.74
S004829,2025-01-06,C0924,P081,ST014,8,3262.94,0.1,2254.47
S004830,2025-10-29,C0137,P024,ST007,3,4823.09,0.02,2998.79
S004831,2025-09-19,C0183,P090,ST007,6,1779.07,0.05,1222.08
S004832,2025-03-16,C0790,P058,ST021,4,4041.97,0.05,3448.84
S004833,2025-05-27,C0049,P022,ST021,2,7102.09,0.0,5050.21
S004834,2025-09-06,C0801,P050,ST004,8,15065.32,0.1,11552.3
S004835,2025-04-26,C0203,P066,ST021,4,13536.92,0.1,10315.22
S004836,2026-12-09,C0134,P057,ST014,4,7885.81,0.0,5530.0
S004837,2026-04-01,C0409,P043,ST019,6,7912.92,0.0,5492.34
S004838,2025-11-29,C0202,P009,ST022,2,3077.32,0.05,1892.61
S004839,2025-05-14,C0358,P060,ST014,8,13907.87,0.0,10855.58
S004840,2026-04-20,C0554,P006,ST008,3,14952.72,0.0,9423.57
S004841,2025-03-16,C0924,P038,ST015,8,9227.34,0.02,5677.06
S004842,2026-06-27,C0052,P043,ST002,6,6670.95,0.0,5492.34
S004843,2026-11-08,C0438,P010,ST017,3,2185.42,0.02,1595.73
S004844,2025-04-05,C0931,P011,ST022,3,10943.82,0.05,8103.73
S004845,2025-05-12,C0254,P032,ST021,2,7347.09,0.0,5025.05
S004846,2026-04-06,C0116,P029,ST018,6,8725.18,0.0,6795.13
S004847,2026-10-10,C0160,P015,ST015,1,10583.31,0.1,7707.94
S004848,2025-06-26,C0739,P059,ST014,3,1798.8,0.15,1382.59
S004849,2026-10-27,C0559,P062,ST017,7,3159.86,0.0,2627.77
S004850,2025-02-10,C0849,P019,ST009,8,762.39,0.05,612.11
S004851,2026-10-21,C0165,P080,ST022,2,9153.8,0.1,7154.82
S004852,2025-12-01,C0331,P025,ST007,3,1171.48,0.02,935.06
S004853,2026-07-07,C0329,P052,ST003,8,11881.23,0.1,8471.56
S004854,2026-11-20,C0896,P083,ST016,7,10290.84,0.1,7077.47
S004855,2025-06-15,C0559,P019,ST014,4,857.62,0.1,612.11
S004856,2026-11-07,C0407,P008,ST008,3,10627.81,0.05,6932.71
S004857,2026-12-06,C0330,P080,ST011,7,8273.8,0.05,7154.82
S004858,2026-01-13,C0064,P062,ST005,4,3274.31,0.0,2627.77
S004859,2026-04-16,C0934,P011,ST025,6,11902.13,0.0,8103.73
S004860,2026-07-08,C0947,P054,ST020,2,16383.63,0.05,11637.82
S004861,2026-05-05,C0695,P029,ST020,2,11083.19,0.02,6795.13
S004862,2026-09-05,C0633,P089,ST017,3,12536.75,0.02,9447.14
S004863,2025-11-22,C0800,P063,ST005,2,4431.7,0.02,3844.99
S004864,2025-05-01,C0062,P048,ST025,5,1804.88,0.0,1279.89
S004865,2026-11-28,C0386,P003,ST007,5,12311.4,0.05,9496.36
S004866,2026-03-10,C0617,P068,ST008,3,10103.78,0.0,8703.69
S004867,2026-08-12,C0719,P030,ST009,5,11658.35,0.0,9460.8
S004868,2026-11-28,C0847,P089,ST006,8,13076.19,0.02,9447.14
S004869,2026-06-22,C0806,P073,ST002,8,1726.07,0.0,1242.22
S004870,2026-03-11,C0462,P026,ST020,6,4233.33,0.02,3556.26
S004871,2025-08-01,C0488,P070,ST001,7,12206.32,0.02,7620.88
S004872,2025-06-04,C0424,P076,ST017,3,8525.67,0.0,6054.39
S004873,2025-07-21,C0239,P018,ST009,7,5945.57,0.0,3821.41
S004874,2025-09-10,C0835,P026,ST008,7,5274.53,0.0,3556.26
S004875,2026-08-25,C0204,P075,ST015,3,954.31,0.0,738.97
S004876,2025-09-25,C0427,P065,ST018,1,2952.7,0.05,2327.08
S004877,2025-06-03,C0997,P023,ST012,2,13337.83,0.0,10277.49
S004878,2026-11-11,C0188,P081,ST010,3,3181.69,0.0,2254.47
S004879,2025-07-11,C0552,P079,ST022,5,2252.64,0.05,1464.98
S004880,2025-08-21,C0855,P035,ST024,3,752.11,0.0,516.87
S004881,2026-01-30,C0984,P079,ST001,6,2010.99,0.0,1464.98
S004882,2025-08-04,C0880,P018,ST012,4,4736.86,0.05,3821.41
S004883,2025-02-09,C0835,P024,ST006,3,4886.86,0.05,2998.79
S004884,2026-05-07,C0116,P079,ST019,3,2268.06,0.0,1464.98
S004885,2025-08-24,C0198,P043,ST019,6,7302.48,0.1,5492.34
S004886,2026-10-08,C0352,P082,ST015,6,13873.48,0.02,11120.16
S004887,2025-03-25,C0683,P002,ST008,8,416.01,0.1,336.51
S004888,2025-11-16,C0783,P062,ST016,6,3617.56,0.0,2627.77
S004889,2025-02-17,C0737,P019,ST009,4,952.22,0.0,612.11
S004890,2026-02-07,C0010,P027,ST001,2,5107.35,0.0,3699.73
S004891,2026-03-14,C0188,P011,ST011,7,12206.69,0.15,8103.73
S004892,2025-03-20,C0170,P060,ST002,2,14092.81,0.05,10855.58
S004893,2026-08-12,C0482,P052,ST013,1,13712.79,0.0,8471.56
S004894,2026-02-03,C0156,P047,ST025,4,6274.88,0.0,4501.3
S004895,2026-04-28,C0288,P062,ST023,8,4258.04,0.02,2627.77
S004896,2026-11-12,C0830,P026,ST004,6,4730.73,0.05,3556.26
S004897,2026-06-29,C0270,P069,ST024,1,6717.12,0.05,5327.09
S004898,2026-06-02,C0410,P033,ST010,5,14612.81,0.02,9814.74
S004899,2025-03-20,C0173,P063,ST005,8,4931.9,0.0,3844.99
S004900,2025-06-30,C0624,P037,ST002,1,11556.58,0.1,8737.72
S004901,2025-10-22,C0716,P081,ST012,6,2794.23,0.05,2254.47
S004902,2025-12-26,C0351,P085,ST019,8,9215.03,0.05,7193.26
S004903,2026-01-06,C0547,P076,ST013,4,8880.79,0.0,6054.39
S004904,2025-05-14,C0815,P064,ST024,2,9622.65,0.05,7055.83
S004905,2026-07-04,C0720,P071,ST012,8,8643.92,0.05,7113.15
S004906,2026-05-18,C0437,P015,ST022,5,9698.8,0.02,7707.94
S004907,2025-07-09,C0487,P084,ST021,1,6488.77,0.0,4325.72
S004908,2026-11-17,C0453,P031,ST006,2,12073.91,0.0,8055.68
S004909,2026-07-26,C0995,P018,ST025,4,6006.39,0.0,3821.41
S004910,2025-02-08,C0008,P074,ST012,5,8394.97,0.0,5135.74
S004911,2026-06-30,C0744,P022,ST011,6,6622.82,0.05,5050.21
S004912,2026-02-12,C0471,P016,ST011,8,10030.58,0.05,6754.56
S004913,2025-06-21,C0260,P028,ST013,6,11254.55,0.0,8027.52
S004914,2025-08-18,C0139,P050,ST024,3,14038.79,0.0,11552.3
S004915,2026-11-04,C0196,P072,ST014,3,12189.97,0.0,7885.7
S004916,2025-06-14,C0995,P029,ST023,5,9431.26,0.05,6795.13
S004917,2025-12-13,C0482,P037,ST012,1,14320.39,0.1,8737.72
S004918,2025-09-28,C0497,P062,ST020,7,3217.82,0.02,2627.77
S004919,2026-07-28,C0992,P030,ST012,4,14817.95,0.1,9460.8
S004920,2026-11-02,C0646,P065,ST009,4,3556.72,0.0,2327.08
S004921,2025-12-28,C0555,P003,ST022,2,14263.25,0.0,9496.36
S004922,2026-08-21,C0149,P076,ST012,4,7870.33,0.1,6054.39
S004923,2026-03-24,C0681,P038,ST005,1,6889.63,0.0,5677.06
S004924,2025-07-10,C0877,P071,ST019,6,11431.69,0.02,7113.15
S004925,2026-08-28,C0229,P003,ST007,3,11109.45,0.0,9496.36
S004926,2025-12-28,C0599,P001,ST006,2,3716.17,0.05,2598.92
S004927,2026-11-07,C0527,P035,ST019,1,688.98,0.0,516.87
S004928,2026-05-30,C0310,P001,ST015,1,3589.71,0.05,2598.92
S004929,2026-01-21,C0290,P021,ST020,5,3444.02,0.15,2771.37
S004930,2025-03-19,C0320,P031,ST014,4,9568.64,0.05,8055.68
S004931,2025-02-08,C0880,P008,ST012,8,10445.08,0.02,6932.71
S004932,2025-12-12,C0970,P001,ST003,7,3657.73,0.1,2598.92
S004933,2025-04-20,C0660,P034,ST021,4,3103.17,0.02,2211.93
S004934,2026-07-18,C0538,P047,ST012,7,7243.88,0.0,4501.3
S004935,2026-10-03,C0343,P057,ST017,4,7596.04,0.0,5530.0
S004936,2026-10-10,C0206,P003,ST020,1,11399.09,0.0,9496.36
S004937,2026-12-03,C0668,P079,ST003,7,1954.63,0.05,1464.98
S004938,2025-09-22,C0289,P055,ST004,6,14675.89,0.02,9400.32
S004939,2026-01-27,C0700,P030,ST012,3,13627.09,0.0,9460.8
S004940,2025-11-05,C0473,P015,ST022,4,8958.57,0.0,7707.94
S004941,2026-08-03,C0310,P001,ST014,5,4165.37,0.05,2598.92
S004942,2026-05-30,C0347,P026,ST013,4,5246.76,0.05,3556.26
S004943,2026-01-12,C0079,P045,ST025,5,5048.54,0.1,3792.77
S004944,2025-07-02,C0663,P065,ST022,7,3518.64,0.1,2327.08
S004945,2025-05-09,C0369,P086,ST013,6,813.98,0.1,517.95
S004946,2026-10-09,C0536,P065,ST006,6,3322.3,0.05,2327.08
S004947,2025-08-23,C0609,P069,ST020,8,8247.1,0.1,5327.09
S004948,2025-11-09,C0630,P006,ST014,4,14857.43,0.05,9423.57
S004949,2026-09-03,C0700,P053,ST012,6,5041.25,0.0,3373.97
S004950,2026-05-16,C0340,P083,ST008,8,11454.92,0.02,7077.47
S004951,2026-08-26,C0881,P043,ST023,2,8328.81,0.0,5492.34
S004952,2025-05-03,C0106,P053,ST025,8,4753.29,0.0,3373.97
S004953,2025-03-16,C0821,P053,ST013,4,4467.51,0.02,3373.97
S004954,2026-04-12,C0552,P085,ST025,6,11586.03,0.02,7193.26
S004955,2026-06-12,C0194,P090,ST022,4,1422.06,0.05,1222.08
S004956,2025-09-05,C0901,P049,ST003,1,2043.38,0.05,1636.57
S004957,2026-08-15,C0988,P008,ST021,3,8800.17,0.1,6932.71
S004958,2025-09-23,C0710,P050,ST023,4,18266.22,0.02,11552.3
S004959,2026-10-28,C0242,P022,ST023,2,6890.35,0.0,5050.21
S004960,2025-01-20,C0851,P060,ST014,5,14050.72,0.05,10855.58
S004961,2026-09-26,C0285,P046,ST014,8,12613.79,0.05,7655.82
S004962,2025-05-12,C0862,P015,ST011,7,10802.42,0.0,7707.94
S004963,2026-12-22,C0559,P010,ST017,7,2033.97,0.02,1595.73
S004964,2026-12-03,C0578,P042,ST001,5,12458.55,0.05,8431.76
S004965,2025-09-27,C0946,P082,ST019,5,15758.23,0.1,11120.16
S004966,2025-12-10,C0300,P034,ST016,2,2553.81,0.05,2211.93
S004967,2025-05-11,C0187,P025,ST018,3,1095.2,0.02,935.06
S004968,2025-04-05,C0211,P043,ST015,7,8925.15,0.05,5492.34
S004969,2025-03-25,C0485,P090,ST022,6,1752.05,0.05,1222.08
S004970,2026-06-25,C0570,P016,ST010,4,7877.52,0.05,6754.56
S004971,2025-05-14,C0714,P063,ST023,8,5607.72,0.05,3844.99
S004972,2025-10-23,C0735,P004,ST020,4,10729.22,0.02,8062.0
S004973,2026-09-03,C0465,P016,ST023,6,8427.27,0.15,6754.56
S004974,2026-09-22,C0442,P040,ST013,6,9296.06,0.05,6137.28
S004975,2026-11-09,C0853,P004,ST020,3,10197.26,0.05,8062.0
S004976,2025-07-19,C0672,P031,ST004,3,12460.29,0.0,8055.68
S004977,2026-04-29,C0599,P036,ST009,5,1511.97,0.1,1308.06
S004978,2026-06-28,C0714,P010,ST024,5,2024.45,0.05,1595.73
S004979,2026-12-29,C0202,P046,ST022,5,10260.92,0.02,7655.82
S004980,2025-08-02,C0337,P056,ST010,6,11458.4,0.05,8673.46
S004981,2026-11-08,C0950,P057,ST012,7,7592.84,0.0,5530.0
S004982,2026-11-24,C0554,P019,ST008,4,943.44,0.1,612.11
S004983,2025-08-31,C0361,P088,ST018,2,7512.3,0.0,5917.07
S004984,2025-07-16,C0662,P072,ST008,2,9417.17,0.15,7885.7
S004985,2025-02-10,C0137,P021,ST008,1,3406.6,0.0,2771.37
S004986,2025-09-19,C0337,P059,ST012,3,2150.63,0.02,1382.59
S004987,2026-02-15,C0513,P067,ST019,7,14744.95,0.02,9162.6
S004988,2026-07-30,C0096,P074,ST021,1,6386.06,0.05,5135.74
S004989,2026-08-18,C0896,P013,ST015,2,10997.15,0.02,6891.52
S004990,2025-04-07,C0147,P057,ST004,8,8352.31,0.02,5530.0
S004991,2025-05-24,C0088,P061,ST012,3,9248.61,0.05,5605.37
S004992,2025-09-04,C0643,P043,ST013,6,9051.61,0.0,5492.34
S004993,2026-11-27,C0480,P071,ST001,3,10616.97,0.02,7113.15
S004994,2025-06-02,C0356,P085,ST013,2,11065.92,0.0,7193.26
S004995,2026-02-08,C0830,P040,ST004,7,9026.44,0.15,6137.28
S004996,2025-03-29,C0728,P006,ST020,5,12696.56,0.15,9423.57
S004997,2026-09-17,C0571,P074,ST022,1,6223.44,0.0,5135.74
S004998,2025-06-17,C0261,P049,ST009,1,2609.04,0.0,1636.57
S004999,2025-08-01,C0599,P080,ST006,8,9021.45,0.0,7154.82
S005000,2026-12-01,C0786,P053,ST002,8,4976.06,0.02,3373.97
S005001,2025-12-13,C0535,P071,ST017,1,9728.29,0.1,7113.15
S005002,2025-03-24,C0690,P016,ST004,2,10318.31,0.05,6754.56
S005003,2025-10-06,C0245,P031,ST007,3,13264.68,0.0,8055.68
S005004,2025-08-18,C0836,P054,ST016,5,18507.17,0.15,11637.82
S005005,2026-10-15,C0500,P077,ST025,1,5304.37,0.0,4125.87
S005006,2025-10-29,C0633,P080,ST015,3,9783.82,0.0,7154.82
S005007,2025-02-25,C0098,P011,ST020,2,11711.65,0.02,8103.73
S005008,2025-09-04,C0885,P081,ST017,6,3482.08,0.0,2254.47
S005009,2025-04-29,C0276,P067,ST004,8,14358.56,0.1,9162.6
S005010,2025-04-23,C0279,P003,ST001,7,12997.38,0.0,9496.36
S005011,2026-07-07,C0822,P059,ST011,6,1797.4,0.05,1382.59
S005012,2026-12-23,C0360,P084,ST013,3,6341.16,0.05,4325.72
S005013,2026-09-07,C0231,P085,ST018,1,10216.82,0.0,7193.26
S005014,2025-03-20,C0825,P021,ST023,1,3430.68,0.05,2771.37
S005015,2025-05-19,C0915,P062,ST009,5,3626.12,0.02,2627.77
S005016,2026-12-30,C0987,P054,ST010,6,14528.4,0.05,11637.82
S005017,2026-01-16,C0104,P071,ST013,3,8988.64,0.05,7113.15
S005018,2026-03-13,C0006,P028,ST003,8,12517.35,0.15,8027.52
S005019,2025-03-27,C0488,P040,ST001,3,8205.51,0.02,6137.28
S005020,2025-05-04,C0598,P053,ST007,4,5508.97,0.0,3373.97
S005021,2026-06-14,C0164,P064,ST011,1,10667.75,0.05,7055.83
S005022,2025-07-21,C0719,P068,ST006,6,13566.7,0.15,8703.69
S005023,2026-04-16,C0147,P045,ST002,4,4361.78,0.02,3792.77
S005024,2026-08-17,C0685,P017,ST025,2,9210.72,0.05,6820.68
S005025,2025-02-19,C0121,P013,ST002,5,10713.58,0.05,6891.52
S005026,2026-08-21,C0440,P079,ST008,1,2279.1,0.0,1464.98
S005027,2025-08-15,C0451,P070,ST023,5,11185.52,0.1,7620.88
S005028,2025-03-01,C0872,P013,ST015,5,8517.78,0.05,6891.52
S005029,2025-10-31,C0691,P053,ST017,4,5398.85,0.02,3373.97
S005030,2025-07-13,C0291,P073,ST023,3,1603.1,0.02,1242.22
S005031,2025-09-16,C0747,P047,ST006,2,5786.31,0.0,4501.3
S005032,2025-05-21,C0351,P064,ST021,4,9538.49,0.05,7055.83
S005033,2025-12-18,C0608,P063,ST013,6,5261.08,0.0,3844.99
S005034,2025-01-25,C0456,P041,ST005,5,3158.16,0.05,2039.67
S005035,2026-11-23,C0347,P024,ST010,6,3745.92,0.0,2998.79
S005036,2026-11-30,C0110,P003,ST011,8,15223.24,0.0,9496.36
S005037,2026-09-22,C0680,P070,ST001,3,8848.41,0.02,7620.88
S005038,2025-08-08,C0358,P064,ST014,3,10419.23,0.05,7055.83
S005039,2025-04-04,C0633,P002,ST014,1,535.34,0.0,336.51
S005040,2025-01-17,C0411,P090,ST012,1,1545.5,0.02,1222.08
S005041,2026-12-14,C0374,P060,ST006,6,16763.55,0.05,10855.58
S005042,2025-09-26,C0262,P078,ST022,7,3148.31,0.0,1948.16
S005043,2026-07-01,C0632,P057,ST017,1,6445.73,0.0,5530.0
S005044,2026-05-04,C0340,P071,ST006,1,9482.11,0.1,7113.15
S005045,2025-08-26,C0431,P036,ST009,8,1780.01,0.05,1308.06
S005046,2025-07-15,C0834,P073,ST023,4,1675.05,0.0,1242.22
S005047,2025-04-13,C0380,P028,ST025,6,10956.99,0.0,8027.52
S005048,2025-09-08,C0306,P039,ST019,8,2546.51,0.0,2144.94
S005049,2025-12-13,C0648,P022,ST006,4,7596.92,0.1,5050.21
S005050,2026-11-28,C0867,P031,ST023,5,11518.85,0.02,8055.68
S005051,2025-06-07,C0877,P064,ST018,5,9698.03,0.05,7055.83
S005052,2026-03-14,C0174,P073,ST009,5,1751.1,0.02,1242.22
S005053,2026-02-01,C0001,P068,ST013,5,11443.54,0.02,8703.69
S005054,2026-07-07,C0005,P015,ST012,1,9875.12,0.05,7707.94
S005055,2026-05-14,C0817,P023,ST020,5,13749.73,0.05,10277.49
S005056,2026-09-27,C0468,P022,ST004,6,6707.47,0.0,5050.21
S005057,2026-05-03,C0518,P063,ST007,7,5629.63,0.05,3844.99
S005058,2026-11-02,C0002,P078,ST010,7,3054.26,0.02,1948.16
S005059,2025-08-07,C0998,P005,ST013,5,10057.08,0.05,8535.69
S005060,2025-05-08,C0795,P014,ST019,1,14881.74,0.05,9238.74
S005061,2026-08-11,C0425,P089,ST015,6,11915.88,0.1,9447.14
S005062,2026-10-07,C0394,P003,ST016,2,11870.88,0.05,9496.36
S005063,2025-10-05,C0403,P041,ST025,5,2651.82,0.05,2039.67
S005064,2026-02-23,C0104,P077,ST011,5,5954.09,0.0,4125.87
S005065,2025-09-20,C0294,P088,ST024,3,8951.47,0.05,5917.07
S005066,2025-12-08,C0115,P043,ST004,1,8209.15,0.05,5492.34
S005067,2025-03-08,C0120,P052,ST017,7,10398.46,0.0,8471.56
S005068,2026-06-15,C0241,P003,ST013,4,14527.34,0.05,9496.36
S005069,2026-08-18,C0364,P055,ST011,4,13046.6,0.1,9400.32
S005070,2025-08-04,C0263,P010,ST021,7,1868.75,0.0,1595.73
S005071,2025-05-05,C0740,P070,ST017,3,12076.13,0.05,7620.88
S005072,2026-03-09,C0607,P046,ST009,3,10196.44,0.05,7655.82
S005073,2026-03-31,C0094,P036,ST017,3,1619.89,0.0,1308.06
S005074,2025-10-18,C0424,P064,ST015,7,10818.5,0.15,7055.83
S005075,2025-03-05,C0189,P022,ST017,7,7899.74,0.05,5050.21
S005076,2026-05-10,C0516,P037,ST006,5,10161.11,0.0,8737.72
S005077,2026-02-25,C0984,P038,ST004,3,7062.12,0.0,5677.06
S005078,2026-10-14,C0755,P032,ST018,7,7113.95,0.02,5025.05
S005079,2026-11-23,C0937,P060,ST011,2,13512.16,0.1,10855.58
S005080,2026-08-30,C0678,P063,ST010,6,4588.83,0.1,3844.99
S005081,2026-02-02,C0352,P033,ST014,2,12724.98,0.0,9814.74
S005082,2025-10-19,C0045,P067,ST019,3,12812.12,0.05,9162.6
S005083,2026-02-12,C0966,P054,ST019,2,15894.64,0.05,11637.82
S005084,2025-03-26,C0745,P090,ST005,3,1972.71,0.05,1222.08
S005085,2026-11-12,C0401,P060,ST022,5,17554.39,0.1,10855.58
S005086,2025-10-30,C0839,P010,ST010,8,2566.42,0.05,1595.73
S005087,2026-03-12,C0258,P049,ST006,4,2514.9,0.02,1636.57
S005088,2026-03-26,C0523,P049,ST004,8,2252.09,0.0,1636.57
S005089,2025-02-13,C0290,P033,ST018,8,14371.05,0.1,9814.74
S005090,2025-07-01,C0320,P041,ST016,3,2820.34,0.05,2039.67
S005091,2026-07-07,C0937,P039,ST010,3,3523.21,0.0,2144.94
S005092,2026-05-27,C0597,P053,ST003,7,4237.92,0.05,3373.97
S005093,2026-10-25,C0047,P010,ST009,5,1861.49,0.05,1595.73
S005094,2025-01-19,C0703,P031,ST012,7,12296.79,0.02,8055.68
S005095,2025-06-19,C0710,P080,ST024,4,10993.17,0.05,7154.82
S005096,2025-09-12,C0518,P045,ST008,1,4995.19,0.15,3792.77
S005097,2026-09-30,C0966,P070,ST018,5,9536.63,0.1,7620.88
S005098,2026-10-28,C0531,P035,ST001,6,676.64,0.0,516.87
S005099,2026-06-07,C0648,P032,ST009,6,6556.62,0.05,5025.05
S005100,2025-02-15,C0911,P072,ST019,1,9134.12,0.05,7885.7
S005101,2025-08-21,C0794,P055,ST018,5,11886.09,0.02,9400.32
S005102,2026-12-12,C0910,P072,ST001,5,11344.06,0.1,7885.7
S005103,2026-02-08,C0693,P015,ST009,3,12031.6,0.1,7707.94
S005104,2025-04-05,C0251,P020,ST016,4,7762.31,0.0,5381.43
S005105,2026-01-19,C0926,P038,ST022,1,8686.12,0.0,5677.06
S005106,2026-09-23,C0719,P062,ST008,6,3430.9,0.0,2627.77
S005107,2025-04-30,C0667,P062,ST021,8,3433.25,0.05,2627.77
S005108,2026-06-24,C0733,P043,ST022,3,7058.92,0.02,5492.34
S005109,2025-06-22,C0911,P018,ST019,1,4882.38,0.05,3821.41
S005110,2026-10-01,C0196,P064,ST015,6,10094.76,0.05,7055.83
S005111,2026-01-12,C0034,P005,ST025,2,10153.57,0.02,8535.69
S005112,2025-04-19,C0809,P020,ST023,1,8285.81,0.02,5381.43
S005113,2025-02-12,C0280,P035,ST024,4,738.23,0.15,516.87
S005114,2026-12-20,C0663,P010,ST024,3,2476.1,0.02,1595.73
S005115,2026-05-05,C0646,P044,ST008,6,7166.86,0.0,4727.0
S005116,2026-09-29,C0814,P049,ST005,4,1949.87,0.0,1636.57
S005117,2026-02-18,C0052,P061,ST002,6,6716.21,0.02,5605.37
S005118,2025-07-08,C0875,P008,ST009,6,9658.05,0.05,6932.71
S005119,2025-02-14,C0311,P080,ST002,1,8304.53,0.02,7154.82
S005120,2025-05-10,C0105,P016,ST017,2,10263.55,0.02,6754.56
S005121,2026-05-29,C0099,P058,ST001,5,5521.53,0.0,3448.84
S005122,2026-06-01,C0865,P003,ST016,6,13597.0,,9496.36
S005123,2026-08-11,C0332,P018,ST012,7,5738.97,0.0,3821.41
S005124,2026-06-08,C0272,P059,ST017,8,1916.05,0.05,1382.59
S005125,2025-12-10,C0328,P019,ST024,2,940.82,0.0,612.11
S005126,2026-04-03,C0296,P087,ST004,8,13812.26,0.0,11513.07
S005127,2025-03-15,C0950,P072,ST011,3,10135.36,0.02,7885.7
S005128,2025-11-29,C0459,P077,ST025,6,6536.93,0.0,4125.87
S005129,2025-07-23,C0040,P064,ST018,4,10143.68,0.0,7055.83
S005130,2026-07-14,C0633,P037,ST014,5,12720.02,,8737.72
S005131,2025-02-21,C0126,P018,ST003,6,4726.34,0.0,3821.41
S005132,2025-06-07,C0081,P046,ST009,3,12624.01,0.02,7655.82
S005133,2026-08-30,C0167,P065,ST009,6,2710.46,0.02,2327.08
S005134,2025-12-09,C0337,P014,ST013,5,11424.71,0.02,9238.74
S005135,2025-02-04,C0631,P027,ST005,4,4675.82,0.02,3699.73
S005136,2026-05-17,C0107,P043,ST014,6,7796.22,0.05,5492.34
S005137,2026-06-15,C0535,P090,ST014,7,1858.85,0.02,1222.08
S005138,2025-06-26,C0343,P062,ST016,6,4277.43,0.05,2627.77
S005139,2026-07-18,C0906,P046,ST009,7,11178.41,0.02,7655.82
S005140,2025-06-08,C0234,P066,ST006,1,16634.96,0.0,10315.22
S005141,2025-04-14,C0594,P018,ST009,8,4767.1,0.05,3821.41
S005142,2025-12-27,C0225,P040,ST016,2,7723.41,0.0,6137.28
S005143,2025-12-12,C0089,P019,ST017,8,835.58,0.0,612.11
S005144,2026-05-24,C0245,P060,ST008,5,14539.04,0.02,10855.58
S005145,2026-08-07,C0790,P005,ST021,4,11589.09,0.0,8535.69
S005146,2025-10-15,C0428,P024,ST005,5,4325.69,0.05,2998.79
S005147,2026-10-07,C0055,P042,ST002,5,11614.94,0.05,8431.76
S005148,2026-07-08,C0558,P015,ST014,4,9168.32,0.05,7707.94
S005149,2026-06-08,C0922,P001,ST014,8,3068.54,0.05,2598.92
S005150,2025-06-01,C0018,P033,ST017,7,15936.46,0.15,9814.74
S005151,2026-10-22,C0927,P045,ST006,3,5665.14,0.0,3792.77
S005152,2026-10-13,C0841,P048,ST025,5,1939.02,0.1,1279.89
S005153,2026-02-13,C0808,P046,ST025,7,11175.81,0.05,7655.82
S005154,2025-04-25,C0574,P035,ST022,4,744.7,0.02,516.87
S005155,2025-07-29,C0533,P076,ST024,4,8690.67,0.05,6054.39
S005156,2025-10-15,C0499,P074,ST021,1,7735.95,0.05,5135.74
S005157,2026-03-09,C0569,P082,ST013,6,17308.04,0.1,11120.16
S005158,2026-12-20,C0446,P053,ST014,8,5457.44,0.05,3373.97
S005159,2025-07-09,C0879,P014,ST004,1,14022.47,0.02,9238.74
S005160,2025-12-11,C0808,P083,ST023,7,8859.61,0.0,7077.47
S005161,2026-09-19,C0916,P029,ST018,8,10765.21,0.02,6795.13
S005162,2026-11-11,C0595,P002,ST005,7,533.6,0.05,336.51
S005163,2026-06-23,C0388,P047,ST025,3,6442.92,0.05,4501.3
S005164,2025-01-31,C0988,P040,ST021,1,8409.72,0.05,6137.28
S005165,2025-10-30,C0041,P065,ST023,5,3676.08,0.05,2327.08
S005166,2025-06-18,C0899,P060,ST013,7,13185.53,0.1,10855.58
S005167,2025-01-27,C0256,P089,ST012,3,14611.5,0.0,9447.14
S005168,2025-05-17,C0089,P016,ST014,8,8792.87,0.0,6754.56
S005169,2025-07-12,C0774,P039,ST022,8,3522.9,0.02,2144.94
S005170,2026-02-25,C0105,P039,ST017,6,3228.78,0.0,2144.94
S005171,2025-04-17,C0211,P034,ST014,5,2888.34,0.1,2211.93
S005172,2025-02-06,C0294,P080,ST024,2,11594.07,0.02,7154.82
S005173,2026-08-11,C0959,P080,ST024,8,9605.21,0.0,7154.82
S005174,2025-12-10,C0194,P056,ST025,2,12014.28,0.02,8673.46
S005175,2026-06-18,C0286,P027,ST021,6,4481.68,0.0,3699.73
S005176,2025-11-06,C0769,P042,ST003,6,11392.24,0.05,8431.76
S005177,2026-12-08,C0482,P081,ST012,4,3406.63,0.0,2254.47
S005178,2025-10-16,C0436,P004,ST011,5,9693.13,0.05,8062.0
S005179,2025-08-25,C0327,P015,ST015,7,9220.6,0.1,7707.94
S005180,2026-12-31,C0492,P079,ST023,2,1767.35,0.05,1464.98
S005181,2026-12-03,C0660,P061,ST019,6,6929.85,0.05,5605.37
S005182,2025-11-03,C0880,P011,ST013,4,12727.79,0.05,8103.73
S005183,2025-03-03,C0394,P055,ST014,5,11399.76,0.05,9400.32
S005184,2025-03-20,C0953,P008,ST007,5,8159.8,0.0,6932.71
S005185,2026-07-31,C0873,P060,ST012,3,12663.22,0.05,10855.58
S005186,2025-04-24,C0167,P008,ST009,4,10517.39,0.0,6932.71
S005187,2025-07-19,C0009,P011,ST012,8,13016.35,0.05,8103.73
S005188,2025-09-11,C0028,P028,ST021,2,10410.97,0.1,8027.52
S005189,2025-06-23,C0049,P056,ST019,6,14002.76,0.05,8673.46
S005190,2025-04-22,C0241,P043,ST011,4,7492.61,0.05,5492.34
S005191,2025-09-29,C0856,P019,ST010,4,911.3,0.02,612.11
S005192,2026-05-02,C0446,P060,ST015,1,14959.53,0.05,10855.58
S005193,2025-04-21,C0857,P083,ST015,6,10890.94,0.02,7077.47
S005194,2026-06-08,C0166,P089,ST011,8,13977.97,0.1,9447.14
S005195,2025-02-12,C0272,P041,ST016,1,2751.21,0.05,2039.67
S005196,2025-04-09,C0918,P055,ST001,7,13222.22,0.02,9400.32
S005197,2026-05-17,C0951,P032,ST001,6,7640.65,0.02,5025.05
S005198,2026-12-18,C0870,P004,ST013,1,13131.48,0.05,8062.0
S005199,2025-03-10,C0651,P064,ST001,4,10370.65,0.0,7055.83
S005200,2025-03-02,C0217,P009,ST019,6,2587.24,0.0,1892.61
S005201,2026-04-22,C0978,P024,ST021,3,4362.28,0.0,2998.79
S005202,2026-03-28,C0999,P037,ST001,4,10945.55,0.02,8737.72
S005203,2025-03-11,C0211,P001,ST016,5,3685.7,0.05,2598.92
S005204,2025-08-08,C0297,P062,ST002,4,3312.6,0.0,2627.77
S005205,2026-11-22,C0916,P031,ST018,8,10466.58,0.05,8055.68
S005206,2025-07-24,C0586,P086,ST002,4,759.4,0.05,517.95
S005207,2025-12-10,C0787,P031,ST001,8,12603.6,0.0,8055.68
S005208,2025-06-28,C0299,P087,ST020,5,16391.15,0.05,11513.07
S005209,2025-11-03,C0780,P026,ST010,4,5384.68,0.15,3556.26
S005210,2026-03-21,C0577,P080,ST016,4,8704.08,0.15,7154.82
S005211,2025-03-03,C0660,P015,ST018,7,11023.52,0.0,7707.94
S005212,2025-12-02,C0687,P057,ST016,6,7005.81,0.15,5530.0
S005213,2025-08-22,C0266,P024,ST024,1,4790.25,0.02,2998.79
S005214,2025-11-19,C0939,P055,ST017,2,14213.39,0.05,9400.32
S005215,2026-07-16,C0546,P065,ST009,5,2944.77,0.0,2327.08
S005216,2025-01-18,C0112,P081,ST025,1,2990.5,0.0,2254.47
S005217,2025-01-29,C0383,P015,ST004,8,9229.88,0.05,7707.94
S005218,2026-08-27,C0056,P056,ST005,1,11892.37,0.02,8673.46
S005219,2025-11-23,C0973,P064,ST014,6,8800.06,0.05,7055.83
S005220,2025-08-15,C0143,P053,ST003,7,4870.57,0.0,3373.97
S005221,2025-10-27,C0127,P034,ST008,2,3627.15,0.0,2211.93
S005222,2026-03-08,C0944,P046,ST024,2,9236.59,0.02,7655.82
S005223,2026-09-23,C0825,P044,ST025,1,6552.91,0.1,4727.0
S005224,2026-08-07,C0798,P047,ST004,6,6561.57,0.02,4501.3
S005225,2026-01-19,C0698,P051,ST024,4,17384.17,0.05,10925.82
S005226,2025-09-04,C0560,P052,ST009,6,11220.04,0.02,8471.56
S005227,2025-08-02,C0510,P077,ST005,1,6445.15,0.0,4125.87
S005228,2026-05-01,C0993,P063,ST003,3,5101.75,0.1,3844.99
S005229,2026-07-15,C0211,P085,ST017,4,9158.73,0.02,7193.26
S005230,2026-03-31,C0866,P065,ST009,4,3501.07,0.0,2327.08
S005231,2026-07-07,C0767,P076,ST010,6,7944.27,0.0,6054.39
S005232,2026-11-18,C0008,P036,ST010,2,2050.82,0.02,1308.06
S005233,2026-02-19,C0516,P070,ST008,5,10144.0,0.1,7620.88
S005234,2026-08-03,C0486,P070,ST006,3,12192.48,0.0,7620.88
S005235,2026-11-21,C0874,P056,ST025,1,10750.04,0.02,8673.46
S005236,2026-10-31,C0881,P073,ST022,7,1970.07,0.0,1242.22
S005237,2025-11-07,C0865,P036,ST016,3,1844.45,0.05,1308.06
S005238,2025-08-23,C0460,P056,ST017,2,13476.36,0.15,8673.46
S005239,2026-11-17,C0461,P077,ST010,1,5282.19,0.05,4125.87
S005240,2026-09-23,C0927,P071,ST009,6,8286.9,0.05,7113.15
S005241,2025-05-16,C0098,P056,ST020,5,10495.62,0.05,8673.46
S005242,2025-01-21,C0491,P030,ST025,8,12842.95,0.05,9460.8
S005243,2025-03-29,C0813,P076,ST001,7,8058.62,0.0,6054.39
S005244,2026-09-20,C0916,P087,ST020,7,16682.14,0.02,11513.07
S005245,2026-11-27,C0248,P068,ST023,3,12170.89,0.0,8703.69
S005246,2025-11-01,C0810,P056,ST008,7,11516.8,0.0,8673.46
S005247,2026-02-22,C0407,P016,ST007,4,10331.21,0.02,6754.56
S005248,2026-11-23,C0145,P032,ST017,2,7562.17,0.0,5025.05
S005249,2026-02-23,C0137,P087,ST009,8,17893.31,0.0,11513.07
S005250,2026-03-01,C0311,P028,ST003,8,12484.65,0.05,8027.52
S005251,2026-11-30,C0739,P025,ST015,3,1099.05,0.0,935.06
S005252,2026-03-04,C0517,P004,ST023,1,10207.41,0.0,8062.0
S005253,2025-04-23,C0719,P078,ST009,5,2401.16,0.0,1948.16
S005254,2026-11-23,C0855,P006,ST025,2,14330.03,0.0,9423.57
S005255,2026-04-04,C0922,P024,ST017,1,4227.35,0.0,2998.79
S005256,2026-07-02,C0396,P081,ST004,5,3715.34,0.02,2254.47
S005257,2026-05-16,C0396,P050,ST004,3,18365.65,0.05,11552.3
S005258,2025-06-10,C0168,P083,ST017,5,10603.85,0.0,7077.47
S005259,2026-08-04,C0350,P042,ST016,5,12020.7,0.05,8431.76
S005260,2025-12-18,C0702,P056,ST018,4,13108.35,0.02,8673.46
S005261,2026-05-10,C0454,P024,ST017,8,4150.32,0.0,2998.79
S005262,2026-01-31,C0051,P002,ST024,5,388.63,,336.51
S005263,2025-01-16,C0669,P058,ST010,7,5445.72,0.15,3448.84
S005264,2026-12-22,C0958,P007,ST020,1,7284.01,0.0,5642.26
S005265,2025-04-25,C0126,P077,ST002,1,5992.77,0.1,4125.87
S005266,2026-10-16,C0709,P085,ST002,4,8811.26,0.1,7193.26
S005267,2025-12-29,C0731,P032,ST018,1,7786.24,0.05,5025.05
S005268,2025-04-04,C0548,P041,ST023,8,2739.71,0.1,2039.67
S005269,2026-11-04,C0632,P067,ST016,3,14344.74,0.0,9162.6
S005270,2026-11-01,C0882,P045,ST021,5,4446.7,0.05,3792.77
S005271,2026-02-14,C0489,P049,ST013,8,1934.5,0.0,1636.57
S005272,2025-10-28,C0805,P017,ST011,2,9984.54,0.02,6820.68
S005273,2026-05-30,C0453,P026,ST006,8,5654.78,0.1,3556.26
S005274,2025-10-08,C0379,P015,ST002,1,11179.98,0.02,7707.94
S005275,2026-07-29,C0547,P040,ST013,2,7992.09,0.1,6137.28
S005276,2026-04-23,C0440,P025,ST006,3,1506.82,0.02,935.06
S005277,2026-09-25,C0514,P014,ST003,5,13222.14,0.02,9238.74
S005278,2026-06-06,C0111,P002,ST016,2,453.65,0.02,336.51
S005279,2026-12-24,C0441,P046,ST010,7,11237.61,0.05,7655.82
S005280,2026-06-20,C0532,P044,ST014,2,6865.11,0.0,4727.0
S005281,2026-08-10,C0502,P041,ST018,5,3225.53,0.02,2039.67
S005282,2026-03-01,C0088,P009,ST010,8,2521.89,0.02,1892.61
S005283,2026-05-30,C0081,P038,ST008,5,8922.38,0.05,5677.06
S005284,2026-01-16,C0515,P053,ST024,7,5310.28,0.0,3373.97
S005285,2025-09-13,C0394,P004,ST015,3,12344.6,0.05,8062.0
S005286,2025-08-13,C0887,P082,ST022,4,13256.0,0.0,11120.16
S005287,2025-06-26,C0324,P034,ST007,3,3258.1,0.0,2211.93
S005288,2026-01-20,C0162,P077,ST003,2,6302.14,0.0,4125.87
S005289,2025-04-25,C0832,P039,ST005,4,2862.74,0.05,2144.94
S005290,2025-06-30,C0360,P041,ST012,2,2582.68,0.0,2039.67
S005291,2025-06-24,C0185,P063,ST023,2,5500.0,0.0,3844.99
S005292,2025-12-05,C0392,P041,ST019,3,3186.52,0.05,2039.67
S005293,2026-10-31,C0359,P069,ST008,3,6665.71,0.0,5327.09
S005294,2025-03-10,C0241,P048,ST012,2,2048.18,0.0,1279.89
S005295,2026-04-17,C0176,P009,ST009,8,2384.11,0.0,1892.61
S005296,2025-02-18,C0327,P047,ST015,2,5577.5,0.05,4501.3
S005297,2026-10-23,C0773,P002,ST024,6,497.9,0.05,336.51
S005298,2026-05-31,C0664,P004,ST016,5,13007.71,0.0,8062.0
S005299,2026-10-13,C0700,P059,ST012,1,1926.94,0.15,1382.59
S005300,2026-10-26,C0633,P079,ST017,6,2284.06,0.05,1464.98
S005301,2025-04-22,C0094,P070,ST014,8,12318.27,0.05,7620.88
S005302,2025-01-27,C0646,P075,ST006,1,958.79,0.0,738.97
S005303,2025-09-07,C0081,P061,ST007,6,8356.57,0.02,5605.37
S005304,2026-10-02,C0986,P043,ST011,7,8198.47,0.02,5492.34
S005305,2026-09-19,C0487,P037,ST018,7,12751.98,0.05,8737.72
S005306,2025-04-24,C0368,P036,ST025,8,2062.98,0.05,1308.06
S005307,2025-03-01,C0277,P002,ST002,7,523.91,0.02,336.51
S005308,2026-04-13,C0029,P044,ST009,2,5935.33,0.05,4727.0
S005309,2026-08-02,C0643,P010,ST013,7,2528.83,0.02,1595.73
S005310,2026-01-02,C0153,P047,ST024,5,7268.22,0.0,4501.3
S005311,2025-10-19,C0715,P052,ST004,7,13535.69,0.05,8471.56
S005312,2025-09-06,C0131,P087,ST005,7,16937.41,0.02,11513.07
S005313,2025-04-29,C0860,P059,ST007,8,1616.58,0.02,1382.59
S005314,2026-10-18,C0923,P021,ST001,4,3236.78,0.0,2771.37
S005315,2026-10-21,C0313,P064,ST018,3,8887.58,0.05,7055.83
S005316,2025-03-25,C0693,P035,ST007,2,712.35,0.05,516.87
S005317,2025-03-15,C0099,P021,ST002,2,4406.45,0.0,2771.37
S005318,2026-11-02,C0873,P032,ST011,6,8245.16,0.1,5025.05
S005319,2025-08-04,C0285,P043,ST016,3,7772.62,0.02,5492.34
S005320,2025-04-14,C0638,P029,ST003,1,10651.09,0.1,6795.13
S005321,2025-05-07,C0890,P057,ST006,5,7892.44,0.1,5530.0
S005322,2026-08-09,C0508,P073,ST012,3,1721.47,0.02,1242.22
S005323,2026-05-31,C0026,P071,ST007,7,9497.37,0.02,7113.15
S005324,2026-03-27,C0386,P027,ST006,4,5231.59,0.0,3699.73
S005325,2025-02-12,C0198,P084,ST021,5,6513.16,0.1,4325.72
S005326,2026-01-17,C0169,P025,ST001,2,1109.27,0.02,935.06
S005327,2025-07-12,C0599,P051,ST009,7,13603.71,0.02,10925.82
S005328,2025-11-26,C0035,P034,ST003,5,2843.5,0.0,2211.93
S005329,2026-10-07,C0688,P065,ST002,2,3442.68,0.05,2327.08
S005330,2025-06-30,C0520,P082,ST009,2,16205.12,0.0,11120.16
S005331,2025-02-19,C0392,P069,ST021,7,6842.9,0.05,5327.09
S005332,2025-10-21,C0562,P049,ST009,2,2503.29,0.0,1636.57
S005333,2025-06-24,C0934,P075,ST023,3,944.13,0.02,738.97
S005334,2025-07-21,C0804,P032,ST009,2,6572.89,0.05,5025.05
S005335,2025-03-02,C0801,P006,ST001,3,13298.27,0.05,9423.57
S005336,2026-07-11,C0243,P026,ST018,5,5058.79,0.02,3556.26
S005337,2025-04-04,C0808,P005,ST025,3,13475.66,0.0,8535.69
S005338,2025-10-30,C0925,P021,ST008,4,3404.07,0.0,2771.37
S005339,2025-05-15,C0927,P083,ST009,5,10132.33,0.0,7077.47
S005340,2026-11-17,C0424,P069,ST014,4,6741.61,0.0,5327.09
S005341,2026-02-18,C0298,P034,ST010,8,2979.72,0.0,2211.93
S005342,2026-05-29,C0028,P088,ST018,6,8759.59,0.0,5917.07
S005343,2026-06-29,C0603,P060,ST022,5,14045.02,0.15,10855.58
S005344,2025-04-23,C0399,P051,ST002,2,15427.97,0.0,10925.82
S005345,2025-07-29,C0501,P072,ST020,6,11502.36,0.05,7885.7
S005346,2026-08-08,C0317,P044,ST024,8,5776.78,0.0,4727.0
S005347,2025-12-15,C0846,P087,ST025,6,16113.16,0.0,11513.07
S005348,2026-01-06,C0633,P023,ST014,1,13434.46,0.02,10277.49
S005349,2026-12-12,C0874,P088,ST023,2,9168.02,0.0,5917.07
S005350,2026-12-13,C0089,P074,ST017,4,6669.78,0.05,5135.74
S005351,2026-03-16,C0608,P081,ST010,3,3018.73,0.05,2254.47
S005352,2025-10-01,C0602,P070,ST003,3,11342.5,0.05,7620.88
S005353,2026-10-05,C0173,P043,ST003,5,6897.81,0.02,5492.34
S005354,2026-11-02,C0270,P072,ST022,5,12913.28,0.0,7885.7
S005355,2025-05-14,C0869,P076,ST021,2,9301.38,0.15,6054.39
S005356,2025-07-09,C0958,P024,ST020,5,3676.13,0.0,2998.79
S005357,2026-09-17,C0233,P055,ST007,4,14095.88,0.05,9400.32
S005358,2025-10-09,C0193,P040,ST021,8,7243.75,0.0,6137.28
S005359,2026-01-10,C0481,P017,ST021,5,11171.1,0.1,6820.68
S005360,2025-06-10,C0783,P085,ST014,2,9189.89,0.0,7193.26
S005361,2025-04-15,C0010,P088,ST005,4,9013.81,0.0,5917.07
S005362,2025-05-02,C0563,P088,ST004,1,6987.33,0.0,5917.07
S005363,2025-11-06,C0230,P058,ST024,3,4479.45,0.05,3448.84
S005364,2026-04-21,C0710,P017,ST024,4,10171.7,0.1,6820.68
S005365,2025-03-24,C0122,P090,ST025,7,1425.41,0.0,1222.08
S005366,2025-12-23,C0205,P073,ST018,3,1652.46,0.05,1242.22
S005367,2026-12-24,C0338,P059,ST014,1,1623.9,0.0,1382.59
S005368,2026-12-11,C0637,P015,ST017,5,10724.63,0.1,7707.94
S005369,2026-10-30,C0951,P052,ST004,2,11630.83,0.05,8471.56
S005370,2026-11-12,C0066,P074,ST004,3,6012.41,0.05,5135.74
S005371,2026-01-18,C0358,P086,ST015,5,596.42,0.05,517.95
S005372,2026-04-12,C0311,P015,ST003,6,9881.69,0.05,7707.94
S005373,2026-10-24,C0465,P008,ST024,6,9845.84,0.0,6932.71
S005374,2026-02-02,C0374,P045,ST009,6,4916.59,0.0,3792.77
S005375,2026-08-04,C0299,P057,ST020,4,9018.16,0.1,5530.0
S005376,2025-07-02,C0967,P057,ST004,5,7009.74,0.0,5530.0
S005377,2026-07-31,C0974,P081,ST024,2,3168.11,0.02,2254.47
S005378,2026-06-25,C0697,P057,ST021,1,7809.13,0.05,5530.0
S005379,2026-01-16,C0240,P041,ST019,1,2443.36,0.0,2039.67
S005380,2026-06-28,C0167,P055,ST006,3,12428.13,0.02,9400.32
S005381,2026-08-02,C0002,P040,ST012,2,9367.32,0.0,6137.28
S005382,2025-12-25,C0368,P019,ST025,1,712.57,0.05,612.11
S005383,2025-09-28,C0974,P028,ST022,6,10074.04,0.0,8027.52
S005384,2025-10-21,C0885,P034,ST017,5,3323.29,0.1,2211.93
S005385,2025-01-31,C0272,P017,ST015,5,10394.05,0.02,6820.68
S005386,2026-06-05,C0623,P073,ST003,4,1635.38,0.05,1242.22
S005387,2025-12-14,C0431,P030,ST007,1,13787.32,0.1,9460.8
S005388,2025-10-24,C0607,P052,ST006,6,10981.93,0.05,8471.56
S005389,2025-09-13,C0588,P042,ST003,4,10454.21,0.1,8431.76
S005390,2026-05-19,C0353,P088,ST015,6,8194.83,0.05,5917.07
S005391,2026-08-20,C0384,P012,ST015,2,8562.54,0.02,5785.38
S005392,2026-11-07,C0706,P088,ST025,3,9079.63,0.02,5917.07
S005393,2025-08-31,C0717,P025,ST021,3,1499.22,0.15,935.06
S005394,2026-07-31,C0779,P018,ST009,6,5388.08,0.0,3821.41
S005395,2025-06-13,C0353,P051,ST014,4,16337.52,0.0,10925.82
S005396,2025-02-17,C0611,P005,ST005,4,13550.64,0.0,8535.69
S005397,2025-02-24,C0277,P050,ST005,6,14216.82,0.05,11552.3
S005398,2025-12-02,C0901,P090,ST002,6,1533.44,0.0,1222.08
S005399,2025-04-09,C0939,P061,ST014,8,6739.95,0.02,5605.37
S005400,2026-12-16,C0973,P062,ST014,1,4299.78,0.02,2627.77
S005401,2025-03-17,C0158,P039,ST018,6,3441.04,0.0,2144.94
S005402,2026-09-06,C0748,P033,ST003,1,12645.61,0.05,9814.74
S005403,2025-03-23,C0865,P033,ST016,7,12129.3,0.0,9814.74
S005404,2025-07-17,C0168,P050,ST017,3,18028.98,0.0,11552.3
S005405,2026-04-12,C0274,P023,ST023,6,12680.21,0.0,10277.49
S005406,2025-12-26,C0612,P047,ST007,3,5953.14,0.02,4501.3
S005407,2025-11-18,C0351,P036,ST020,7,1686.58,0.05,1308.06
S005408,2025-03-05,C0998,P083,ST011,2,9283.7,0.02,7077.47
S005409,2026-11-28,C0042,P010,ST024,1,2411.91,0.0,1595.73
S005410,2026-08-03,C0739,P051,ST016,5,13500.82,0.0,10925.82
S005411,2025-04-24,C0183,P030,ST009,1,14003.38,0.05,9460.8
S005412,2026-06-29,C0523,P038,ST002,3,6720.93,0.05,5677.06
S005413,2025-10-16,C0147,P028,ST002,2,12298.84,0.0,8027.52
S005414,2026-05-04,C0619,P067,ST001,2,14006.13,0.05,9162.6
S005415,2026-03-27,C0290,P006,ST019,5,11971.94,0.02,9423.57
S005416,2026-02-13,C0997,P049,ST012,1,2368.16,0.0,1636.57
S005417,2025-08-05,C0082,P047,ST013,6,6616.05,0.15,4501.3
S005418,2025-11-30,C0766,P058,ST016,8,4292.86,0.15,3448.84
S005419,2026-08-06,C0475,P004,ST008,8,10263.72,0.05,8062.0
S005420,2025-11-15,C0108,P089,ST006,5,12231.2,0.0,9447.14
S005421,2026-12-24,C0894,P047,ST022,8,6855.75,0.1,4501.3
S005422,2025-08-26,C0428,P075,ST003,2,1217.21,0.02,738.97
S005423,2025-09-23,C0738,P010,ST006,2,2587.51,0.1,1595.73
S005424,2025-04-01,C0512,P004,ST023,6,12627.68,0.05,8062.0
S005425,2026-10-14,C0632,P088,ST017,4,7215.23,0.05,5917.07
S005426,2025-05-06,C0697,P039,ST020,2,2791.01,0.05,2144.94
S005427,2025-10-25,C0360,P081,ST013,4,3141.74,0.05,2254.47
S005428,2026-09-04,C0638,P076,ST001,1,8250.9,0.02,6054.39
S005429,2026-10-14,C0625,P080,ST023,7,11251.56,0.05,7154.82
S005430,2025-02-12,C0005,P051,ST011,4,17416.25,0.02,10925.82
S005431,2025-10-14,C0350,P051,ST017,8,15191.26,0.02,10925.82
S005432,2026-03-07,C0921,P024,ST025,4,3735.61,0.02,2998.79
S005433,2025-09-13,C0161,P043,ST019,8,6974.68,0.05,5492.34
S005434,2026-06-19,C0878,P040,ST022,5,9012.04,0.05,6137.28
S005435,2026-09-21,C0096,P032,ST019,5,6824.44,0.02,5025.05
S005436,2026-04-03,C0488,P014,ST004,4,10744.05,0.05,9238.74
S005437,2025-04-07,C0454,P013,ST015,5,10030.73,0.02,6891.52
S005438,2025-07-10,C0712,P027,ST003,4,5817.15,0.0,3699.73
S005439,2025-07-08,C0089,P034,ST016,3,3587.35,0.1,2211.93
S005440,2025-08-12,C0181,P036,ST023,1,2071.48,0.0,1308.06
S005441,2025-05-04,C0802,P025,ST024,1,1096.35,0.02,935.06
S005442,2025-10-28,C0185,P017,ST025,4,10979.27,0.0,6820.68
S005443,2025-09-02,C0871,P019,ST016,3,792.42,0.05,612.11
S005444,2026-03-22,C0818,P047,ST011,8,7243.93,0.0,4501.3
S005445,2026-10-18,C0279,P005,ST004,1,10613.67,0.05,8535.69
S005446,2026-06-10,C0966,P005,ST021,2,11025.26,0.02,8535.69
S005447,2025-12-09,C0005,P039,ST011,4,3420.34,0.05,2144.94
S005448,2025-06-08,C0189,P036,ST017,1,2003.09,0.0,1308.06
S005449,2026-02-11,C0095,P048,ST023,3,1965.82,0.1,1279.89
S005450,2026-11-10,C0741,P039,ST008,5,2652.28,0.05,2144.94
S005451,2025-10-26,C0637,P041,ST015,6,2582.48,0.02,2039.67
S005452,2026-02-12,C0117,P078,ST021,4,2695.21,0.1,1948.16
S005453,2026-03-24,C0783,P082,ST014,7,13060.56,0.05,11120.16
S005454,2026-12-08,C0291,P087,ST024,7,16084.21,0.0,11513.07
S005455,2026-05-20,C0560,P061,ST006,4,7508.61,0.1,5605.37
S005456,2025-02-28,C0035,P013,ST005,6,10252.8,0.0,6891.52
S005457,2026-05-06,C0385,P010,ST003,4,2375.18,0.02,1595.73
S005458,2026-12-09,C0850,P051,ST018,1,13258.09,0.0,10925.82
S005459,2025-02-06,C0647,P037,ST020,4,11063.92,0.05,8737.72
S005460,2026-04-15,C0766,P046,ST014,4,9605.31,0.05,7655.82
S005461,2025-07-22,C0092,P014,ST007,1,12993.87,0.05,9238.74
S005462,2026-03-26,C0308,P067,ST017,2,13471.42,0.05,9162.6
S005463,2026-11-23,C0318,P040,ST011,5,8498.35,0.1,6137.28
S005464,2025-04-01,C0114,P017,ST002,5,7906.5,0.0,6820.68
S005465,2026-09-08,C0853,P052,ST020,6,11656.15,0.0,8471.56
S005466,2025-03-01,C0390,P019,ST008,7,782.97,0.02,612.11
S005467,2026-07-23,C0784,P077,ST013,1,5880.23,0.0,4125.87
S005468,2025-03-30,C0086,P042,ST024,2,12730.75,0.0,8431.76
S005469,2025-03-05,C0257,P039,ST024,7,2704.64,0.0,2144.94
S005470,2026-09-05,C0721,P024,ST018,4,4209.53,0.05,2998.79
S005471,2026-04-21,C0438,P076,ST017,1,8803.3,0.05,6054.39
S005472,2025-03-05,C0616,P033,ST003,5,14839.09,0.05,9814.74
S005473,2025-12-28,C0940,P010,ST006,5,1961.49,0.05,1595.73
S005474,2025-02-24,C0435,P024,ST023,3,4812.98,0.1,2998.79
S005475,2026-09-06,C0272,P042,ST014,7,11635.42,0.02,8431.76
S005476,2025-07-17,C0010,P035,ST004,7,707.74,0.0,516.87
S005477,2026-04-10,C0325,P041,ST017,6,2581.01,0.0,2039.67
S005478,2025-08-18,C0489,P075,ST012,4,864.72,0.05,738.97
S005479,2026-10-13,C0319,P045,ST021,8,5273.86,0.0,3792.77
S005480,2026-09-05,C0460,P052,ST014,3,11658.41,0.15,8471.56
S005481,2025-02-08,C0536,P020,ST009,3,8567.04,0.0,5381.43
S005482,2025-04-04,C0896,P070,ST016,1,11631.98,0.0,7620.88
S005483,2025-07-26,C0895,P017,ST007,3,8069.66,0.0,6820.68
S005484,2025-04-09,C0589,P063,ST011,5,4962.1,0.05,3844.99
S005485,2026-05-06,C0218,P089,ST020,8,12633.61,0.15,9447.14
S005486,2025-11-18,C0927,P021,ST008,8,4030.66,0.05,2771.37
S005487,2026-10-28,C0465,P044,ST024,4,7764.71,0.05,4727.0
S005488,2025-06-05,C0056,P082,ST003,1,17692.83,0.0,11120.16
S005489,2025-01-30,C0299,P011,ST018,4,12347.52,0.15,8103.73
S005490,2025-05-05,C0497,P016,ST021,1,8559.1,0.0,6754.56
S005491,2025-03-09,C0445,P038,ST024,3,8968.58,0.02,5677.06
S005492,2026-11-23,C0028,P071,ST018,8,8215.94,0.1,7113.15
S005493,2025-06-28,C0360,P028,ST011,2,10664.2,0.05,8027.52
S005494,2025-10-26,C0557,P034,ST020,3,3127.12,0.02,2211.93
S005495,2025-09-27,C0673,P081,ST024,8,3680.84,0.02,2254.47
S005496,2026-03-27,C0070,P060,ST011,1,17007.68,0.02,10855.58
S005497,2026-05-07,C0093,P042,ST022,3,11925.24,0.05,8431.76
S005498,2025-01-09,C0478,P087,ST007,7,16947.29,0.02,11513.07
S005499,2025-09-24,C0947,P029,ST018,8,8766.07,0.05,6795.13
S005500,2026-09-05,C0431,P009,ST006,1,2772.39,0.02,1892.61
S005501,2025-12-30,C0679,P049,ST016,1,2049.79,0.05,1636.57
S005502,2025-01-31,C0494,P020,ST007,4,6195.1,0.0,5381.43
S005503,2026-06-30,C0213,P080,ST017,1,10162.15,0.02,7154.82
S005504,2026-02-24,C0668,P086,ST002,7,652.79,0.05,517.95
S005505,2025-09-25,C0486,P003,ST007,1,11141.8,0.0,9496.36
S005506,2025-02-24,C0117,P082,ST019,1,13608.78,0.0,11120.16
S005507,2026-07-25,C0440,P075,ST009,3,873.82,0.02,738.97
S005508,2026-02-09,C0439,P079,ST022,2,1957.95,0.0,1464.98
S005509,2026-07-18,C0411,P063,ST013,6,4563.91,0.0,3844.99
S005510,2025-12-16,C0885,P072,ST016,6,11659.71,0.1,7885.7
S005511,2025-03-07,C0446,P007,ST014,2,6946.39,0.05,5642.26
S005512,2026-06-06,C0352,P002,ST017,1,396.33,0.02,336.51
S005513,2025-06-08,C0674,P016,ST015,6,9038.38,0.05,6754.56
S005514,2025-03-19,C0769,P033,ST005,6,13374.33,0.02,9814.74
S005515,2026-03-19,C0444,P013,ST006,4,10889.12,0.02,6891.52
S005516,2025-01-12,C0003,P061,ST022,5,7170.18,0.02,5605.37
S005517,2025-10-16,C0352,P073,ST017,3,1985.25,0.0,1242.22
S005518,2026-05-27,C0692,P039,ST010,8,2797.54,0.05,2144.94
S005519,2025-02-26,C0437,P058,ST024,1,4416.0,0.05,3448.84
S005520,2025-04-30,C0868,P017,ST006,1,8956.68,0.0,6820.68
S005521,2026-12-17,C0760,P070,ST011,8,10738.93,0.05,7620.88
S005522,2026-01-03,C0530,P087,ST006,6,13856.19,0.0,11513.07
S005523,2025-05-29,C0096,P044,ST021,1,6509.8,0.05,4727.0
S005524,2025-08-06,C0122,P037,ST024,5,10532.05,0.1,8737.72
S005525,2026-03-04,C0519,P073,ST015,5,1934.92,0.0,1242.22
S005526,2026-06-11,C0148,P049,ST007,8,2605.94,0.1,1636.57
S005527,2025-01-05,C0439,P054,ST025,3,18023.09,0.0,11637.82
S005528,2026-01-10,C0740,P002,ST015,7,484.1,0.02,336.51
S005529,2025-04-08,C0566,P083,ST017,2,9240.0,0.05,7077.47
S005530,2025-04-26,C0813,P029,ST005,6,9821.83,0.0,6795.13
S005531,2026-04-12,C0987,P081,ST011,1,3022.12,0.02,2254.47
S005532,2025-09-21,C0342,P071,ST004,4,10930.65,0.02,7113.15
S005533,2025-03-17,C0891,P040,ST016,8,7606.39,0.0,6137.28
S005534,2026-09-30,C0429,P019,ST009,8,918.1,0.05,612.11
S005535,2026-10-06,C0138,P027,ST010,2,5044.43,0.05,3699.73
S005536,2026-11-30,C0783,P012,ST017,6,7326.04,0.0,5785.38
S005537,2026-06-20,C0954,P088,ST001,8,7999.91,0.1,5917.07
S005538,2026-09-02,C0161,P090,ST020,1,1488.06,0.1,1222.08
S005539,2026-11-25,C0143,P007,ST005,7,7659.54,0.02,5642.26
S005540,2025-05-16,C0239,P035,ST009,7,842.46,0.0,516.87
S005541,2025-11-21,C0815,P074,ST024,2,6059.4,0.05,5135.74
S005542,2026-10-09,C0558,P034,ST014,1,3377.23,0.0,2211.93
S005543,2026-01-14,C0076,P057,ST020,7,6424.16,0.1,5530.0
S005544,2025-12-26,C0149,P082,ST012,7,16614.42,0.0,11120.16
S005545,2025-02-15,C0851,P087,ST014,6,14082.2,0.0,11513.07
S005546,2026-11-05,C0161,P039,ST019,7,2639.08,0.0,2144.94
S005547,2025-03-23,C0347,P088,ST010,4,8947.31,0.0,5917.07
S005548,2025-08-14,C0608,P029,ST011,5,10886.39,0.05,6795.13
S005549,2026-09-04,C0651,P037,ST004,7,11101.26,0.15,8737.72
S005550,2025-01-01,C0465,P001,ST023,7,3019.59,0.1,2598.92
S005551,2026-09-28,C0980,P059,ST023,5,2195.56,0.1,1382.59
S005552,2025-03-26,C0192,P078,ST005,8,3098.59,0.0,1948.16
S005553,2026-01-05,C0821,P031,ST010,2,12844.78,0.1,8055.68
S005554,2025-12-30,C0176,P038,ST006,5,8044.49,0.02,5677.06
S005555,2026-11-04,C0218,P059,ST018,6,1830.67,0.1,1382.59
S005556,2025-07-20,C0359,P010,ST009,4,2611.33,0.1,1595.73
S005557,2026-12-22,C0877,P028,ST018,6,11808.56,0.02,8027.52
S005558,2026-04-04,C0034,P030,ST022,3,13283.59,0.1,9460.8
S005559,2025-12-01,C0240,P010,ST019,4,2251.32,0.02,1595.73
S005560,2025-08-09,C0001,P050,ST011,8,18507.01,0.1,11552.3
S005561,2025-03-13,C0550,P076,ST011,3,8511.7,0.0,6054.39
S005562,2026-06-02,C0166,P058,ST012,2,5511.09,0.05,3448.84
S005563,2025-03-26,C0054,P051,ST025,7,15174.67,0.0,10925.82
S005564,2025-03-03,C0921,P009,ST023,3,2363.18,0.02,1892.61
S005565,2025-11-19,C0290,P046,ST021,3,11648.16,0.0,7655.82
S005566,2025-01-28,C0575,P040,ST018,5,7697.74,0.02,6137.28
S005567,2026-10-16,C0443,P026,ST001,8,4594.99,0.0,3556.26
S005568,2026-03-29,C0666,P073,ST002,6,1964.56,0.1,1242.22
S005569,2025-08-04,C0985,P037,ST013,6,13511.44,0.02,8737.72
S005570,2026-03-04,C0996,P050,ST008,6,15064.81,0.05,11552.3
S005571,2025-03-11,C0143,P085,ST004,5,10736.11,0.05,7193.26
S005572,2025-09-06,C0083,P062,ST018,6,3431.63,0.02,2627.77
S005573,2026-11-11,C0144,P073,ST003,6,1511.95,0.05,1242.22
S005574,2026-09-20,C0908,P021,ST021,1,4569.2,0.0,2771.37
S005575,2026-06-27,C0122,P051,ST022,6,14411.7,0.02,10925.82
S005576,2026-11-30,C0851,P048,ST016,6,1856.17,0.05,1279.89
S005577,2025-10-20,C0075,P005,ST018,4,10589.62,0.0,8535.69
S005578,2025-03-27,C0855,P001,ST024,4,3624.74,0.0,2598.92
S005579,2025-11-10,C0200,P001,ST022,6,4044.06,0.0,2598.92
S005580,2025-03-02,C0821,P036,ST013,3,2011.86,0.0,1308.06
S005581,2025-03-19,C0331,P044,ST009,3,7412.46,0.0,4727.0
S005582,2026-04-02,C0685,P005,ST022,2,13209.7,0.1,8535.69
S005583,2025-08-28,C0455,P008,ST002,2,11023.81,0.05,6932.71
S005584,2026-07-29,C0469,P029,ST021,7,8832.68,0.15,6795.13
S005585,2025-05-22,C0084,P080,ST022,8,11565.36,0.0,7154.82
S005586,2026-09-17,C0926,P028,ST022,2,10673.28,0.02,8027.52
S005587,2025-06-08,C0653,P040,ST006,1,7514.07,0.02,6137.28
S005588,2026-01-05,C0368,P076,ST024,6,8720.69,0.05,6054.39
S005589,2025-03-07,C0228,P061,ST020,5,7853.46,0.02,5605.37
S005590,2025-06-26,C0067,P060,ST002,8,12980.21,0.15,10855.58
S005591,2026-05-29,C0255,P066,ST001,6,16528.68,0.05,10315.22
S005592,2025-07-29,C0029,P036,ST009,1,1898.77,0.0,1308.06
S005593,2026-01-19,C0276,P088,ST001,8,6836.68,0.02,5917.07
S005594,2026-04-07,C0178,P075,ST018,7,860.41,0.02,738.97
S005595,2026-07-10,C0026,P089,ST006,2,14264.66,0.02,9447.14
S005596,2025-02-27,C0817,P034,ST018,2,3489.65,0.1,2211.93
S005597,2026-06-30,C0245,P022,ST006,4,6903.96,0.05,5050.21
S005598,2026-12-05,C0856,P002,ST011,3,417.07,0.02,336.51
S005599,2026-06-14,C0394,P045,ST015,2,5402.44,0.05,3792.77
S005600,2026-06-22,C0096,P008,ST021,4,8028.3,0.0,6932.71
S005601,2025-08-26,C0835,P082,ST009,2,14308.68,0.05,11120.16
S005602,2025-10-05,C0744,P007,ST011,4,7302.55,0.0,5642.26
S005603,2026-07-08,C0876,P033,ST005,5,14442.01,0.1,9814.74
S005604,2025-05-03,C0262,P030,ST025,2,15128.54,0.05,9460.8
S005605,2025-12-12,C0476,P081,ST019,5,3429.57,0.02,2254.47
S005606,2026-05-01,C0949,P010,ST011,6,1892.29,0.05,1595.73
S005607,2025-09-02,C0668,P047,ST003,7,6588.2,0.02,4501.3
S005608,2025-03-06,C0555,P053,ST024,6,4302.4,0.0,3373.97
S005609,2025-01-25,C0002,P051,ST013,6,14487.11,0.05,10925.82
S005610,2026-11-06,C0928,P009,ST019,6,2487.21,0.02,1892.61
S005611,2025-09-30,C0317,P040,ST022,5,8662.99,0.0,6137.28
S005612,2025-07-03,C0595,P073,ST001,8,2030.58,0.05,1242.22
S005613,2025-10-01,C0663,P074,ST023,2,8148.1,0.1,5135.74
S005614,2026-11-25,C0225,P014,ST017,2,10827.67,0.05,9238.74
S005615,2026-06-28,C0809,P090,ST024,5,1913.17,0.02,1222.08
S005616,2026-09-15,C0463,P055,ST023,6,10917.1,0.05,9400.32
S005617,2026-03-02,C0105,P016,ST017,6,9792.32,0.05,6754.56
S005618,2026-04-10,C0814,P021,ST001,3,4315.68,0.0,2771.37
S005619,2025-03-22,C0582,P045,ST010,8,6070.48,0.0,3792.77
S005620,2026-08-11,C0765,P032,ST022,8,8176.52,0.0,5025.05
S005621,2026-02-12,C0671,P045,ST005,8,4960.21,0.02,3792.77
S005622,2026-10-20,C0998,P074,ST010,4,7519.37,0.15,5135.74
S005623,2025-11-02,C0761,P025,ST010,2,1363.79,0.0,935.06
S005624,2025-07-26,C0143,P083,ST002,3,10053.32,0.05,7077.47
S005625,2025-02-17,C0353,P071,ST014,2,10811.99,0.05,7113.15
S005626,2026-12-01,C0017,P068,ST006,4,11175.75,0.02,8703.69
S005627,2026-05-08,C0841,P029,ST024,2,10620.44,0.15,6795.13
S005628,2025-04-28,C0819,P027,ST011,2,5273.4,0.02,3699.73
S005629,2026-04-20,C0189,P061,ST016,3,7119.06,0.1,5605.37
S005630,2026-08-13,C0217,P046,ST018,1,11977.04,0.02,7655.82
S005631,2025-05-02,C0508,P029,ST013,4,8472.17,0.05,6795.13
S005632,2025-02-03,C0225,P061,ST016,8,8649.72,0.05,5605.37
S005633,2025-04-29,C0776,P065,ST022,2,3743.12,0.02,2327.08
S005634,2025-12-07,C0120,P023,ST016,5,12361.58,0.05,10277.49
S005635,2026-12-25,C0307,P061,ST025,5,6832.55,0.02,5605.37
S005636,2025-06-03,C0167,P005,ST007,5,13158.19,0.05,8535.69
S005637,2025-04-19,C0186,P040,ST016,6,9014.99,0.02,6137.28
S005638,2025-05-07,C0295,P020,ST004,6,7207.18,0.0,5381.43
S005639,2026-08-16,C0581,P027,ST013,1,4341.76,0.1,3699.73
S005640,2026-06-20,C0467,P063,ST022,1,4678.13,0.1,3844.99
S005641,2025-04-20,C0559,P070,ST014,4,9984.52,0.02,7620.88
S005642,2026-10-07,C0651,P026,ST003,7,4836.67,0.1,3556.26
S005643,2026-06-17,C0924,P079,ST016,4,2024.12,0.0,1464.98
S005644,2025-03-02,C0916,P054,ST018,2,17532.26,0.0,11637.82
S005645,2025-05-24,C0374,P029,ST006,2,8667.75,0.05,6795.13
S005646,2026-07-25,C0799,P050,ST024,8,17196.41,0.05,11552.3
S005647,2025-07-30,C0545,P010,ST016,4,2514.46,0.0,1595.73
S005648,2026-01-10,C0121,P040,ST004,5,9657.06,0.0,6137.28
S005649,2026-03-06,C0257,P031,ST022,3,13102.69,0.02,8055.68
S005650,2025-12-06,C0599,P071,ST007,8,9120.42,0.0,7113.15
S005651,2025-04-06,C0894,P051,ST024,3,17299.64,0.05,10925.82
S005652,2026-12-07,C0470,P049,ST010,4,2017.9,0.02,1636.57
S005653,2025-06-01,C0853,P089,ST021,4,15409.13,0.0,9447.14
S005654,2026-12-03,C0499,P038,ST021,2,8275.12,0.1,5677.06
S005655,2026-06-13,C0039,P078,ST022,7,2728.56,0.0,1948.16
S005656,2025-09-24,C0555,P001,ST023,3,4039.67,0.02,2598.92
S005657,2025-09-13,C0994,P079,ST018,8,2140.4,0.05,1464.98
S005658,2025-08-07,C0959,P089,ST023,2,14082.95,0.02,9447.14
S005659,2025-04-30,C0146,P015,ST008,2,10151.7,0.05,7707.94
S005660,2026-03-04,C0277,P019,ST003,1,938.74,0.0,612.11
S005661,2026-07-15,C0148,P022,ST007,8,7033.28,0.05,5050.21
S005662,2025-09-07,C0676,P077,ST025,2,5123.66,0.05,4125.87
S005663,2025-12-19,C0029,P020,ST007,7,8271.46,0.05,5381.43
S005664,2025-01-03,C0364,P046,ST013,1,11811.3,0.0,7655.82
S005665,2025-11-06,C0818,P076,ST012,1,8111.88,0.05,6054.39
S005666,2025-06-28,C0662,P039,ST009,4,2931.87,0.02,2144.94
S005667,2026-03-10,C0581,P032,ST013,1,6572.89,0.02,5025.05
S005668,2025-07-07,C0393,P026,ST007,5,5211.95,0.15,3556.26
S005669,2025-12-20,C0394,P067,ST016,5,14020.83,0.02,9162.6
S005670,2025-03-13,C0840,P071,ST001,8,8999.44,0.1,7113.15
S005671,2025-02-01,C0107,P067,ST017,5,12162.41,0.05,9162.6
S005672,2025-12-11,C0005,P090,ST012,5,1450.5,0.0,1222.08
S005673,2026-11-05,C0426,P068,ST019,4,13122.72,0.05,8703.69
S005674,2026-10-12,C0951,P026,ST005,5,5252.39,0.1,3556.26
S005675,2026-12-09,C0198,P070,ST020,5,10775.33,0.05,7620.88
S005676,2026-01-27,C0688,P045,ST003,5,4713.4,0.0,3792.77
S005677,2025-03-10,C0760,P019,ST013,3,748.96,0.0,612.11
S005678,2025-11-06,C0851,P082,ST015,5,17127.46,0.0,11120.16
S005679,2025-07-11,C0847,P002,ST008,2,392.37,0.02,336.51
S005680,2025-01-03,C0108,P038,ST009,7,7993.83,0.0,5677.06
S005681,2025-01-02,C1000,P046,ST021,7,10978.26,0.05,7655.82
S005682,2025-09-14,C0564,P077,ST024,8,5474.98,0.02,4125.87
S005683,2026-05-21,C0782,P058,ST022,5,5332.19,0.02,3448.84
S005684,2026-12-07,C0620,P090,ST010,4,1483.39,0.02,1222.08
S005685,2025-01-04,C0699,P062,ST008,6,4253.53,0.0,2627.77
S005686,2026-05-04,C0476,P032,ST021,4,7104.01,0.0,5025.05
S005687,2026-11-23,C0997,P060,ST013,6,16014.38,0.0,10855.58
S005688,2025-08-18,C0343,P082,ST015,8,12927.51,0.0,11120.16
S005689,2025-01-15,C0473,P014,ST024,5,12722.19,0.05,9238.74
S005690,2025-10-18,C0600,P072,ST006,6,12776.45,0.02,7885.7
S005691,2025-11-30,C0166,P087,ST013,5,18698.44,0.1,11513.07
S005692,2025-04-04,C0964,P087,ST025,1,16564.81,0.05,11513.07
S005693,2026-04-14,C0925,P054,ST008,6,14137.7,0.1,11637.82
S005694,2025-07-07,C0988,P082,ST018,1,13462.74,0.05,11120.16
S005695,2025-04-15,C0638,P057,ST003,3,7505.95,0.05,5530.0
S005696,2026-06-10,C0145,P017,ST016,3,10598.11,0.0,6820.68
S005697,2025-06-24,C0968,P056,ST008,8,12059.91,0.05,8673.46
S005698,2025-06-30,C0260,P005,ST012,4,9893.94,0.05,8535.69
S005699,2025-08-27,C0377,P078,ST009,6,3002.34,0.05,1948.16
S005700,2025-03-06,C0819,P048,ST013,6,1624.05,0.02,1279.89
S005701,2025-01-07,C0420,P022,ST010,8,7569.09,0.02,5050.21
S005702,2025-12-25,C0980,P043,ST025,6,7531.92,0.02,5492.34
S005703,2026-09-06,C0425,P039,ST015,5,3025.49,0.05,2144.94
S005704,2025-06-12,C0380,P052,ST023,3,10663.12,0.02,8471.56
S005705,2026-07-13,C0190,P069,ST007,5,6890.41,0.15,5327.09
S005706,2026-04-12,C0638,P035,ST003,2,808.73,0.05,516.87
S005707,2026-07-15,C0985,P022,ST013,1,6122.16,0.02,5050.21
S005708,2026-08-15,C0825,P028,ST022,7,11759.88,0.0,8027.52
S005709,2025-05-20,C0551,P077,ST009,2,6416.96,0.0,4125.87
S005710,2026-06-11,C0927,P057,ST006,2,7278.29,0.05,5530.0
S005711,2026-12-03,C0669,P058,ST011,2,5459.65,0.0,3448.84
S005712,2026-02-08,C0134,P008,ST016,6,10900.44,0.1,6932.71
S005713,2026-01-29,C0364,P067,ST010,3,11997.85,0.0,9162.6
S005714,2025-10-13,C0257,P041,ST022,2,2619.56,0.0,2039.67
S005715,2026-10-23,C0802,P019,ST022,6,966.93,0.02,612.11
S005716,2026-08-22,C0734,P012,ST009,3,6704.59,0.05,5785.38
S005717,2025-06-24,C0352,P042,ST016,3,12762.56,0.02,8431.76
S005718,2026-10-19,C0055,P044,ST003,8,7763.25,0.05,4727.0
S005719,2025-02-26,C0904,P046,ST020,8,12295.51,0.05,7655.82
S005720,2025-06-22,C0556,P034,ST011,6,3109.82,0.0,2211.93
S005721,2025-11-26,C0111,P001,ST017,2,3191.45,0.0,2598.92
S005722,2025-06-10,C0896,P078,ST014,1,2588.53,0.05,1948.16
S005723,2026-03-28,C0181,P067,ST022,8,13725.2,0.05,9162.6
S005724,2026-12-06,C0440,P011,ST007,3,11190.75,0.05,8103.73
S005725,2026-04-24,C0674,P070,ST017,6,11557.45,0.0,7620.88
S005726,2026-04-04,C0356,P018,ST013,5,4426.24,0.1,3821.41
S005727,2026-05-20,C0386,P008,ST006,7,8644.18,0.05,6932.71
S005728,2026-04-30,C0243,P090,ST019,2,1854.5,0.02,1222.08
S005729,2026-06-22,C0352,P020,ST015,6,7322.06,0.0,5381.43
S005730,2026-02-08,C0737,P026,ST007,5,5738.63,0.05,3556.26
S005731,2026-06-20,C0004,P004,ST015,4,11484.5,0.05,8062.0
S005732,2026-07-03,C0545,P006,ST014,1,14676.8,0.05,9423.57
S005733,2025-07-07,C0090,P062,ST003,1,3797.02,0.1,2627.77
S005734,2026-01-20,C0236,P016,ST002,1,8472.12,0.1,6754.56
S005735,2026-12-04,C0429,P061,ST006,4,8725.35,0.0,5605.37
S005736,2026-07-31,C0004,P077,ST016,8,5832.8,0.0,4125.87
S005737,2026-05-10,C0024,P073,ST001,3,1754.32,0.02,1242.22
S005738,2026-10-23,C0704,P055,ST006,1,15035.42,0.0,9400.32
S005739,2025-06-17,C0833,P028,ST005,3,10795.25,0.05,8027.52
S005740,2025-02-16,C0520,P010,ST009,6,2005.65,0.02,1595.73
S005741,2026-05-21,C0037,P052,ST013,6,13163.4,0.0,8471.56
S005742,2025-05-17,C0093,P006,ST024,2,13919.9,0.0,9423.57
S005743,2026-11-28,C0913,P043,ST001,2,6746.64,0.05,5492.34
S005744,2025-09-11,C0643,P088,ST012,1,7484.51,0.02,5917.07
S005745,2025-10-15,C0363,P070,ST025,8,12442.75,0.02,7620.88
S005746,2025-09-04,C0378,P049,ST019,8,2484.46,0.02,1636.57
S005747,2026-10-27,C0358,P088,ST016,5,7831.61,0.02,5917.07
S005748,2025-04-22,C0979,P018,ST005,1,4607.95,0.02,3821.41
S005749,2026-11-08,C0273,P062,ST005,6,4133.75,0.05,2627.77
S005750,2025-09-21,C0425,P050,ST014,7,13867.49,0.05,11552.3
S005751,2025-05-12,C0057,P023,ST016,4,14569.36,0.02,10277.49
S005752,2025-02-06,C0659,P060,ST018,2,13458.98,0.15,10855.58
S005753,2025-05-11,C0289,P090,ST003,7,1789.93,0.0,1222.08
S005754,2026-06-10,C0875,P012,ST007,8,8741.37,0.05,5785.38
S005755,2026-11-07,C0216,P008,ST013,8,8026.54,0.02,6932.71
S005756,2026-12-31,C0386,P085,ST006,7,10918.58,0.05,7193.26
S005757,2025-08-18,C0119,P022,ST002,7,8279.76,0.0,5050.21
S005758,2025-03-10,C0974,P046,ST022,1,12104.73,0.05,7655.82
S005759,2026-11-21,C0178,P058,ST021,6,5226.39,0.0,3448.84
S005760,2026-07-16,C0949,P076,ST013,6,7574.3,0.0,6054.39
S005761,2026-12-04,C0350,P080,ST014,3,9308.59,0.05,7154.82
S005762,2026-08-05,C0003,P026,ST025,3,5582.61,0.0,3556.26
S005763,2026-05-08,C0704,P001,ST009,5,3178.5,0.0,2598.92
S005764,2025-01-17,C0518,P056,ST006,8,10341.55,0.1,8673.46
S005765,2025-05-01,C0358,P016,ST017,1,8423.56,0.05,6754.56
S005766,2025-07-31,C0764,P007,ST013,3,6641.88,0.0,5642.26
S005767,2025-11-03,C0973,P009,ST016,5,2756.52,0.05,1892.61
S005768,2026-01-27,C0137,P007,ST006,4,7795.9,0.05,5642.26
S005769,2026-07-02,C0097,P037,ST012,1,13082.4,0.05,8737.72
S005770,2025-04-01,C0719,P090,ST007,6,1940.23,0.1,1222.08
S005771,2025-08-05,C0176,P017,ST008,5,10275.49,0.15,6820.68
S005772,2026-11-08,C0454,P033,ST014,8,11889.18,0.05,9814.74
S005773,2026-06-29,C0298,P001,ST013,8,3188.19,0.0,2598.92
S005774,2025-05-21,C0930,P021,ST009,8,4422.76,0.15,2771.37
S005775,2026-02-07,C0045,P084,ST021,1,5530.18,0.1,4325.72
S005776,2025-05-25,C0471,P029,ST013,6,9723.52,0.0,6795.13
S005777,2025-01-21,C0393,P068,ST008,7,11573.23,0.05,8703.69
S005778,2026-01-24,C0412,P081,ST005,4,3356.8,0.02,2254.47
S005779,2025-09-25,C0328,P044,ST024,6,7439.56,0.1,4727.0
S005780,2026-12-04,C0751,P049,ST006,5,2317.93,0.05,1636.57
S005781,2025-10-24,C0518,P020,ST006,1,8194.73,0.0,5381.43
S005782,2025-01-25,C0582,P022,ST012,2,5975.78,0.02,5050.21
S005783,2026-08-09,C0698,P033,ST022,8,11337.53,0.02,9814.74
S005784,2026-11-03,C0189,P050,ST017,3,13422.22,0.0,11552.3
S005785,2026-09-15,C0920,P059,ST018,8,2212.94,0.05,1382.59
S005786,2025-06-02,C0367,P062,ST008,4,3406.32,0.05,2627.77
S005787,2025-09-09,C0590,P013,ST013,5,8947.19,0.02,6891.52
S005788,2025-05-28,C0590,P066,ST010,8,13213.43,0.0,10315.22
S005789,2026-08-12,C0993,P034,ST001,6,3608.83,0.05,2211.93
S005790,2026-05-08,C0112,P083,ST024,8,11106.95,0.0,7077.47
S005791,2026-07-04,C0122,P065,ST024,1,3210.37,0.0,2327.08
S005792,2026-07-26,C0822,P047,ST013,4,7353.84,0.0,4501.3
S005793,2025-05-24,C0324,P067,ST009,8,12521.95,0.05,9162.6
S005794,2026-02-22,C0738,P049,ST008,5,2143.17,0.05,1636.57
S005795,2025-04-06,C0577,P072,ST014,7,11027.25,0.0,7885.7
S005796,2026-04-23,C0157,P023,ST024,3,14909.44,0.05,10277.49
S005797,2025-04-26,C0867,P054,ST024,1,16999.6,0.02,11637.82
S005798,2026-06-17,C0606,P030,ST011,4,13025.82,0.1,9460.8
S005799,2026-11-21,C0281,P010,ST015,7,2595.66,0.0,1595.73
S005800,2026-01-18,C0955,P016,ST017,8,9661.43,0.0,6754.56
S005801,2026-06-29,C0665,P002,ST001,1,518.74,0.1,336.51
S005802,2025-10-11,C0189,P061,ST016,4,7852.35,0.02,5605.37
S005803,2026-12-05,C0650,P084,ST014,7,5272.58,0.05,4325.72
S005804,2025-11-17,C0040,P042,ST020,8,13658.98,0.0,8431.76
S005805,2026-05-13,C0438,P072,ST014,8,10956.28,0.15,7885.7
S005806,2025-12-06,C0228,P079,ST021,5,1768.94,0.0,1464.98
S005807,2025-03-06,C0125,P065,ST022,6,2808.66,0.1,2327.08
S005808,2026-03-23,C0287,P063,ST005,5,4870.59,0.02,3844.99
S005809,2026-11-05,C0637,P031,ST015,1,10899.55,0.05,8055.68
S005810,2026-01-05,C0550,P021,ST013,8,3255.86,0.0,2771.37
S005811,2026-01-07,C0671,P011,ST005,3,10130.21,0.0,8103.73
S005812,2026-01-19,C0279,P011,ST005,5,12213.35,0.02,8103.73
S005813,2026-07-16,C0552,P018,ST025,7,4878.38,0.05,3821.41
S005814,2026-01-11,C0185,P066,ST022,8,15558.48,0.05,10315.22
S005815,2026-03-19,C0939,P033,ST014,7,15777.8,0.05,9814.74
S005816,2025-01-16,C0113,P010,ST013,1,2080.91,0.05,1595.73
S005817,2025-04-15,C0818,P059,ST013,1,2228.53,0.0,1382.59
S005818,2025-01-05,C0304,P081,ST005,8,3418.78,0.02,2254.47
S005819,2026-04-04,C0827,P006,ST022,4,11568.19,0.0,9423.57
S005820,2025-02-25,C0702,P079,ST019,5,1996.8,0.05,1464.98
S005821,2026-02-01,C0174,P008,ST008,4,10629.27,0.02,6932.71
S005822,2025-10-17,C0987,P010,ST011,7,2466.16,0.05,1595.73
S005823,2025-11-14,C0339,P082,ST015,2,14859.52,0.0,11120.16
S005824,2026-03-07,C0816,P033,ST023,3,15168.21,0.15,9814.74
S005825,2025-08-01,C0716,P031,ST010,3,11178.67,0.05,8055.68
S005826,2025-05-05,C0320,P029,ST015,4,9639.14,0.0,6795.13
S005827,2026-04-08,C0052,P020,ST001,7,6936.83,0.0,5381.43
S005828,2026-08-10,C0437,P072,ST024,6,12035.19,0.02,7885.7
S005829,2025-10-04,C0214,P068,ST015,7,12793.99,0.05,8703.69
S005830,2026-10-12,C0093,P018,ST024,4,6093.16,0.0,3821.41
S005831,2026-09-21,C0026,P062,ST008,8,3099.51,0.1,2627.77
S005832,2026-10-21,C0218,P035,ST018,7,824.21,0.05,516.87
S005833,2025-02-02,C0237,P087,ST024,1,16193.88,0.02,11513.07
S005834,2026-11-07,C0095,P060,ST024,2,16024.82,0.0,10855.58
S005835,2026-06-15,C0718,P021,ST024,1,3513.05,0.0,2771.37
S005836,2025-03-06,C0164,P039,ST012,5,2776.8,0.05,2144.94
S005837,2026-11-27,C0364,P065,ST011,7,2834.13,0.0,2327.08
S005838,2026-06-02,C0856,P021,ST010,6,3429.54,0.05,2771.37
S005839,2026-08-01,C0906,P006,ST009,5,14398.3,0.02,9423.57
S005840,2025-06-16,C0526,P045,ST019,2,4537.41,0.0,3792.77
S005841,2026-04-25,C0433,P077,ST012,4,5074.95,0.0,4125.87
S005842,2026-07-12,C0225,P024,ST017,7,4222.07,0.05,2998.79
S005843,2025-05-30,C0570,P054,ST010,2,17030.37,0.02,11637.82
S005844,2026-03-11,C0239,P063,ST007,4,6295.71,0.0,3844.99
S005845,2026-08-16,C0187,P086,ST019,2,722.37,0.0,517.95
S005846,2026-02-18,C0746,P087,ST007,8,18885.38,0.0,11513.07
S005847,2025-10-24,C0808,P034,ST024,1,2791.07,0.0,2211.93
S005848,2026-03-28,C0607,P015,ST008,4,12580.89,0.0,7707.94
S005849,2025-04-17,C0414,P042,ST022,4,10704.65,0.05,8431.76
S005850,2025-04-09,C0843,P064,ST018,1,9560.75,0.02,7055.83
S005851,2025-12-29,C0939,P059,ST016,8,1778.97,0.0,1382.59
S005852,2026-08-30,C0185,P022,ST024,8,7188.17,0.0,5050.21
S005853,2025-10-12,C0702,P053,ST020,5,3910.94,0.05,3373.97
S005854,2025-09-26,C0709,P002,ST005,3,431.68,0.0,336.51
S005855,2026-04-10,C0630,P027,ST017,7,4951.38,0.15,3699.73
S005856,2025-08-15,C0469,P039,ST019,4,2970.77,0.05,2144.94
S005857,2026-10-12,C0625,P090,ST023,8,1686.56,,1222.08
S005858,2025-12-21,C0819,P024,ST010,6,3993.44,0.02,2998.79
S005859,2025-03-12,C0525,P063,ST006,4,5093.74,0.0,3844.99
S005860,2025-07-04,C0233,P032,ST009,2,7626.28,0.05,5025.05
S005861,2026-02-26,C0425,P035,ST014,3,822.88,0.05,516.87
S005862,2026-10-12,C0685,P074,ST022,7,7762.09,0.0,5135.74
S005863,2026-10-02,C0110,P014,ST013,7,13643.66,0.15,9238.74
S005864,2026-08-14,C0135,P073,ST021,5,1878.24,0.1,1242.22
S005865,2025-04-21,C0368,P019,ST022,6,1004.27,0.1,612.11
S005866,2026-12-19,C0622,P049,ST002,7,1944.27,0.0,1636.57
S005867,2026-09-29,C0814,P046,ST003,5,11289.16,0.02,7655.82
S005868,2026-12-06,C0802,P088,ST024,5,8158.6,0.05,5917.07
S005869,2025-04-26,C0113,P058,ST013,6,4763.57,0.02,3448.84
S005870,2026-08-09,C0564,P040,ST024,8,8355.85,0.05,6137.28
S005871,2025-11-27,C0209,P002,ST016,1,422.41,0.0,336.51
S005872,2025-12-14,C0228,P006,ST018,6,13793.2,0.02,9423.57
S005873,2026-09-07,C0365,P036,ST013,3,2114.12,0.05,1308.06
S005874,2026-10-10,C0282,P004,ST003,8,12573.23,0.0,8062.0
S005875,2025-09-08,C0529,P030,ST009,6,13358.17,0.0,9460.8
S005876,2026-06-17,C0228,P079,ST020,4,2172.53,0.02,1464.98
S005877,2026-05-17,C0804,P056,ST007,2,10740.64,0.02,8673.46
S005878,2026-12-31,C0366,P022,ST020,2,8018.45,0.1,5050.21
S005879,2025-06-14,C0886,P032,ST009,7,7330.93,0.0,5025.05
S005880,2025-03-08,C0500,P020,ST025,2,7997.66,0.1,5381.43
S005881,2025-06-16,C0830,P070,ST003,5,9435.44,0.1,7620.88
S005882,2026-08-30,C0577,P016,ST017,5,10035.29,0.0,6754.56
S005883,2026-02-23,C0686,P040,ST001,5,9876.88,0.02,6137.28
S005884,2026-06-27,C0264,P050,ST003,2,18688.7,0.0,11552.3
S005885,2025-07-26,C0756,P017,ST023,6,8608.45,0.02,6820.68
S005886,2025-01-14,C0326,P048,ST019,8,1820.7,0.0,1279.89
S005887,2026-05-27,C0272,P036,ST016,4,2018.45,0.15,1308.06
S005888,2026-05-11,C0567,P002,ST021,3,459.94,0.02,336.51
S005889,2026-08-20,C0582,P003,ST012,6,15610.88,0.1,9496.36
S005890,2025-06-30,C0049,P034,ST021,8,3419.59,0.0,2211.93
S005891,2026-06-18,C0580,P087,ST023,6,17778.07,0.0,11513.07
S005892,2026-04-04,C0592,P085,ST004,6,10290.9,0.0,7193.26
S005893,2026-08-13,C0696,P076,ST017,8,7362.66,0.02,6054.39
S005894,2026-09-03,C0038,P078,ST024,6,2476.27,0.1,1948.16
S005895,2026-04-16,C0460,P037,ST016,2,10954.44,0.0,8737.72
S005896,2026-06-18,C0084,P044,ST024,5,7536.89,0.0,4727.0
S005897,2025-06-11,C0361,P004,ST020,7,11906.43,0.05,8062.0
S005898,2025-09-15,C0948,P083,ST020,6,9776.37,0.0,7077.47
S005899,2025-10-21,C0560,P084,ST007,4,5715.74,0.0,4325.72
S005900,2026-03-02,C0106,P021,ST022,7,3758.5,0.1,2771.37
S005901,2025-04-26,C0452,P074,ST012,5,6293.61,0.0,5135.74
S005902,2025-04-06,C0169,P085,ST004,8,11178.84,0.0,7193.26
S005903,2026-07-08,C0166,P048,ST013,1,1538.18,0.0,1279.89
S005904,2026-03-20,C0070,P008,ST012,8,9371.13,0.05,6932.71
S005905,2025-03-25,C0677,P028,ST024,3,10581.14,0.05,8027.52
S005906,2025-03-06,C0520,P051,ST007,1,12948.17,0.05,10925.82
S005907,2025-04-05,C0817,P010,ST019,1,2110.8,0.0,1595.73
S005908,2026-08-04,C0360,P075,ST011,6,1092.12,0.02,738.97
S005909,2026-06-21,C0591,P038,ST007,6,7635.71,0.02,5677.06
S005910,2025-10-06,C0478,P083,ST006,1,9165.92,0.0,7077.47
S005911,2026-05-23,C0674,P039,ST016,8,2560.63,0.0,2144.94
S005912,2026-05-06,C0152,P018,ST005,1,5872.45,0.0,3821.41
S005913,2026-06-01,C0845,P034,ST005,1,3561.01,0.15,2211.93
S005914,2025-08-02,C0440,P042,ST006,2,11796.5,0.02,8431.76
S005915,2025-03-17,C0862,P002,ST012,8,410.71,0.02,336.51
S005916,2025-04-04,C0567,P058,ST021,8,4351.33,0.05,3448.84
S005917,2025-02-13,C0390,P003,ST006,5,11939.93,0.1,9496.36
S005918,2026-04-20,C0946,P050,ST018,1,14409.87,0.0,11552.3
S005919,2025-08-20,C0039,P008,ST023,4,8969.9,0.05,6932.71
S005920,2026-07-03,C0180,P081,ST022,7,3348.76,0.0,2254.47
S005921,2025-10-21,C0081,P042,ST006,6,13184.2,0.02,8431.76
S005922,2026-01-23,C0922,P068,ST015,2,13741.88,0.1,8703.69
S005923,2026-01-25,C0637,P088,ST016,6,8873.48,0.0,5917.07
S005924,2025-10-27,C0270,P059,ST023,5,2195.51,0.1,1382.59
S005925,2026-11-04,C0939,P078,ST015,8,2994.0,0.0,1948.16
S005926,2026-08-07,C0471,P082,ST011,4,17166.51,0.05,11120.16
S005927,2026-10-30,C0702,P087,ST021,1,17797.54,0.05,11513.07
S005928,2026-02-09,C0615,P006,ST020,4,15358.51,0.05,9423.57
S005929,2025-08-13,C0187,P030,ST019,3,14961.82,0.1,9460.8
S005930,2025-12-21,C0999,P079,ST001,6,2220.06,0.0,1464.98
S005931,2025-05-28,C0187,P032,ST019,5,5807.08,0.1,5025.05
S005932,2026-09-24,C0485,P065,ST022,2,3375.43,0.05,2327.08
S005933,2026-10-12,C0045,P064,ST020,6,8403.3,0.1,7055.83
S005934,2026-02-08,C0979,P021,ST001,7,3235.22,0.05,2771.37
S005935,2025-03-04,C0344,P087,ST007,3,13771.12,0.0,11513.07
S005936,2025-02-16,C0746,P013,ST007,6,10431.13,0.02,6891.52
S005937,2025-01-03,C0990,P041,ST022,5,3128.32,0.02,2039.67
S005938,2025-04-08,C0604,P060,ST005,4,16341.55,0.0,10855.58
S005939,2025-11-01,C0318,P039,ST013,1,2751.82,0.0,2144.94
S005940,2026-06-29,C0356,P088,ST010,4,7425.56,0.05,5917.07
S005941,2025-03-19,C0525,P038,ST009,7,7598.39,0.05,5677.06
S005942,2026-02-12,C0659,P060,ST018,7,15322.68,0.02,10855.58
S005943,2025-08-01,C0551,P040,ST006,4,7429.26,0.0,6137.28
S005944,2026-09-30,C0689,P024,ST025,5,4822.33,0.0,2998.79
S005945,2025-02-28,C0685,P066,ST022,6,13815.52,0.0,10315.22
S005946,2026-07-21,C0020,P014,ST019,7,11370.83,0.0,9238.74
S005947,2025-03-28,C0847,P079,ST007,3,1996.54,0.05,1464.98
S005948,2025-07-30,C0893,P079,ST013,7,2076.91,0.0,1464.98
S005949,2025-05-03,C0913,P023,ST004,5,13680.31,0.02,10277.49
S005950,2025-10-30,C0431,P033,ST007,6,11543.27,0.15,9814.74
S005951,2025-07-03,C0038,P031,ST022,1,13145.69,0.1,8055.68
S005952,2025-10-17,C0350,P082,ST017,1,18281.36,0.05,11120.16
S005953,2026-10-02,C0981,P025,ST018,6,1335.96,0.02,935.06
S005954,2026-08-21,C0723,P025,ST021,3,1276.08,0.05,935.06
S005955,2025-10-29,C0633,P088,ST016,7,7754.28,0.0,5917.07
S005956,2026-02-15,C0533,P090,ST024,1,1764.74,0.02,1222.08
S005957,2026-01-15,C0699,P018,ST009,6,4466.53,0.05,3821.41
S005958,2025-12-28,C0318,P084,ST010,8,6113.03,0.05,4325.72
S005959,2025-05-28,C0677,P080,ST022,6,9034.64,0.0,7154.82
S005960,2026-09-28,C0701,P090,ST005,5,1777.72,0.05,1222.08
S005961,2026-08-12,C0276,P016,ST003,7,9879.8,0.05,6754.56
S005962,2026-04-11,C0681,P076,ST004,2,7174.67,0.02,6054.39
S005963,2026-12-31,C0433,P070,ST010,7,12087.49,0.02,7620.88
S005964,2026-05-06,C0286,P062,ST019,5,3305.08,0.0,2627.77
S005965,2025-10-06,C0406,P038,ST013,8,8575.98,0.05,5677.06
S005966,2025-01-24,C0062,P065,ST024,6,2772.51,0.02,2327.08
S005967,2025-03-10,C0438,P045,ST016,6,5092.87,0.0,3792.77
S005968,2026-06-30,C0518,P029,ST009,3,8328.37,0.02,6795.13
S005969,2025-03-05,C0324,P043,ST006,4,8464.24,0.1,5492.34
S005970,2026-03-09,C0689,P010,ST025,8,2280.13,,1595.73
S005971,2026-03-26,C0647,P075,ST020,8,1183.24,0.02,738.97
S005972,2026-07-03,C0957,P049,ST002,4,1939.49,0.0,1636.57
S005973,2025-07-08,C0637,P002,ST014,5,449.93,0.05,336.51
S005974,2025-04-25,C0143,P087,ST004,5,17057.45,0.05,11513.07
S005975,2025-10-20,C0891,P023,ST017,7,16383.6,0.02,10277.49
S005976,2026-12-30,C0031,P055,ST007,5,14876.9,0.05,9400.32
S005977,2026-04-10,C0011,P088,ST023,1,7285.09,0.0,5917.07
S005978,2026-06-05,C0132,P088,ST004,2,6986.26,0.02,5917.07
S005979,2026-01-30,C0217,P001,ST020,2,4191.16,0.0,2598.92
S005980,2026-08-10,C0023,P018,ST002,4,6054.13,0.05,3821.41
S005981,2026-09-30,C0421,P061,ST001,8,7205.84,0.05,5605.37
S005982,2026-08-20,C0520,P084,ST007,2,6924.42,0.0,4325.72
S005983,2025-07-29,C0274,P064,ST022,4,10623.69,0.0,7055.83
S005984,2025-06-11,C0246,P059,ST023,3,2204.67,0.1,1382.59
S005985,2025-01-16,C0047,P043,ST007,4,8145.08,0.0,5492.34
S005986,2026-12-18,C0410,P003,ST012,4,12375.64,0.02,9496.36
S005987,2025-10-18,C0351,P063,ST019,5,5837.92,0.02,3844.99
S005988,2025-09-14,C0750,P065,ST020,1,3147.1,0.02,2327.08
S005989,2026-08-28,C0551,P063,ST009,4,5163.61,0.02,3844.99
S005990,2026-02-11,C0697,P074,ST020,6,7859.41,0.1,5135.74
S005991,2026-01-02,C0206,P017,ST019,5,8976.09,0.05,6820.68
S005992,2026-09-11,C0989,P071,ST014,3,9141.15,0.0,7113.15
S005993,2026-01-17,C0676,P039,ST025,2,2519.49,0.0,2144.94
S005994,2026-07-27,C0037,P020,ST013,7,6475.35,0.1,5381.43
S005995,2026-11-24,C0740,P082,ST017,3,15710.88,0.0,11120.16
S005996,2025-10-26,C0476,P087,ST018,5,13819.08,0.15,11513.07
S005997,2025-01-10,C0864,P025,ST001,5,1307.98,0.0,935.06
S005998,2026-03-26,C0982,P001,ST005,2,3727.31,0.0,2598.92
S005999,2025-09-25,C0583,P044,ST002,8,6691.81,0.0,4727.0
S006000,2026-08-11,C0018,P085,ST016,8,9034.32,0.05,7193.26
S006001,2026-12-19,C0395,P009,ST001,8,2282.78,0.02,1892.61
S006002,2025-05-05,C0395,P039,ST003,7,2591.31,0.02,2144.94
S006003,2025-04-01,C0433,P021,ST011,2,3201.85,0.0,2771.37
S006004,2025-03-12,C0391,P089,ST021,1,12727.93,0.02,9447.14
S006005,2025-12-02,C0547,P018,ST012,2,5144.22,0.15,3821.41
S006006,2025-12-31,C0089,P033,ST017,1,15333.22,0.0,9814.74
S006007,2026-06-09,C0759,P079,ST005,2,2135.79,0.0,1464.98
S006008,2026-01-24,C0265,P042,ST024,3,12904.35,0.02,8431.76
S006009,2026-02-15,C0225,P084,ST015,7,5249.97,0.05,4325.72
S006010,2026-12-20,C0695,P066,ST021,7,16608.06,0.05,10315.22
S006011,2025-07-23,C0061,P005,ST018,2,12371.48,0.05,8535.69
S006012,2026-02-02,C0584,P067,ST023,4,12770.18,0.1,9162.6
S006013,2026-10-07,C0390,P071,ST009,8,9758.64,0.02,7113.15
S006014,2026-03-20,C0505,P076,ST016,7,7332.32,0.1,6054.39
S006015,2025-04-06,C0639,P032,ST020,1,6043.19,0.0,5025.05
S006016,2025-01-08,C0088,P058,ST010,1,5621.86,0.05,3448.84
S006017,2026-10-24,C0722,P051,ST021,4,17377.51,0.0,10925.82
S006018,2026-03-29,C0695,P077,ST019,8,6676.26,0.02,4125.87
S006019,2025-04-19,C0270,P046,ST022,2,9764.84,0.02,7655.82
S006020,2025-07-08,C0272,P044,ST016,1,5685.51,0.05,4727.0
S006021,2025-10-21,C0403,P079,ST023,5,2369.76,0.02,1464.98
S006022,2026-02-09,C0469,P079,ST020,4,1870.86,0.05,1464.98
S006023,2026-01-20,C0001,P088,ST012,2,7031.56,0.02,5917.07
S006024,2025-05-06,C0217,P064,ST019,8,10084.82,0.02,7055.83
S006025,2026-02-07,C0057,P041,ST017,5,2747.97,0.0,2039.67
S006026,2025-06-02,C0670,P057,ST023,7,7085.53,0.05,5530.0
S006027,2025-09-07,C0948,P034,ST018,3,2940.56,0.02,2211.93
S006028,2025-12-22,C0441,P042,ST013,3,11755.26,0.05,8431.76
S006029,2026-10-05,C0538,P086,ST010,3,712.05,0.05,517.95
S006030,2025-06-09,C0551,P010,ST007,8,2093.86,0.02,1595.73
S006031,2026-12-13,C0637,P054,ST015,3,18006.71,0.0,11637.82
S006032,2026-07-29,C0757,P011,ST005,6,11692.75,0.0,8103.73
S006033,2026-09-19,C0230,P067,ST023,6,11935.3,0.05,9162.6
S006034,2025-07-07,C0910,P035,ST003,4,821.62,0.02,516.87
S006035,2026-07-02,C0538,P062,ST010,5,3204.46,0.05,2627.77
S006036,2025-02-06,C0232,P029,ST005,2,8116.96,0.0,6795.13
S006037,2025-03-03,C0179,P031,ST007,2,11860.45,0.05,8055.68
S006038,2026-11-16,C0139,P048,ST024,2,2046.97,0.05,1279.89
S006039,2025-03-12,C0708,P033,ST021,3,13751.47,0.0,9814.74
S006040,2026-02-26,C0843,P064,ST018,3,9761.34,0.0,7055.83
S006041,2025-05-17,C0225,P072,ST016,7,12925.18,0.0,7885.7
S006042,2025-10-27,C0889,P042,ST018,6,13605.75,0.05,8431.76
S006043,2025-05-09,C0767,P038,ST013,8,8914.02,0.05,5677.06
S006044,2026-08-29,C0744,P039,ST011,4,2700.88,0.0,2144.94
S006045,2025-02-12,C0285,P061,ST017,7,8022.43,0.0,5605.37
S006046,2026-05-01,C0241,P019,ST011,1,749.23,0.05,612.11
S006047,2025-03-06,C0728,P082,ST020,8,17314.24,0.05,11120.16
S006048,2025-03-03,C0289,P089,ST003,6,15537.49,0.02,9447.14
S006049,2025-11-21,C0281,P024,ST016,6,3672.22,0.0,2998.79
S006050,2025-05-30,C0712,P049,ST001,2,2435.44,0.1,1636.57
S006051,2025-06-08,C0439,P027,ST022,5,5074.3,0.0,3699.73
S006052,2025-04-01,C0370,P089,ST002,5,13907.83,0.0,9447.14
S006053,2026-12-21,C0646,P078,ST006,6,2866.18,0.05,1948.16
S006054,2026-11-21,C0655,P030,ST005,2,15123.27,0.0,9460.8
S006055,2025-01-28,C0891,P020,ST017,4,8215.92,0.05,5381.43
S006056,2026-05-31,C0434,P036,ST018,5,1895.37,0.05,1308.06
S006057,2026-03-18,C0332,P046,ST013,6,9455.52,0.05,7655.82
S006058,2026-05-15,C0131,P025,ST005,6,1257.15,0.05,935.06
S006059,2026-07-11,C0275,P042,ST003,4,13359.55,0.0,8431.76
S006060,2025-05-03,C0482,P026,ST010,1,5508.14,0.0,3556.26
S006061,2026-07-11,C0057,P016,ST015,4,8151.73,0.05,6754.56
S006062,2025-09-14,C0003,P075,ST024,8,1003.62,0.05,738.97
S006063,2026-02-04,C0925,P023,ST008,4,15715.22,0.05,10277.49
S006064,2026-09-10,C0749,P054,ST005,2,18818.89,0.02,11637.82
S006065,2026-12-21,C0846,P067,ST022,4,13145.2,0.1,9162.6
S006066,2025-07-28,C0009,P055,ST010,4,13727.0,0.0,9400.32
S006067,2025-07-04,C0953,P068,ST008,4,12348.92,0.1,8703.69
S006068,2026-10-31,C0134,P039,ST015,2,2560.75,0.02,2144.94
S006069,2025-10-09,C0519,P019,ST016,7,913.39,0.05,612.11
S006070,2025-11-24,C0621,P085,ST019,5,11820.72,0.05,7193.26
S006071,2025-08-30,C0944,P086,ST023,4,620.29,0.02,517.95
S006072,2026-09-20,C0349,P077,ST014,1,5908.68,0.0,4125.87
S006073,2026-03-26,C0789,P074,ST015,1,8345.14,0.05,5135.74
S006074,2025-10-15,C0804,P041,ST006,1,3306.18,0.0,2039.67
S006075,2026-11-24,C0548,P003,ST022,4,12418.13,0.05,9496.36
S006076,2025-04-29,C0879,P061,ST005,6,8485.88,0.0,5605.37
S006077,2026-05-17,C0774,P037,ST025,6,13452.83,0.02,8737.72
S006078,2026-10-29,C0374,P034,ST009,6,3583.85,0.05,2211.93
S006079,2026-11-25,C0034,P087,ST022,8,16339.88,0.05,11513.07
S006080,2025-08-29,C0220,P081,ST015,7,2887.7,0.05,2254.47
S006081,2025-10-22,C0160,P076,ST014,6,8738.5,0.0,6054.39
S006082,2026-01-09,C0826,P005,ST013,4,12290.3,0.05,8535.69
S006083,2025-02-09,C0104,P025,ST012,4,1340.09,0.0,935.06
S006084,2025-07-13,C0360,P073,ST013,2,1705.75,0.02,1242.22
S006085,2025-03-29,C0679,P054,ST014,1,15520.5,0.1,11637.82
S006086,2026-03-06,C0515,P020,ST025,7,7688.39,0.02,5381.43
S006087,2025-12-17,C0908,P016,ST019,5,9700.57,0.0,6754.56
S006088,2026-12-09,C0358,P055,ST017,6,11130.49,0.0,9400.32
S006089,2025-07-30,C0713,P033,ST024,5,11769.75,0.05,9814.74
S006090,2025-04-27,C0569,P015,ST013,6,12556.38,0.0,7707.94
S006091,2025-11-29,C0147,P022,ST005,6,6113.35,0.02,5050.21
S006092,2025-11-08,C0789,P045,ST014,2,6099.87,0.1,3792.77
S006093,2026-05-08,C0347,P078,ST013,1,2587.88,0.05,1948.16
S006094,2026-06-04,C0115,P030,ST004,4,14806.05,0.05,9460.8
S006095,2026-07-17,C0818,P060,ST010,6,12850.19,0.0,10855.58
S006096,2026-12-15,C0133,P049,ST002,8,2328.76,0.0,1636.57
S006097,2026-07-26,C0211,P046,ST016,5,12113.48,0.05,7655.82
S006098,2025-02-13,C0004,P086,ST016,8,636.89,0.0,517.95
S006099,2026-01-08,C0744,P013,ST011,8,8998.36,0.0,6891.52
S006100,2026-02-21,C0962,P080,ST008,3,9711.71,0.0,7154.82
S006101,2025-03-20,C0240,P018,ST021,6,6078.83,0.0,3821.41
S006102,2025-04-04,C0832,P040,ST004,5,9584.5,0.0,6137.28
S006103,2025-02-25,C0042,P027,ST025,1,5669.62,0.0,3699.73
S006104,2025-02-12,C0375,P070,ST007,5,9025.47,0.0,7620.88
S006105,2025-06-04,C0870,P038,ST013,3,8596.87,0.02,5677.06
S006106,2026-02-12,C0414,P068,ST024,3,11487.55,0.0,8703.69
S006107,2025-08-12,C0105,P016,ST015,3,7910.24,0.0,6754.56
S006108,2026-06-07,C0336,P011,ST009,4,12129.7,0.05,8103.73
S006109,2026-12-21,C0855,P032,ST025,1,7942.76,0.05,5025.05
S006110,2025-02-13,C0037,P059,ST012,1,1919.47,0.0,1382.59
S006111,2026-07-04,C0094,P020,ST015,8,7566.65,0.05,5381.43
S006112,2026-12-02,C0122,P081,ST024,5,3567.9,0.0,2254.47
S006113,2025-09-26,C0384,P023,ST014,6,16012.3,0.05,10277.49
S006114,2025-12-16,C0747,P026,ST009,2,5570.03,0.05,3556.26
S006115,2026-03-20,C0405,P078,ST002,3,2268.41,0.05,1948.16
S006116,2025-02-10,C0019,P081,ST019,1,2611.75,0.1,2254.47
S006117,2025-07-12,C0078,P034,ST002,3,2921.58,0.0,2211.93
S006118,2025-06-08,C0890,P071,ST008,7,11327.75,0.05,7113.15
S006119,2026-07-03,C0607,P017,ST009,4,9060.14,0.05,6820.68
S006120,2026-01-22,C0038,P047,ST022,6,5850.7,0.02,4501.3
S006121,2025-11-10,C0437,P020,ST025,1,6753.19,0.02,5381.43
S006122,2025-03-27,C0546,P006,ST007,8,14935.81,0.05,9423.57
S006123,2025-01-10,C0795,P026,ST019,4,5049.09,0.0,3556.26
S006124,2026-11-09,C0958,P051,ST018,5,13414.24,0.05,10925.82
S006125,2026-03-04,C0026,P017,ST006,5,9815.9,0.0,6820.68
S006126,2025-07-15,C0050,P068,ST001,4,11029.26,0.02,8703.69
S006127,2025-07-25,C0110,P008,ST012,7,8948.34,0.02,6932.71
S006128,2025-06-29,C0842,P027,ST020,2,4547.31,0.0,3699.73
S006129,2025-11-02,C0789,P030,ST016,3,14144.57,0.0,9460.8
S006130,2026-05-05,C0358,P024,ST014,8,3861.16,0.02,2998.79
S006131,2025-06-18,C0358,P024,ST014,6,3454.13,0.0,2998.79
S006132,2026-07-23,C0602,P030,ST003,8,10925.01,0.05,9460.8
S006133,2025-09-03,C0456,P057,ST001,8,7560.77,0.1,5530.0
S006134,2025-10-28,C0684,P075,ST021,2,1218.32,0.0,738.97
S006135,2025-11-09,C0074,P062,ST018,3,3546.0,0.05,2627.77
S006136,2026-09-13,C0579,P002,ST014,4,541.1,0.0,336.51
S006137,2026-05-31,C0890,P057,ST006,8,8654.44,0.0,5530.0
S006138,2025-05-19,C0440,P081,ST007,6,3590.36,0.05,2254.47
S006139,2025-09-24,C0412,P031,ST003,1,12920.31,0.05,8055.68
S006140,2026-07-02,C0559,P072,ST014,4,10953.44,0.02,7885.7
S006141,2025-08-10,C0592,P002,ST002,4,472.77,0.0,336.51
S006142,2026-03-27,C0909,P015,ST022,2,11563.83,0.05,7707.94
S006143,2025-01-06,C0038,P076,ST022,8,8348.4,0.05,6054.39
S006144,2026-08-03,C0832,P064,ST001,4,10480.92,0.0,7055.83
S006145,2026-11-03,C0742,P013,ST015,1,9223.72,0.0,6891.52
S006146,2026-04-28,C0382,P032,ST009,6,8060.26,0.0,5025.05
S006147,2026-02-17,C0132,P064,ST005,2,9240.26,0.05,7055.83
S006148,2026-02-20,C0840,P053,ST001,3,4699.39,0.0,3373.97
S006149,2025-07-31,C0095,P073,ST024,2,2044.69,0.0,1242.22
S006150,2026-01-04,C0745,P053,ST003,7,5281.71,0.05,3373.97
S006151,2026-04-02,C0296,P009,ST005,3,2988.73,0.02,1892.61
S006152,2025-05-12,C0563,P003,ST001,1,13254.21,0.02,9496.36
S006153,2026-07-20,C0891,P034,ST014,3,2592.34,0.1,2211.93
S006154,2025-02-25,C0566,P035,ST014,6,830.98,0.05,516.87
S006155,2026-07-25,C0989,P048,ST016,7,1671.22,0.1,1279.89
S006156,2025-05-09,C0441,P045,ST011,2,5931.97,0.0,3792.77
S006157,2025-09-16,C0559,P064,ST016,6,8702.96,0.02,7055.83
S006158,2025-08-10,C0747,P085,ST009,8,11204.71,0.0,7193.26
S006159,2025-10-11,C0261,P056,ST006,4,10012.37,0.0,8673.46
S006160,2026-06-03,C0090,P005,ST001,3,12721.6,0.1,8535.69
S006161,2025-12-22,C0023,P046,ST003,2,10328.93,0.0,7655.82
S006162,2025-09-29,C0282,P067,ST003,3,13827.73,0.05,9162.6
S006163,2026-04-27,C0532,P047,ST016,7,5725.19,0.0,4501.3
S006164,2025-09-07,C0172,P034,ST006,2,3622.66,0.15,2211.93
S006165,2025-08-14,C0158,P055,ST020,7,13633.04,0.05,9400.32
S006166,2026-05-04,C0233,P082,ST009,8,16995.15,0.0,11120.16
S006167,2025-08-14,C0241,P072,ST013,1,10582.0,0.02,7885.7
S006168,2026-10-28,C0310,P028,ST014,4,10145.62,0.0,8027.52
S006169,2025-11-03,C0001,P043,ST011,6,7751.4,0.0,5492.34
S006170,2026-07-24,C0424,P086,ST017,7,720.2,0.05,517.95
S006171,2026-11-22,C0961,P001,ST005,5,3336.97,0.0,2598.92
S006172,2026-11-10,C0145,P061,ST017,5,8512.03,0.05,5605.37
S006173,2025-11-07,C0555,P026,ST022,8,5806.61,0.02,3556.26
S006174,2025-08-18,C0847,P025,ST007,5,1159.88,0.1,935.06
S006175,2026-12-22,C0234,P058,ST009,5,4958.86,0.02,3448.84
S006176,2025-07-05,C0247,P052,ST018,8,10338.2,0.02,8471.56
S006177,2026-06-08,C0705,P062,ST001,1,3757.83,0.05,2627.77
S006178,2025-12-04,C0776,P028,ST023,8,12699.52,0.0,8027.52
S006179,2026-06-12,C0116,P007,ST019,7,7785.23,0.02,5642.26
S006180,2025-04-10,C0512,P079,ST024,4,2154.53,0.1,1464.98
S006181,2026-11-12,C0131,P033,ST005,2,12268.34,0.15,9814.74
S006182,2025-02-24,C0014,P022,ST010,2,6884.71,0.0,5050.21
S006183,2025-12-08,C0353,P090,ST014,4,1653.39,0.05,1222.08
S006184,2026-05-29,C0881,P072,ST022,2,11895.3,0.05,7885.7
S006185,2025-02-05,C0549,P008,ST019,5,10704.19,0.05,6932.71
S006186,2026-06-20,C0213,P075,ST017,2,1122.63,0.05,738.97
S006187,2025-02-22,C0400,P041,ST025,7,3130.61,0.05,2039.67
S006188,2025-06-17,C0501,P009,ST018,6,2470.42,0.0,1892.61
S006189,2025-05-05,C0578,P027,ST004,6,4732.75,0.1,3699.73
S006190,2026-04-23,C0258,P073,ST009,6,1756.23,0.0,1242.22
S006191,2026-12-29,C0168,P086,ST014,8,671.16,0.02,517.95
S006192,2026-11-21,C0149,P028,ST013,4,10522.05,0.1,8027.52
S006193,2025-12-07,C0211,P017,ST016,1,10211.16,0.0,6820.68
S006194,2026-12-26,C0785,P072,ST005,5,10646.73,0.0,7885.7
S006195,2025-03-06,C0179,P016,ST007,4,8689.66,0.02,6754.56
S006196,2026-08-10,C0986,P086,ST010,8,800.56,0.05,517.95
S006197,2025-04-28,C0944,P072,ST024,5,9306.35,0.0,7885.7
S006198,2025-11-26,C0475,P061,ST009,3,7368.77,0.0,5605.37
S006199,2025-10-13,C0419,P032,ST014,8,7312.39,0.0,5025.05
S006200,2025-07-08,C0483,P046,ST025,2,11409.14,0.1,7655.82
S006201,2025-04-25,C0957,P074,ST003,2,8383.91,0.05,5135.74
S006202,2026-09-14,C0556,P024,ST010,1,3560.24,0.0,2998.79
S006203,2026-11-03,C0182,P086,ST012,6,735.18,0.15,517.95
S006204,2025-05-09,C0012,P043,ST022,1,7057.42,0.0,5492.34
S006205,2025-10-20,C0985,P038,ST013,1,6946.1,0.05,5677.06
S006206,2026-03-03,C0229,P045,ST009,4,4424.93,0.05,3792.77
S006207,2026-11-24,C0320,P019,ST016,7,837.67,0.05,612.11
S006208,2026-03-16,C0979,P016,ST002,1,9422.97,0.0,6754.56
S006209,2026-08-07,C0319,P004,ST019,2,12726.25,0.02,8062.0
S006210,2026-02-02,C0851,P074,ST016,2,8264.24,0.05,5135.74
S006211,2025-03-26,C0839,P012,ST010,6,8592.52,0.0,5785.38
S006212,2026-01-15,C0925,P085,ST009,7,11694.91,0.0,7193.26
S006213,2026-06-04,C0471,P022,ST011,6,6174.61,0.0,5050.21
S006214,2025-07-19,C0662,P086,ST007,2,630.2,0.02,517.95
S006215,2025-09-23,C0075,P071,ST018,1,8896.99,0.05,7113.15
S006216,2026-02-28,C0614,P076,ST012,3,7399.93,0.1,6054.39
S006217,2025-11-09,C0398,P025,ST003,5,1492.35,0.02,935.06
S006218,2025-06-18,C0964,P083,ST022,7,10810.38,0.0,7077.47
S006219,2025-02-18,C0835,P074,ST009,5,8160.49,0.1,5135.74
S006220,2026-12-19,C0648,P025,ST008,4,1315.97,0.02,935.06
S006221,2025-01-01,C0666,P028,ST004,3,9587.11,0.0,8027.52
S006222,2025-03-07,C0689,P007,ST023,5,8066.92,0.05,5642.26
S006223,2025-12-12,C0880,P040,ST011,2,7262.21,0.05,6137.28
S006224,2026-01-14,C0746,P006,ST007,3,14864.8,0.0,9423.57
S006225,2026-11-09,C0188,P079,ST013,1,2106.73,0.05,1464.98
S006226,2026-06-23,C0145,P017,ST015,6,9930.66,0.0,6820.68
S006227,2025-03-04,C0208,P088,ST004,7,9454.81,0.0,5917.07
S006228,2025-05-11,C0417,P049,ST009,5,2394.19,0.02,1636.57
S006229,2026-08-29,C0962,P045,ST009,4,5113.57,0.02,3792.77
S006230,2026-05-27,C0373,P070,ST002,3,9902.64,0.0,7620.88
S006231,2026-07-22,C0409,P089,ST020,8,11790.33,0.1,9447.14
S006232,2025-01-22,C0364,P074,ST011,4,7608.52,0.02,5135.74
S006233,2026-11-12,C0430,P082,ST013,5,16496.09,0.0,11120.16
S006234,2026-02-17,C0254,P089,ST021,8,15198.48,0.05,9447.14
S006235,2025-12-10,C0576,P074,ST004,1,7437.98,0.05,5135.74
S006236,2025-01-15,C0434,P055,ST018,4,14297.18,0.1,9400.32
S006237,2025-10-17,C0806,P013,ST005,8,8720.39,0.0,6891.52
S006238,2026-04-05,C0206,P004,ST021,2,11194.56,0.1,8062.0
S006239,2025-09-08,C0116,P049,ST021,2,2432.71,0.02,1636.57
S006240,2025-03-01,C0779,P018,ST007,4,5671.5,0.0,3821.41
S006241,2025-01-19,C0549,P071,ST021,7,11607.4,0.0,7113.15
S006242,2025-10-01,C0057,P006,ST015,7,13666.85,0.0,9423.57
S006243,2026-11-20,C0651,P012,ST004,5,7987.9,0.0,5785.38
S006244,2025-05-02,C0460,P030,ST014,5,14320.66,0.1,9460.8
S006245,2025-05-31,C0118,P004,ST003,3,10631.02,0.02,8062.0
S006246,2025-04-12,C0001,P087,ST011,6,18748.36,0.0,11513.07
S006247,2026-07-12,C0342,P068,ST001,6,10198.59,0.05,8703.69
S006248,2026-07-17,C0232,P044,ST004,6,7152.85,0.0,4727.0
S006249,2025-10-14,C0890,P056,ST007,5,13817.54,0.02,8673.46
S006250,2026-03-02,C0795,P036,ST018,6,1939.66,0.0,1308.06
S006251,2025-01-23,C0175,P052,ST007,8,9933.11,0.0,8471.56
S006252,2025-02-18,C0903,P066,ST016,6,16178.19,0.1,10315.22
S006253,2025-10-13,C0481,P047,ST018,1,6855.54,0.1,4501.3
S006254,2025-12-16,C0839,P081,ST012,4,3464.57,0.02,2254.47
S006255,2025-03-15,C0369,P027,ST010,3,4626.81,0.05,3699.73
S006256,2025-02-09,C0165,P051,ST023,8,12993.98,0.0,10925.82
S006257,2026-03-27,C0544,P021,ST013,8,3270.03,0.02,2771.37
S006258,2025-03-17,C0259,P026,ST013,5,4353.39,0.0,3556.26
S006259,2025-03-05,C0800,P011,ST001,2,11136.61,0.05,8103.73
S006260,2026-08-05,C0880,P021,ST011,2,4394.49,0.05,2771.37
S006261,2025-01-03,C0187,P079,ST019,1,2080.64,0.02,1464.98
S006262,2025-04-02,C0660,P065,ST018,2,2824.29,0.15,2327.08
S006263,2025-02-01,C0484,P021,ST012,1,4009.62,0.0,2771.37
S006264,2025-04-04,C0209,P029,ST014,8,7913.49,0.0,6795.13
S006265,2025-01-04,C0630,P020,ST017,6,7686.03,0.05,5381.43
S006266,2025-05-13,C0433,P067,ST013,7,14271.71,0.05,9162.6
S006267,2025-07-23,C0579,P074,ST015,5,7217.34,0.0,5135.74
S006268,2025-01-11,C0210,P025,ST001,8,1077.05,0.0,935.06
S006269,2025-11-25,C0273,P052,ST004,5,11398.01,0.05,8471.56
S006270,2026-09-09,C0453,P057,ST009,8,8701.3,0.0,5530.0
S006271,2025-06-06,C0463,P018,ST023,3,4769.13,0.02,3821.41
S006272,2025-12-24,C0962,P002,ST006,7,480.21,0.1,336.51
S006273,2026-12-12,C0031,P016,ST009,6,7808.86,0.05,6754.56
S006274,2026-08-29,C0028,P089,ST020,3,12543.44,0.0,9447.14
S006275,2026-04-18,C0136,P010,ST007,4,2453.2,0.02,1595.73
S006276,2025-01-03,C0142,P011,ST005,1,10447.48,0.02,8103.73
S006277,2025-08-24,C0369,P010,ST012,1,2049.51,0.02,1595.73
S006278,2026-12-17,C0702,P055,ST019,3,11198.12,0.02,9400.32
S006279,2025-09-13,C0094,P076,ST014,2,9655.3,0.02,6054.39
S006280,2025-09-26,C0719,P051,ST007,1,17457.97,0.0,10925.82
S006281,2026-06-25,C0751,P048,ST009,3,1693.09,0.0,1279.89
S006282,2026-12-02,C0965,P044,ST005,7,7004.04,0.02,4727.0
S006283,2025-05-29,C0410,P086,ST011,6,791.82,0.05,517.95
S006284,2025-02-20,C0986,P060,ST013,5,14006.63,0.05,10855.58
S006285,2025-09-28,C0291,P082,ST025,1,14713.92,0.05,11120.16
S006286,2025-08-04,C0590,P011,ST011,1,9894.09,0.0,8103.73
S006287,2025-07-19,C0130,P028,ST005,3,11946.83,0.0,8027.52
S006288,2026-12-08,C0606,P085,ST013,4,10984.25,0.1,7193.26
S006289,2025-09-18,C0333,P089,ST002,4,14323.63,0.1,9447.14
S006290,2025-02-12,C0731,P068,ST019,2,10914.4,0.0,8703.69
S006291,2025-04-15,C0861,P006,ST004,6,13485.66,0.0,9423.57
S006292,2025-02-09,C0437,P013,ST022,6,7977.4,0.05,6891.52
S006293,2025-02-15,C0596,P049,ST019,3,2480.09,0.02,1636.57
S006294,2025-12-14,C0498,P037,ST020,7,13707.54,0.02,8737.72
S006295,2025-04-06,C0839,P073,ST011,2,1855.14,0.0,1242.22
S006296,2026-02-02,C0082,P066,ST012,5,16087.76,0.0,10315.22
S006297,2026-08-19,C0041,P069,ST025,1,8347.64,0.0,5327.09
S006298,2026-07-25,C0306,P003,ST018,1,12726.81,0.0,9496.36
S006299,2025-01-31,C0117,P073,ST019,5,1732.83,0.05,1242.22
S006300,2025-06-05,C0691,P056,ST017,8,10844.66,0.0,8673.46
S006301,2026-07-19,C0288,P009,ST022,6,2302.68,0.02,1892.61
S006302,2026-07-28,C0602,P045,ST003,7,4578.88,0.05,3792.77
S006303,2025-01-07,C0404,P072,ST022,5,12507.61,0.05,7885.7
S006304,2026-11-16,C0567,P041,ST020,7,3340.3,0.05,2039.67
S006305,2026-03-02,C0746,P023,ST007,5,16903.64,0.0,10277.49
S006306,2026-08-05,C0953,P049,ST008,3,2219.85,0.1,1636.57
S006307,2025-04-23,C0039,P052,ST025,5,13310.6,0.1,8471.56
S006308,2026-11-25,C0873,P070,ST013,4,8880.86,0.0,7620.88
S006309,2026-01-26,C0210,P022,ST002,2,6507.05,0.05,5050.21
S006310,2025-02-10,C0167,P047,ST008,3,5680.95,0.0,4501.3
S006311,2026-09-02,C0644,P081,ST017,4,3363.91,0.15,2254.47
S006312,2026-06-07,C0737,P015,ST009,1,9705.25,0.05,7707.94
S006313,2026-03-23,C0419,P075,ST016,1,1212.36,0.02,738.97
S006314,2025-04-26,C0934,P010,ST024,5,1984.22,0.02,1595.73
S006315,2026-12-09,C0646,P024,ST006,6,4014.47,0.0,2998.79
S006316,2026-10-12,C0339,P004,ST016,5,10081.07,0.0,8062.0
S006317,2025-10-28,C0301,P022,ST022,7,5926.79,0.05,5050.21
S006318,2026-11-15,C0689,P084,ST025,2,6413.38,0.02,4325.72
S006319,2025-11-11,C0025,P079,ST010,8,1809.33,0.05,1464.98
S006320,2026-11-27,C0133,P090,ST005,1,1496.76,0.05,1222.08
S006321,2025-05-15,C0843,P046,ST019,2,11729.38,0.0,7655.82
S006322,2026-11-26,C0214,P048,ST017,5,1685.17,0.0,1279.89
S006323,2026-11-24,C0812,P037,ST001,3,12902.64,0.05,8737.72
S006324,2026-01-18,C0978,P019,ST020,7,812.86,0.02,612.11
S006325,2025-06-17,C0652,P088,ST006,2,7543.29,0.05,5917.07
S006326,2026-01-26,C0482,P039,ST012,8,2546.81,0.0,2144.94
S006327,2026-04-22,C0437,P042,ST024,6,12246.59,0.05,8431.76
S006328,2025-08-16,C0109,P010,ST007,3,2081.61,0.0,1595.73
S006329,2026-01-25,C0063,P031,ST010,1,11676.44,0.02,8055.68
S006330,2026-06-18,C0205,P089,ST021,4,11716.74,0.1,9447.14
S006331,2025-12-11,C0379,P078,ST005,8,3030.19,0.1,1948.16
S006332,2026-03-26,C0787,P053,ST002,5,4330.48,0.05,3373.97
S006333,2026-06-26,C0507,P034,ST001,7,3185.77,0.0,2211.93
S006334,2026-09-19,C0909,P016,ST024,1,10749.63,0.05,6754.56
S006335,2026-06-10,C0065,P006,ST004,8,11152.95,0.15,9423.57
S006336,2026-11-26,C0427,P009,ST020,3,2791.64,0.02,1892.61
S006337,2025-02-05,C0822,P058,ST010,1,4025.41,0.05,3448.84
S006338,2025-09-13,C0524,P060,ST004,6,15605.84,0.05,10855.58
S006339,2026-09-04,C0127,P085,ST006,6,11581.5,0.05,7193.26
S006340,2025-11-23,C0682,P053,ST015,4,3918.26,0.0,3373.97
S006341,2026-02-02,C0321,P030,ST017,2,13329.13,0.0,9460.8
S006342,2025-03-14,C0301,P042,ST022,5,10186.75,0.0,8431.76
S006343,2026-04-11,C0915,P054,ST006,8,14774.43,0.05,11637.82
S006344,2026-11-13,C0169,P082,ST001,6,13553.91,0.05,11120.16
S006345,2025-02-03,C0306,P062,ST019,3,4120.88,0.0,2627.77
S006346,2025-01-11,C0547,P072,ST012,7,11559.14,0.05,7885.7
S006347,2025-05-27,C0076,P069,ST018,2,7135.92,0.02,5327.09
S006348,2025-08-07,C0558,P019,ST016,6,873.96,0.05,612.11
S006349,2025-03-03,C0585,P036,ST004,6,1646.17,0.0,1308.06
S006350,2026-10-29,C0745,P063,ST003,2,5301.49,0.05,3844.99
S006351,2025-07-17,C0238,P082,ST013,5,15584.63,0.1,11120.16
S006352,2026-10-04,C0308,P076,ST017,2,8991.51,0.05,6054.39
S006353,2026-06-05,C0331,P034,ST007,2,2805.81,0.02,2211.93
S006354,2025-06-20,C0937,P001,ST011,7,3654.62,0.02,2598.92
S006355,2026-10-16,C0514,P042,ST001,4,12978.97,0.02,8431.76
S006356,2026-04-01,C0937,P049,ST012,7,1949.35,0.1,1636.57
S006357,2025-06-20,C0172,P084,ST006,1,5865.5,0.02,4325.72
S006358,2026-04-06,C0586,P003,ST001,7,14894.67,0.02,9496.36
S006359,2026-03-04,C0774,P043,ST022,7,6984.21,0.05,5492.34
S006360,2025-11-01,C0612,P026,ST007,4,5267.49,0.1,3556.26
S006361,2025-09-17,C0918,P036,ST005,6,1553.99,0.0,1308.06
S006362,2025-10-05,C0811,P043,ST011,3,8543.1,0.1,5492.34
S006363,2025-08-30,C0324,P037,ST006,2,13072.26,0.02,8737.72
S006364,2025-04-06,C0589,P026,ST013,7,5469.85,0.02,3556.26
S006365,2025-08-04,C0825,P084,ST023,1,5057.65,0.05,4325.72
S006366,2026-04-06,C0904,P058,ST019,5,5173.88,0.02,3448.84
S006367,2026-05-24,C0538,P072,ST013,3,9522.84,0.0,7885.7
S006368,2026-10-02,C0390,P060,ST009,4,16681.39,0.0,10855.58
S006369,2025-09-04,C0096,P049,ST020,4,2298.77,0.05,1636.57
S006370,2026-05-25,C0436,P038,ST010,3,8335.4,0.02,5677.06
S006371,2026-07-09,C0940,P083,ST008,5,8835.79,0.05,7077.47
S006372,2026-06-12,C0256,P061,ST011,4,7055.54,0.0,5605.37
S006373,2026-06-05,C0184,P050,ST010,5,13718.37,0.0,11552.3
S006374,2025-08-09,C0250,P020,ST024,5,6947.83,0.02,5381.43
S006375,2026-07-01,C0893,P024,ST012,7,4449.59,0.05,2998.79
S006376,2026-06-26,C0448,P079,ST007,3,2117.44,0.1,1464.98
S006377,2026-05-30,C0420,P060,ST011,1,17545.88,0.0,10855.58
S006378,2025-11-19,C0424,P075,ST017,4,1119.04,0.05,738.97
S006379,2025-08-05,C0299,P066,ST019,8,12664.84,0.1,10315.22
S006380,2025-12-09,C0303,P046,ST019,1,9297.16,0.02,7655.82
S006381,2026-03-28,C0070,P060,ST011,8,13066.93,0.0,10855.58
S006382,2026-03-23,C0876,P067,ST004,7,14525.2,0.0,9162.6
S006383,2026-06-17,C0726,P078,ST023,5,2896.51,0.0,1948.16
S006384,2025-11-27,C0685,P041,ST022,7,2838.77,0.0,2039.67
S006385,2025-12-26,C0110,P066,ST011,1,14370.67,0.15,10315.22
S006386,2026-05-29,C0102,P067,ST018,2,11720.47,0.05,9162.6
S006387,2026-07-27,C0702,P070,ST020,8,10451.7,0.0,7620.88
S006388,2026-10-05,C0559,P039,ST016,4,3028.48,0.0,2144.94
S006389,2025-08-30,C0767,P043,ST010,4,9047.24,0.0,5492.34
S006390,2025-03-05,C0937,P065,ST012,1,3675.97,0.02,2327.08
S006391,2025-08-24,C0832,P021,ST005,5,4287.34,0.0,2771.37
S006392,2025-09-14,C0245,P062,ST008,6,3828.65,0.02,2627.77
S006393,2026-09-19,C0715,P051,ST002,3,15908.54,0.0,10925.82
S006394,2025-06-17,C0992,P064,ST010,5,10129.72,0.05,7055.83
S006395,2025-05-21,C0944,P071,ST025,5,11251.31,0.0,7113.15
S006396,2026-03-10,C0811,P012,ST011,6,8282.5,0.1,5785.38
S006397,2025-09-26,C0019,P065,ST018,2,3489.94,0.0,2327.08
S006398,2026-10-27,C0198,P082,ST021,5,14094.31,0.05,11120.16
S006399,2026-06-19,C0974,P027,ST022,5,5636.36,0.15,3699.73
S006400,2026-10-29,C0190,P083,ST009,4,10404.97,0.05,7077.47
S006401,2025-09-03,C0038,P081,ST023,2,3068.86,0.05,2254.47
S006402,2025-06-22,C0126,P001,ST004,8,3959.39,0.05,2598.92
S006403,2025-11-25,C0474,P017,ST023,8,10066.2,0.05,6820.68
S006404,2025-11-05,C0730,P075,ST004,1,1088.38,0.0,738.97
S006405,2025-12-22,C0402,P090,ST011,6,1469.17,0.02,1222.08
S006406,2025-04-25,C0871,P079,ST017,2,1743.29,0.02,1464.98
S006407,2026-12-30,C0394,P014,ST016,3,14532.15,0.02,9238.74
S006408,2026-08-11,C0009,P021,ST012,5,3483.86,0.02,2771.37
S006409,2025-10-11,C0159,P005,ST019,3,10385.58,0.0,8535.69
S006410,2025-01-01,C0261,P054,ST006,4,17920.55,0.0,11637.82
S006411,2026-12-03,C0546,P084,ST009,6,6762.75,,4325.72
S006412,2026-02-25,C0109,P025,ST009,2,1429.75,0.1,935.06
S006413,2025-01-23,C0692,P045,ST012,1,4396.51,0.0,3792.77
S006414,2025-11-25,C0968,P086,ST008,1,686.02,0.05,517.95
S006415,2025-02-24,C0298,P089,ST011,3,14995.25,0.0,9447.14
S006416,2025-01-24,C0206,P014,ST019,5,14650.12,0.02,9238.74
S006417,2026-03-04,C0148,P037,ST008,2,13710.51,0.1,8737.72
S006418,2025-03-10,C0703,P019,ST013,4,891.89,0.05,612.11
S006419,2026-09-16,C0443,P036,ST002,6,2058.76,0.02,1308.06
S006420,2026-04-25,C0835,P042,ST009,7,13614.38,0.15,8431.76
S006421,2025-11-23,C0264,P040,ST002,2,9583.87,0.0,6137.28
S006422,2026-07-19,C0600,P078,ST007,8,2461.56,0.0,1948.16
S006423,2026-03-23,C0764,P036,ST010,5,1544.04,0.05,1308.06
S006424,2026-02-15,C0116,P035,ST019,7,598.82,0.05,516.87
S006425,2025-03-26,C0060,P060,ST009,7,15398.69,0.0,10855.58
S006426,2025-05-11,C0007,P061,ST006,6,6813.82,0.1,5605.37
S006427,2026-02-20,C0111,P001,ST014,8,3161.31,0.05,2598.92
S006428,2026-11-21,C0321,P002,ST014,5,527.6,0.0,336.51
S006429,2026-07-07,C0852,P014,ST018,7,11366.9,0.0,9238.74
S006430,2026-06-07,C0174,P021,ST006,6,4552.98,0.15,2771.37
S006431,2025-03-21,C0198,P075,ST019,3,1045.03,0.0,738.97
S006432,2026-09-30,C0692,P013,ST013,2,10793.36,0.02,6891.52
S006433,2026-12-02,C0386,P076,ST007,5,9913.54,0.1,6054.39
S006434,2025-03-23,C0606,P013,ST013,6,8053.26,0.02,6891.52
S006435,2026-12-27,C0435,P002,ST023,2,446.52,0.05,336.51
S006436,2025-08-01,C0690,P006,ST005,1,11861.99,0.05,9423.57
S006437,2025-10-11,C0999,P026,ST005,6,5430.97,0.0,3556.26
S006438,2025-04-29,C0294,P089,ST025,5,10892.65,0.1,9447.14
S006439,2025-05-01,C0112,P059,ST022,3,1697.34,0.05,1382.59
S006440,2025-11-17,C0241,P004,ST010,6,9858.16,0.05,8062.0
S006441,2025-03-31,C0085,P046,ST009,2,9785.2,0.02,7655.82
S006442,2025-04-29,C0452,P040,ST013,8,8087.16,0.0,6137.28
S006443,2026-12-23,C0664,P029,ST014,6,8528.9,0.1,6795.13
S006444,2026-10-03,C0660,P042,ST018,2,11405.0,0.02,8431.76
S006445,2025-01-17,C0519,P036,ST014,6,1973.04,0.02,1308.06
S006446,2026-03-03,C0613,P002,ST004,7,470.74,0.02,336.51
S006447,2025-06-07,C0849,P012,ST007,6,7828.09,0.05,5785.38
S006448,2025-08-02,C0218,P070,ST020,6,9065.17,0.0,7620.88
S006449,2026-08-21,C0540,P043,ST009,8,6623.85,0.05,5492.34
S006450,2025-05-13,C0431,P066,ST007,4,13450.77,0.02,10315.22
S006451,2025-12-25,C0033,P025,ST005,7,1319.51,0.1,935.06
S006452,2026-01-31,C0847,P073,ST008,1,1571.26,0.1,1242.22
S006453,2026-02-23,C0866,P043,ST008,7,7808.34,0.0,5492.34
S006454,2026-05-08,C0206,P047,ST018,1,5553.81,0.0,4501.3
S006455,2026-11-01,C0637,P037,ST016,7,10407.89,0.1,8737.72
S006456,2025-02-18,C0161,P071,ST020,3,10222.65,0.0,7113.15
S006457,2026-01-22,C0711,P007,ST005,7,8198.35,0.02,5642.26
S006458,2026-12-17,C0893,P012,ST013,5,7414.21,0.02,5785.38
S006459,2025-01-26,C0166,P036,ST012,3,1576.0,0.0,1308.06
S006460,2026-07-05,C0402,P041,ST013,1,3352.6,0.02,2039.67
S006461,2026-05-02,C0622,P055,ST002,6,12726.7,0.02,9400.32
S006462,2026-07-25,C0674,P053,ST014,2,4888.32,0.05,3373.97
S006463,2026-01-16,C0389,P081,ST021,5,2735.04,0.05,2254.47
S006464,2026-11-18,C0703,P002,ST013,3,542.25,0.1,336.51
S006465,2025-09-26,C0286,P006,ST020,6,15164.08,0.15,9423.57
S006466,2025-05-10,C0331,P041,ST009,3,2968.03,0.0,2039.67
S006467,2025-06-24,C0446,P088,ST015,6,9002.07,0.02,5917.07
S006468,2025-08-05,C0278,P009,ST020,4,2697.99,0.05,1892.61
S006469,2026-06-17,C0885,P084,ST014,7,7045.94,0.05,4325.72
S006470,2025-03-27,C0350,P064,ST016,1,9159.34,0.02,7055.83
S006471,2025-12-08,C0491,P069,ST024,1,6999.51,0.02,5327.09
S006472,2025-02-13,C0862,P078,ST013,7,2450.92,0.0,1948.16
S006473,2026-08-19,C0408,P046,ST004,5,9760.24,0.05,7655.82
S006474,2025-03-07,C0418,P002,ST012,8,514.18,0.0,336.51
S006475,2025-07-19,C0863,P048,ST001,3,1772.44,0.1,1279.89
S006476,2026-05-31,C0750,P024,ST020,5,3476.98,0.0,2998.79
S006477,2026-06-26,C0744,P023,ST013,8,14000.36,0.0,10277.49
S006478,2026-09-04,C0819,P086,ST010,5,646.68,0.02,517.95
S006479,2025-04-13,C0911,P041,ST018,3,3048.97,0.05,2039.67
S006480,2025-08-09,C0020,P035,ST019,2,761.43,0.0,516.87
S006481,2025-12-18,C0995,P015,ST025,4,12711.64,0.0,7707.94
S006482,2026-07-01,C0625,P006,ST024,1,13767.0,0.15,9423.57
S006483,2026-06-28,C0964,P038,ST025,6,8874.95,0.0,5677.06
S006484,2026-08-23,C0837,P012,ST011,2,9484.78,0.1,5785.38
S006485,2025-09-17,C0987,P035,ST013,8,612.78,0.02,516.87
S006486,2026-11-22,C0518,P040,ST008,4,7403.49,0.0,6137.28
S006487,2026-08-01,C0474,P073,ST025,3,1745.03,0.05,1242.22
S006488,2026-09-04,C0498,P015,ST020,6,12191.91,0.0,7707.94
S006489,2025-08-02,C0112,P083,ST024,2,11595.78,0.1,7077.47
S006490,2025-11-03,C0050,P048,ST001,1,1924.5,0.05,1279.89
S006491,2025-03-16,C0174,P045,ST007,4,5206.71,0.0,3792.77
S006492,2026-01-29,C0218,P079,ST020,7,1738.26,0.05,1464.98
S006493,2025-09-05,C0789,P087,ST016,4,18680.2,0.02,11513.07
S006494,2026-12-22,C0089,P040,ST017,3,8517.0,0.0,6137.28
S006495,2025-01-18,C0495,P030,ST001,2,13627.55,0.1,9460.8
S006496,2025-10-10,C0410,P038,ST010,1,8061.55,0.02,5677.06
S006497,2026-01-14,C0404,P039,ST023,2,3243.02,0.02,2144.94
S006498,2025-08-23,C0555,P012,ST023,2,7738.5,0.0,5785.38
S006499,2026-03-28,C0218,P023,ST019,5,14848.47,0.05,10277.49
S006500,2025-03-29,C0302,P048,ST005,8,1878.57,0.1,1279.89
S006501,2025-04-04,C0448,P050,ST008,6,15672.33,0.0,11552.3
S006502,2025-10-29,C0208,P001,ST004,7,4093.11,0.0,2598.92
S006503,2025-08-28,C0289,P010,ST001,2,2026.44,0.05,1595.73
S006504,2026-04-12,C0010,P011,ST004,6,12910.83,0.0,8103.73
S006505,2026-12-31,C0736,P083,ST022,3,9145.96,0.05,7077.47
S006506,2026-01-27,C0307,P045,ST023,8,5392.62,0.05,3792.77
S006507,2026-07-03,C0004,P026,ST016,7,5654.26,0.02,3556.26
S006508,2026-01-01,C0364,P046,ST011,8,10082.95,0.1,7655.82
S006509,2026-02-25,C0576,P072,ST005,4,9542.47,0.0,7885.7
S006510,2026-03-26,C0287,P002,ST003,6,447.58,0.0,336.51
S006511,2026-10-04,C0664,P086,ST015,3,762.57,0.1,517.95
S006512,2025-03-30,C0513,P012,ST018,8,8382.71,0.05,5785.38
S006513,2026-09-02,C0366,P018,ST020,4,5568.3,0.0,3821.41
S006514,2026-02-13,C0478,P016,ST007,7,7905.22,0.02,6754.56
S006515,2026-05-30,C0769,P016,ST004,8,7867.31,0.02,6754.56
S006516,2026-01-10,C0008,P056,ST013,8,13803.61,0.0,8673.46
S006517,2025-09-27,C0210,P023,ST002,6,15595.01,0.05,10277.49
S006518,2025-01-21,C0551,P058,ST007,7,5361.76,0.02,3448.84
S006519,2026-07-25,C0350,P040,ST016,5,7522.85,0.0,6137.28
S006520,2026-04-01,C0249,P079,ST005,2,1987.86,0.05,1464.98
S006521,2025-06-12,C0821,P089,ST010,7,15342.77,0.0,9447.14
S006522,2025-08-09,C0321,P015,ST017,2,9781.03,0.0,7707.94
S006523,2025-05-17,C0384,P019,ST016,1,785.47,0.05,612.11
S006524,2025-03-04,C0416,P042,ST005,2,9964.02,0.05,8431.76
S006525,2025-06-28,C0098,P042,ST018,8,10710.41,0.02,8431.76
S006526,2026-01-21,C0737,P032,ST007,7,6634.31,0.05,5025.05
S006527,2025-05-31,C0369,P067,ST013,3,13974.6,0.0,9162.6
S006528,2026-05-20,C0305,P089,ST003,3,12975.97,0.02,9447.14
S006529,2025-05-09,C0196,P052,ST017,3,12423.48,0.0,8471.56
S006530,2026-02-28,C0225,P035,ST015,2,795.84,0.0,516.87
S006531,2025-02-26,C0594,P026,ST008,8,5733.03,0.1,3556.26
S006532,2026-03-09,C0100,P049,ST002,5,1912.49,0.05,1636.57
S006533,2026-03-08,C0182,P020,ST010,3,7359.38,0.1,5381.43
S006534,2025-12-20,C0036,P090,ST003,8,1548.6,0.0,1222.08
S006535,2026-10-14,C0853,P048,ST019,6,1819.13,0.02,1279.89
S006536,2026-10-16,C0226,P033,ST006,8,14547.85,0.05,9814.74
S006537,2025-04-06,C0790,P010,ST020,4,2234.41,0.05,1595.73
S006538,2026-09-25,C0761,P084,ST010,4,6639.35,0.05,4325.72
S006539,2025-05-17,C0806,P064,ST001,8,11075.79,0.05,7055.83
S006540,2026-01-07,C0191,P079,ST021,1,1828.53,0.05,1464.98
S006541,2025-09-05,C0274,P064,ST022,6,10185.94,0.02,7055.83
S006542,2026-08-23,C0952,P016,ST016,1,9190.78,0.0,6754.56
S006543,2025-04-19,C0876,P055,ST004,8,12986.38,0.0,9400.32
S006544,2025-07-12,C0403,P007,ST023,2,9018.98,0.02,5642.26
S006545,2026-03-02,C0203,P044,ST020,4,7077.63,0.0,4727.0
S006546,2025-01-31,C0411,P015,ST010,5,11869.57,0.1,7707.94
S006547,2025-11-07,C0546,P060,ST006,3,16649.83,0.1,10855.58
S006548,2025-12-10,C0543,P024,ST001,3,4645.89,0.02,2998.79
S006549,2026-03-14,C0027,P051,ST023,1,12660.49,0.05,10925.82
S006550,2026-11-16,C0363,P025,ST023,6,1515.89,0.05,935.06
S006551,2026-08-27,C0573,P015,ST019,6,11074.1,0.02,7707.94
S006552,2025-05-05,C0127,P059,ST008,6,2073.16,0.0,1382.59
S006553,2026-08-24,C0373,P035,ST002,2,825.33,0.02,516.87
S006554,2026-04-08,C0092,P076,ST006,7,7340.64,0.05,6054.39
S006555,2026-10-05,C0138,P082,ST011,1,12788.98,0.02,11120.16
S006556,2026-05-30,C0171,P061,ST011,3,7564.32,0.02,5605.37
S006557,2026-01-24,C0981,P008,ST020,1,10921.51,0.02,6932.71
S006558,2025-11-19,C0517,P050,ST025,7,17402.93,0.02,11552.3
S006559,2026-08-15,C0194,P004,ST025,5,10994.0,0.0,8062.0
S006560,2025-02-09,C0201,P006,ST002,2,14099.4,0.02,9423.57
S006561,2025-06-13,C0892,P023,ST021,8,12915.94,0.0,10277.49
S006562,2026-04-01,C0693,P045,ST008,2,5677.42,0.05,3792.77
S006563,2025-04-25,C0285,P054,ST017,5,13823.62,0.1,11637.82
S006564,2026-10-08,C0081,P018,ST008,4,6158.65,0.0,3821.41
S006565,2026-06-05,C0409,P054,ST021,4,13666.1,0.05,11637.82
S006566,2026-09-21,C0182,P063,ST011,1,5746.25,0.05,3844.99
S006567,2025-07-11,C0667,P066,ST019,6,14284.46,0.0,10315.22
S006568,2026-08-07,C0818,P082,ST012,6,13900.24,0.02,11120.16
S006569,2026-11-11,C0588,P071,ST005,4,10394.79,0.05,7113.15
S006570,2025-06-30,C0994,P017,ST021,4,10819.17,0.05,6820.68
S006571,2025-08-18,C0611,P036,ST001,6,1582.51,0.02,1308.06
S006572,2025-10-15,C0136,P029,ST007,7,9043.97,0.0,6795.13
S006573,2025-10-28,C0018,P078,ST016,8,3111.49,0.1,1948.16
S006574,2026-11-14,C0329,P086,ST004,5,691.8,0.1,517.95
S006575,2025-10-28,C0143,P050,ST003,1,18197.03,0.0,11552.3
S006576,2025-06-30,C0873,P071,ST010,8,8791.74,0.05,7113.15
S006577,2026-04-28,C0792,P037,ST009,3,12742.51,0.0,8737.72
S006578,2025-07-20,C0741,P031,ST006,7,10855.56,0.0,8055.68
S006579,2025-01-22,C0914,P025,ST002,5,1259.44,0.05,935.06
S006580,2026-11-28,C0929,P012,ST003,3,8276.82,0.1,5785.38
S006581,2025-11-24,C0519,P011,ST016,3,12982.55,0.05,8103.73
S006582,2026-07-16,C0749,P089,ST001,7,13757.58,0.0,9447.14
S006583,2025-12-15,C0084,P012,ST023,7,7692.75,0.05,5785.38
S006584,2026-08-27,C0766,P033,ST014,7,12077.74,0.05,9814.74
S006585,2025-10-25,C0172,P011,ST006,3,13320.62,0.15,8103.73
S006586,2026-01-10,C0557,P074,ST019,7,6547.24,0.0,5135.74
S006587,2025-08-20,C0498,P071,ST018,6,8551.81,0.02,7113.15
S006588,2026-06-26,C0046,P049,ST021,7,2137.15,0.02,1636.57
S006589,2026-03-26,C0857,P001,ST015,3,3933.83,0.0,2598.92
S006590,2025-09-16,C0588,P087,ST002,8,13920.2,0.0,11513.07
S006591,2025-06-18,C0293,P054,ST018,1,13584.84,0.1,11637.82
S006592,2026-12-15,C0446,P025,ST016,2,1310.66,0.02,935.06
S006593,2025-08-08,C0283,P020,ST005,4,7674.45,0.0,5381.43
S006594,2025-07-30,C0078,P029,ST004,3,10217.47,0.15,6795.13
S006595,2026-10-10,C0686,P088,ST001,7,9470.23,0.02,5917.07
S006596,2026-05-16,C0467,P048,ST024,7,1824.55,0.1,1279.89
S006597,2026-04-19,C0432,P048,ST023,6,1763.86,0.05,1279.89
S006598,2026-02-23,C0684,P078,ST020,6,2301.12,0.1,1948.16
S006599,2026-07-23,C0936,P023,ST009,7,12175.14,0.02,10277.49
S006600,2025-06-04,C0089,P034,ST015,2,2549.55,0.0,2211.93
S006601,2026-01-16,C0423,P049,ST025,8,2343.69,0.05,1636.57
S006602,2025-02-19,C0556,P026,ST013,3,5258.36,0.0,3556.26
S006603,2025-10-10,C0930,P090,ST006,3,1495.7,0.0,1222.08
S006604,2025-10-31,C0682,P067,ST014,1,12158.68,0.0,9162.6
S006605,2025-12-05,C0374,P043,ST006,2,7570.0,0.0,5492.34
S006606,2025-03-22,C0978,P047,ST021,5,5345.45,0.0,4501.3
S006607,2025-03-23,C0750,P066,ST019,3,12628.08,0.02,10315.22
S006608,2025-09-24,C0331,P043,ST006,1,7266.36,0.05,5492.34
S006609,2025-09-28,C0536,P004,ST009,2,11675.17,0.02,8062.0
S006610,2025-03-29,C0667,P048,ST018,5,1790.07,0.02,1279.89
S006611,2025-09-14,C0934,P078,ST025,7,2876.92,0.0,1948.16
S006612,2025-10-07,C0023,P090,ST003,3,1866.58,0.1,1222.08
S006613,2026-02-27,C0609,P064,ST018,5,11395.73,0.0,7055.83
S006614,2025-01-24,C0948,P041,ST021,2,2379.67,0.05,2039.67
S006615,2026-10-05,C0616,P003,ST003,4,14426.19,0.0,9496.36
S006616,2026-05-03,C0509,P083,ST019,5,8708.29,0.02,7077.47
S006617,2026-10-22,C0214,P080,ST016,5,10729.85,0.02,7154.82
S006618,2025-11-02,C0727,P007,ST022,7,7985.35,0.0,5642.26
S006619,2026-10-25,C0995,P055,ST022,2,13204.93,0.0,9400.32
S006620,2026-03-15,C0482,P084,ST012,5,5804.61,0.0,4325.72
S006621,2026-06-03,C0205,P042,ST020,7,9894.59,0.02,8431.76
S006622,2026-05-27,C0062,P064,ST023,6,10163.79,0.02,7055.83
S006623,2025-07-13,C0522,P030,ST025,6,14368.73,0.02,9460.8
S006624,2025-11-05,C0685,P065,ST022,8,3485.59,0.0,2327.08
S006625,2026-05-25,C0791,P079,ST006,8,2057.69,0.1,1464.98
S006626,2025-02-05,C0788,P026,ST025,1,5406.34,0.02,3556.26
S006627,2025-05-03,C0101,P052,ST023,4,9779.19,0.0,8471.56
S006628,2026-02-05,C0405,P027,ST003,6,5216.71,0.1,3699.73
S006629,2025-03-17,C0840,P030,ST001,6,13996.1,0.02,9460.8
S006630,2026-03-13,C0417,P050,ST008,1,17306.75,0.1,11552.3
S006631,2026-04-15,C0477,P064,ST021,2,10837.9,0.05,7055.83
S006632,2026-04-08,C0011,P006,ST023,3,14927.19,0.1,9423.57
S006633,2026-06-17,C0916,P028,ST018,6,10161.05,0.0,8027.52
S006634,2026-08-06,C0533,P079,ST025,5,1942.07,0.05,1464.98
S006635,2026-02-06,C0567,P017,ST018,1,10230.47,0.1,6820.68
S006636,2025-07-30,C0885,P060,ST015,2,15576.27,0.05,10855.58
S006637,2026-12-21,C0026,P058,ST006,1,5108.99,0.0,3448.84
S006638,2025-11-09,C0293,P007,ST018,3,7669.73,0.0,5642.26
S006639,2026-04-25,C0332,P049,ST011,5,2128.29,0.0,1636.57
S006640,2025-01-20,C0956,P023,ST008,2,15043.24,0.02,10277.49
S006641,2025-03-20,C0080,P077,ST008,3,6024.39,0.0,4125.87
S006642,2026-04-30,C0261,P029,ST008,3,9290.23,0.1,6795.13
S006643,2026-04-09,C0508,P030,ST011,4,12700.92,0.0,9460.8
S006644,2025-02-21,C0345,P004,ST003,8,11512.78,0.0,8062.0
S006645,2025-04-13,C0060,P052,ST008,2,13552.68,0.05,8471.56
S006646,2025-01-15,C0482,P077,ST011,6,5157.88,0.0,4125.87
S006647,2026-02-11,C0932,P015,ST016,3,12444.15,0.05,7707.94
S006648,2025-01-09,C0106,P033,ST024,8,11618.56,0.05,9814.74
S006649,2025-08-16,C0337,P047,ST011,7,5398.77,0.1,4501.3
S006650,2026-05-03,C0138,P021,ST010,8,3313.84,0.0,2771.37
S006651,2026-07-31,C0967,P036,ST002,5,1913.09,0.05,1308.06
S006652,2026-03-08,C0541,P078,ST003,5,2558.08,0.05,1948.16
S006653,2026-08-15,C0610,P032,ST023,5,6641.42,0.0,5025.05
S006654,2025-09-18,C0562,P013,ST008,1,10801.76,0.0,6891.52
S006655,2025-12-03,C0854,P007,ST005,5,8626.01,0.1,5642.26
S006656,2025-10-06,C0445,P035,ST025,2,781.94,0.05,516.87
S006657,2025-09-26,C0842,P040,ST018,6,7248.03,0.0,6137.28
S006658,2026-02-17,C0914,P055,ST005,1,12227.94,0.0,9400.32
S006659,2025-03-03,C0379,P084,ST004,5,6033.02,0.05,4325.72
S006660,2025-04-02,C0010,P065,ST002,1,3073.95,0.0,2327.08
S006661,2026-07-19,C0013,P054,ST005,2,17100.89,0.1,11637.82
S006662,2025-05-05,C0242,P020,ST025,2,6219.3,0.0,5381.43
S006663,2025-01-29,C0826,P045,ST010,4,4974.2,0.0,3792.77
S006664,2025-05-14,C0684,P033,ST020,4,14890.6,0.05,9814.74
S006665,2026-06-25,C0720,P057,ST010,3,8268.36,0.02,5530.0
S006666,2025-01-06,C0508,P080,ST012,5,10225.71,0.05,7154.82
S006667,2026-10-25,C0066,P045,ST003,7,4805.73,0.0,3792.77
S006668,2025-03-02,C0559,P042,ST014,5,13199.5,0.02,8431.76
S006669,2025-06-09,C0661,P081,ST019,6,3405.34,0.0,2254.47
S006670,2025-04-08,C0270,P034,ST022,8,2772.05,0.1,2211.93
S006671,2025-03-18,C0572,P080,ST021,4,10319.78,0.02,7154.82
S006672,2026-03-04,C0417,P016,ST007,7,9077.3,0.02,6754.56
S006673,2026-05-28,C0874,P032,ST025,5,6475.27,0.0,5025.05
S006674,2026-08-24,C0610,P024,ST023,4,4628.14,0.0,2998.79
S006675,2025-12-02,C0379,P078,ST002,6,2733.63,0.0,1948.16
S006676,2025-12-18,C0928,P014,ST021,8,13011.35,0.0,9238.74
S006677,2026-11-24,C0437,P081,ST025,1,3298.74,0.02,2254.47
S006678,2026-01-16,C0206,P076,ST019,6,8988.15,0.02,6054.39
S006679,2026-03-22,C0326,P041,ST021,4,2566.94,0.1,2039.67
S006680,2026-09-21,C0195,P011,ST005,2,11764.17,0.0,8103.73
S006681,2026-04-22,C0553,P066,ST005,4,15989.22,0.0,10315.22
S006682,2025-08-13,C0393,P016,ST007,4,9390.18,0.02,6754.56
S006683,2026-06-12,C0484,P030,ST010,1,13796.64,0.02,9460.8
S006684,2025-01-12,C0370,P025,ST004,2,1492.07,0.0,935.06
S006685,2026-09-12,C0774,P020,ST024,2,7318.34,0.02,5381.43
S006686,2026-12-11,C0291,P062,ST023,8,3393.2,0.05,2627.77
S006687,2025-07-18,C0510,P051,ST001,1,15137.03,0.05,10925.82
S006688,2026-06-26,C0750,P035,ST019,5,650.76,0.02,516.87
S006689,2025-07-19,C0695,P025,ST019,2,1144.65,0.1,935.06
S006690,2026-04-07,C0575,P031,ST019,4,12532.72,0.05,8055.68
S006691,2026-10-03,C0833,P028,ST003,3,10598.49,0.0,8027.52
S006692,2025-12-01,C0338,P030,ST016,2,11444.81,0.0,9460.8
S006693,2026-12-23,C0415,P046,ST002,8,9062.83,0.05,7655.82
S006694,2025-04-22,C0589,P036,ST010,8,2147.44,0.05,1308.06
S006695,2025-07-10,C0697,P015,ST020,2,10982.1,0.05,7707.94
S006696,2026-05-25,C0095,P063,ST024,8,5224.36,0.05,3844.99
S006697,2026-05-17,C0555,P079,ST025,5,1979.17,0.05,1464.98
S006698,2025-08-16,C0553,P002,ST002,4,496.92,0.1,336.51
S006699,2026-06-23,C0475,P012,ST008,3,8358.7,0.1,5785.38
S006700,2026-05-09,C0691,P064,ST014,4,10348.54,0.1,7055.83
S006701,2026-09-20,C0897,P002,ST009,3,391.35,0.1,336.51
S006702,2026-04-03,C0166,P056,ST011,3,14078.26,0.0,8673.46
S006703,2026-11-19,C0675,P010,ST001,3,2610.4,0.02,1595.73
S006704,2026-12-21,C0772,P027,ST024,6,4439.34,0.0,3699.73
S006705,2025-12-12,C0574,P015,ST023,5,9805.09,0.05,7707.94
S006706,2026-01-16,C0184,P011,ST011,2,9508.91,0.15,8103.73
S006707,2025-07-15,C0967,P038,ST003,1,7390.47,0.05,5677.06
S006708,2025-11-01,C0360,P053,ST011,6,4796.1,0.1,3373.97
S006709,2025-09-03,C0817,P020,ST021,5,8321.22,0.1,5381.43
S006710,2026-07-02,C0974,P020,ST023,6,7399.28,0.0,5381.43
S006711,2026-01-11,C0934,P083,ST022,8,10100.69,0.0,7077.47
S006712,2025-03-13,C0258,P010,ST007,4,2083.36,0.05,1595.73
S006713,2025-10-19,C0297,P056,ST002,4,13388.33,0.0,8673.46
S006714,2026-03-01,C0306,P038,ST019,6,8548.76,0.02,5677.06
S006715,2025-09-22,C0805,P087,ST012,4,14104.17,0.1,11513.07
S006716,2025-08-27,C0815,P080,ST023,2,11294.8,0.0,7154.82
S006717,2025-12-15,C0490,P057,ST021,5,8925.62,0.05,5530.0
S006718,2025-12-19,C0117,P077,ST019,6,6373.44,0.02,4125.87
S006719,2025-02-14,C0167,P022,ST007,5,6910.69,0.02,5050.21
S006720,2026-12-13,C0590,P085,ST011,1,8564.64,0.0,7193.26
S006721,2026-04-22,C0488,P081,ST002,8,2848.04,0.02,2254.47
S006722,2025-04-19,C0908,P032,ST020,1,6321.45,0.05,5025.05
S006723,2026-10-21,C0547,P054,ST013,8,18427.35,0.05,11637.82
S006724,2025-01-13,C0813,P059,ST001,8,2096.12,0.0,1382.59
S006725,2026-07-09,C0596,P051,ST018,7,14042.01,0.0,10925.82
S006726,2025-03-17,C0913,P036,ST002,7,1962.65,0.05,1308.06
S006727,2025-08-03,C0836,P077,ST016,3,5261.53,0.05,4125.87
S006728,2025-06-16,C0826,P020,ST012,7,8815.46,0.05,5381.43
S006729,2025-05-19,C0554,P021,ST006,1,4087.98,0.02,2771.37
S006730,2025-11-22,C0071,P071,ST021,4,11086.2,0.0,7113.15
S006731,2026-07-04,C0211,P025,ST016,7,1403.05,0.0,935.06
S006732,2026-02-10,C0765,P054,ST025,6,15203.42,0.1,11637.82
S006733,2026-10-24,C0889,P047,ST020,3,6168.18,0.0,4501.3
S006734,2025-03-02,C0265,P036,ST024,6,2107.11,0.0,1308.06
S006735,2025-03-23,C0902,P056,ST019,8,13639.82,0.02,8673.46
S006736,2026-05-02,C0545,P009,ST015,3,2445.45,0.02,1892.61
S006737,2026-09-19,C0803,P023,ST001,3,12435.08,0.02,10277.49
S006738,2025-04-21,C0123,P031,ST008,2,11957.51,0.05,8055.68
S006739,2026-10-26,C0042,P083,ST024,4,10584.19,0.0,7077.47
S006740,2026-09-30,C0193,P064,ST019,8,11499.69,0.02,7055.83
S006741,2025-08-27,C0973,P001,ST014,7,3698.26,0.0,2598.92
S006742,2025-04-19,C0493,P071,ST002,7,11028.15,0.1,7113.15
S006743,2025-05-05,C0007,P039,ST006,3,3089.88,0.15,2144.94
S006744,2026-04-03,C0276,P038,ST003,1,7629.58,0.02,5677.06
S006745,2025-05-21,C0669,P029,ST010,7,9266.81,0.05,6795.13
S006746,2025-07-07,C0189,P031,ST014,7,11846.37,0.0,8055.68
S006747,2026-06-19,C0611,P005,ST001,3,12562.57,0.1,8535.69
S006748,2025-03-07,C0139,P083,ST025,3,11203.11,0.02,7077.47
S006749,2026-07-02,C0063,P043,ST011,2,6919.22,0.1,5492.34
S006750,2025-03-15,C0673,P080,ST022,3,11615.77,0.02,7154.82
S006751,2025-07-24,C0147,P087,ST004,2,17573.64,0.0,11513.07
S006752,2026-05-02,C0318,P078,ST011,8,2391.88,0.1,1948.16
S006753,2026-12-19,C0469,P035,ST020,1,832.86,0.1,516.87
S006754,2026-10-10,C0399,P010,ST001,5,2079.34,0.0,1595.73
S006755,2025-03-04,C0268,P089,ST023,3,14112.79,0.1,9447.14
S006756,2025-02-12,C0600,P040,ST007,1,7103.64,0.02,6137.28
S006757,2025-08-09,C0202,P026,ST024,6,5505.08,,3556.26
S006758,2025-09-13,C0951,P038,ST003,7,8214.48,0.1,5677.06
S006759,2026-04-23,C0072,P055,ST016,4,12951.09,0.0,9400.32
S006760,2025-01-12,C0895,P085,ST007,1,9376.42,0.15,7193.26
S006761,2026-01-26,C0158,P069,ST020,3,6262.63,0.0,5327.09
S006762,2026-06-05,C0822,P079,ST010,8,1941.14,0.0,1464.98
S006763,2026-04-15,C0226,P050,ST006,7,13408.39,0.02,11552.3
S006764,2025-08-01,C0583,P022,ST002,6,6673.74,0.0,5050.21
S006765,2025-01-06,C0108,P057,ST008,4,8894.6,0.0,5530.0
S006766,2025-07-27,C0821,P009,ST011,3,2777.16,0.05,1892.61
S006767,2026-11-18,C0493,P035,ST005,1,726.37,0.1,516.87
S006768,2025-04-04,C0598,P089,ST008,6,12201.24,0.02,9447.14
S006769,2025-08-09,C0509,P012,ST019,1,7302.41,0.0,5785.38
S006770,2025-03-30,C0969,P088,ST023,2,7115.73,0.0,5917.07
S006771,2025-07-31,C0516,P034,ST006,5,2640.82,0.0,2211.93
S006772,2025-05-24,C0792,P030,ST007,5,14408.24,0.0,9460.8
S006773,2026-04-29,C0594,P089,ST008,1,12936.3,0.0,9447.14
S006774,2025-03-04,C0011,P050,ST023,5,16462.06,0.0,11552.3
S006775,2025-05-07,C0933,P036,ST012,3,2058.92,0.05,1308.06
S006776,2025-12-05,C0331,P043,ST009,2,8307.76,0.0,5492.34
S006777,2026-04-03,C0765,P075,ST023,8,1145.96,0.0,738.97
S006778,2025-07-04,C0027,P034,ST023,8,3385.75,0.02,2211.93
S006779,2026-07-25,C0445,P007,ST022,5,9186.52,0.05,5642.26
S006780,2026-06-24,C0457,P009,ST019,3,3021.0,0.0,1892.61
S006781,2026-07-13,C0151,P029,ST024,7,8615.85,0.02,6795.13
S006782,2025-04-02,C0113,P003,ST010,4,15221.98,0.0,9496.36
S006783,2026-07-06,C0160,P037,ST016,6,12187.41,0.1,8737.72
S006784,2026-04-18,C0396,P077,ST005,5,5013.21,0.02,4125.87
S006785,2026-08-01,C0616,P053,ST003,4,5201.6,0.02,3373.97
S006786,2025-11-08,C0645,P004,ST022,1,12133.38,0.1,8062.0
S006787,2026-09-13,C0241,P001,ST012,1,3177.41,0.02,2598.92
S006788,2026-03-17,C0072,P038,ST015,4,9010.87,0.0,5677.06
S006789,2025-04-08,C0760,P023,ST013,7,15124.88,0.05,10277.49
S006790,2025-07-10,C0871,P077,ST014,3,4890.76,0.02,4125.87
S006791,2026-05-29,C0196,P067,ST015,5,14493.48,0.0,9162.6
S006792,2026-07-06,C0973,P009,ST015,8,2210.14,0.0,1892.61
S006793,2026-04-23,C0366,P044,ST020,1,6274.42,0.05,4727.0
S006794,2025-01-04,C0884,P006,ST010,7,15295.96,0.02,9423.57
S006795,2026-04-24,C0278,P010,ST020,8,2566.4,0.05,1595.73
S006796,2026-01-14,C0654,P004,ST001,2,10005.27,0.05,8062.0
S006797,2026-07-10,C0704,P030,ST009,2,10976.74,0.02,9460.8
S006798,2026-09-11,C0224,P029,ST002,1,8550.22,0.0,6795.13
S006799,2026-06-06,C0829,P040,ST013,6,9751.87,0.02,6137.28
S006800,2025-12-11,C0670,P084,ST022,6,6092.5,0.0,4325.72
S006801,2026-02-02,C0221,P040,ST023,1,8773.68,0.05,6137.28
S006802,2026-02-21,C0533,P055,ST025,4,12972.73,0.05,9400.32
S006803,2026-05-20,C0607,P085,ST009,4,8769.83,0.0,7193.26
S006804,2026-09-11,C0896,P036,ST015,3,1712.03,0.0,1308.06
S006805,2025-08-03,C0588,P044,ST002,2,6995.95,0.0,4727.0
S006806,2026-07-06,C0539,P017,ST004,3,10032.5,0.02,6820.68
S006807,2025-03-19,C0788,P075,ST025,8,1040.35,0.05,738.97
S006808,2026-05-27,C0441,P030,ST013,7,15176.23,0.15,9460.8
S006809,2026-04-17,C0325,P062,ST015,5,3033.07,0.05,2627.77
S006810,2025-10-19,C0943,P048,ST023,7,2034.14,0.02,1279.89
S006811,2025-02-03,C0020,P058,ST018,3,4227.62,0.05,3448.84
S006812,2026-01-30,C0290,P015,ST018,6,12505.56,0.05,7707.94
S006813,2025-01-15,C0653,P042,ST007,1,12757.9,0.0,8431.76
S006814,2026-02-17,C0522,P028,ST024,7,9342.38,0.05,8027.52
S006815,2025-03-08,C0846,P072,ST023,4,12154.67,0.02,7885.7
S006816,2026-11-12,C0511,P005,ST009,1,9895.42,0.05,8535.69
S006817,2026-09-16,C0810,P028,ST007,5,9678.26,0.0,8027.52
S006818,2026-08-13,C0693,P049,ST006,1,2307.39,0.0,1636.57
S006819,2026-05-16,C0728,P058,ST020,8,4347.75,0.05,3448.84
S006820,2026-03-21,C0289,P039,ST001,5,2565.38,0.0,2144.94
S006821,2025-02-28,C0322,P020,ST005,7,6506.82,0.1,5381.43
S006822,2025-04-03,C0583,P034,ST005,5,2862.04,0.0,2211.93
S006823,2025-12-21,C0917,P005,ST025,1,12654.53,0.02,8535.69
S006824,2026-08-24,C0746,P024,ST008,7,4765.51,0.02,2998.79
S006825,2025-03-14,C0617,P052,ST006,1,11335.92,0.05,8471.56
S006826,2025-03-14,C0257,P063,ST022,7,6298.19,0.0,3844.99
S006827,2026-09-27,C0340,P043,ST006,6,6571.39,0.1,5492.34
S006828,2025-01-28,C0052,P043,ST004,2,7479.56,0.0,5492.34
S006829,2026-11-07,C0409,P075,ST021,8,924.37,0.1,738.97
S006830,2025-10-16,C0667,P028,ST018,5,10806.64,0.02,8027.52
S006831,2025-11-09,C0653,P041,ST007,1,2765.14,0.05,2039.67
S006832,2026-05-16,C0730,P027,ST002,7,5307.59,0.0,3699.73
S006833,2025-04-10,C0071,P074,ST018,4,8206.83,0.1,5135.74
S006834,2025-03-10,C0700,P024,ST011,1,4428.75,0.02,2998.79
S006835,2026-07-08,C0693,P004,ST008,8,11555.59,0.02,8062.0
S006836,2026-06-14,C0407,P074,ST009,4,7069.59,0.02,5135.74
S006837,2026-05-11,C0064,P035,ST003,4,794.93,0.02,516.87
S006838,2025-02-16,C0785,P054,ST003,4,14274.36,0.0,11637.82
S006839,2025-01-30,C0382,P040,ST006,2,7415.78,0.02,6137.28
S006840,2026-07-30,C0087,P015,ST002,4,11109.16,0.0,7707.94
S006841,2025-03-17,C0514,P066,ST002,4,13674.8,0.05,10315.22
S006842,2025-10-25,C0084,P040,ST025,7,9437.38,0.02,6137.28
S006843,2026-07-04,C0418,P036,ST012,1,1523.23,0.05,1308.06
S006844,2026-07-28,C0289,P087,ST004,7,18903.94,0.0,11513.07
S006845,2026-11-27,C0550,P050,ST012,5,14189.52,0.05,11552.3
S006846,2026-02-07,C0682,P031,ST014,8,12185.75,0.05,8055.68
S006847,2025-01-18,C0407,P009,ST006,3,2768.12,0.05,1892.61
S006848,2026-04-09,C0394,P075,ST016,2,932.85,0.02,738.97
S006849,2026-03-13,C0656,P017,ST008,2,9250.04,0.0,6820.68
S006850,2025-03-20,C0952,P056,ST015,7,10770.23,0.05,8673.46
S006851,2025-03-26,C0538,P084,ST013,8,5415.79,0.0,4325.72
S006852,2026-03-20,C0952,P017,ST017,8,9490.5,0.05,6820.68
S006853,2025-12-19,C0160,P069,ST014,8,6452.78,0.0,5327.09
S006854,2025-12-13,C0535,P004,ST017,3,12550.71,0.1,8062.0
S006855,2025-02-05,C0167,P081,ST007,5,3254.28,0.0,2254.47
S006856,2026-06-07,C0420,P040,ST011,8,9047.43,0.05,6137.28
S006857,2026-05-09,C0455,P029,ST001,4,9994.5,0.1,6795.13
S006858,2025-12-23,C0467,P082,ST022,3,14352.14,0.0,11120.16
S006859,2025-08-11,C0443,P028,ST004,7,10890.22,0.1,8027.52
S006860,2026-07-14,C0958,P089,ST018,1,14221.83,0.0,9447.14
S006861,2025-04-11,C0658,P025,ST002,8,1385.28,,935.06
S006862,2025-03-16,C0670,P055,ST022,5,14482.32,0.05,9400.32
S006863,2025-05-01,C0317,P063,ST022,6,5430.43,0.02,3844.99
S006864,2025-09-17,C0127,P089,ST008,7,15176.14,0.15,9447.14
S006865,2026-12-21,C0453,P009,ST007,6,2937.61,0.05,1892.61
S006866,2025-03-23,C0774,P040,ST024,8,7752.21,0.02,6137.28
S006867,2026-05-06,C0061,P024,ST020,7,4113.52,0.05,2998.79
S006868,2026-01-05,C0994,P073,ST021,1,1729.57,0.1,1242.22
S006869,2025-11-23,C0895,P067,ST009,4,11639.28,0.0,9162.6
S006870,2026-11-10,C0062,P069,ST022,1,7059.78,0.0,5327.09
S006871,2026-12-23,C0430,P068,ST011,8,12095.6,0.0,8703.69
S006872,2025-08-06,C0718,P062,ST024,3,3199.61,0.1,2627.77
S006873,2025-06-16,C0271,P059,ST020,5,1884.12,0.0,1382.59
S006874,2026-06-12,C0500,P076,ST025,7,9880.14,0.05,6054.39
S006875,2025-07-04,C0001,P065,ST010,5,2964.08,0.02,2327.08
S006876,2026-05-24,C0135,P054,ST018,4,17821.86,0.0,11637.82
S006877,2026-04-27,C0253,P030,ST016,6,14386.98,0.05,9460.8
S006878,2025-04-18,C0836,P021,ST017,6,4319.45,0.0,2771.37
S006879,2025-02-06,C0285,P034,ST016,4,3185.27,0.0,2211.93
S006880,2026-06-29,C0509,P020,ST018,6,6895.73,0.05,5381.43
S006881,2026-12-24,C0140,P006,ST022,7,15019.29,0.0,9423.57
S006882,2026-02-26,C0260,P021,ST013,6,3997.96,0.05,2771.37
S006883,2026-12-14,C0300,P052,ST016,4,10073.74,0.05,8471.56
S006884,2025-11-26,C0133,P052,ST002,8,10074.8,0.0,8471.56
S006885,2026-10-17,C0102,P010,ST020,5,2575.11,0.05,1595.73
S006886,2025-10-23,C0239,P088,ST009,3,8556.88,0.02,5917.07
S006887,2025-03-05,C0754,P015,ST003,3,10192.94,0.05,7707.94
S006888,2026-08-10,C0203,P026,ST018,5,4987.85,0.0,3556.26
S006889,2025-09-24,C0535,P012,ST016,4,8803.56,0.0,5785.38
S006890,2026-09-18,C0591,P044,ST006,8,6434.17,0.02,4727.0
S006891,2026-03-05,C0853,P001,ST020,7,3269.19,0.05,2598.92
S006892,2026-05-17,C0453,P078,ST006,1,3091.98,0.02,1948.16
S006893,2026-02-12,C0546,P064,ST008,3,8237.5,0.05,7055.83
S006894,2025-12-29,C0986,P077,ST013,2,6524.91,0.05,4125.87
S006895,2025-07-24,C0224,P066,ST002,5,15956.27,0.05,10315.22
S006896,2025-11-19,C0001,P031,ST013,2,10683.6,0.02,8055.68
S006897,2025-12-17,C0180,P074,ST024,2,7291.66,0.0,5135.74
S006898,2026-08-09,C0728,P018,ST020,1,4569.35,0.0,3821.41
S006899,2026-06-09,C0846,P068,ST024,6,14008.2,0.05,8703.69
S006900,2025-02-25,C0616,P023,ST003,2,13464.14,0.0,10277.49
S006901,2025-12-04,C0424,P053,ST017,4,4404.89,0.02,3373.97
S006902,2025-07-22,C0857,P027,ST017,2,5597.21,0.15,3699.73
S006903,2026-04-14,C0326,P040,ST019,3,9699.01,0.05,6137.28
S006904,2026-06-19,C0019,P072,ST018,2,9491.0,0.0,7885.7
S006905,2026-01-04,C0509,P025,ST018,3,1386.74,0.02,935.06
S006906,2026-06-12,C0032,P068,ST010,3,10127.24,0.1,8703.69
S006907,2026-10-04,C0108,P009,ST008,4,2755.18,0.05,1892.61
S006908,2025-01-02,C0995,P088,ST022,3,6942.28,0.05,5917.07
S006909,2025-05-30,C0431,P030,ST008,6,13601.65,0.02,9460.8
S006910,2026-10-25,C0972,P035,ST012,3,599.95,0.0,516.87
S006911,2026-06-25,C0781,P037,ST002,7,14308.8,0.05,8737.72
S006912,2026-08-30,C0938,P088,ST013,4,7700.21,0.0,5917.07
S006913,2025-01-03,C0972,P030,ST013,5,15288.25,0.0,9460.8
S006914,2025-03-20,C0732,P012,ST003,1,8177.97,0.05,5785.38
S006915,2025-09-09,C0530,P007,ST006,3,8189.48,0.0,5642.26
S006916,2026-03-10,C0371,P063,ST002,1,4990.39,0.1,3844.99
S006917,2026-03-23,C0252,P043,ST005,8,8521.04,0.0,5492.34
S006918,2026-05-10,C0558,P024,ST015,6,3744.56,0.0,2998.79
S006919,2026-02-12,C0733,P040,ST022,3,8831.63,0.02,6137.28
S006920,2025-02-14,C0092,P012,ST008,3,7598.61,0.05,5785.38
S006921,2025-04-03,C0767,P010,ST011,8,2416.57,0.02,1595.73
S006922,2026-04-09,C0064,P017,ST001,1,11065.35,0.0,6820.68
S006923,2026-12-16,C0888,P062,ST008,4,4218.91,0.02,2627.77
S006924,2026-08-02,C0984,P071,ST003,1,11119.75,0.0,7113.15
S006925,2025-04-11,C0387,P079,ST024,4,2126.97,0.0,1464.98
S006926,2026-07-11,C0469,P059,ST018,1,2080.39,0.0,1382.59
S006927,2025-01-19,C0047,P023,ST007,6,13877.94,0.02,10277.49
S006928,2026-07-30,C0207,P049,ST025,3,2300.93,0.0,1636.57
S006929,2025-01-30,C0916,P041,ST018,5,2597.04,0.02,2039.67
S006930,2026-12-20,C0935,P004,ST024,8,11222.99,0.0,8062.0
S006931,2025-01-12,C0582,P053,ST011,8,4202.5,0.02,3373.97
S006932,2025-07-05,C0171,P018,ST011,7,4536.47,0.15,3821.41
S006933,2025-03-27,C0300,P089,ST014,6,11586.44,0.0,9447.14
S006934,2026-07-03,C0097,P002,ST011,6,415.36,0.05,336.51
S006935,2025-06-06,C0975,P038,ST022,4,9069.66,0.05,5677.06
S006936,2026-04-28,C0168,P040,ST015,3,8701.55,0.0,6137.28
S006937,2025-04-15,C0508,P086,ST013,6,663.41,0.0,517.95
S006938,2025-11-27,C0900,P004,ST001,2,10051.78,0.05,8062.0
S006939,2025-02-24,C0839,P035,ST012,6,741.55,0.0,516.87
S006940,2026-02-27,C0420,P071,ST011,6,9537.59,0.15,7113.15
S006941,2026-09-04,C0331,P045,ST006,6,5400.64,0.0,3792.77
S006942,2026-05-07,C0529,P048,ST006,8,1732.12,0.0,1279.89
S006943,2025-10-13,C0132,P038,ST001,1,8897.94,0.1,5677.06
S006944,2025-05-16,C0941,P045,ST001,3,5224.08,0.0,3792.77
S006945,2026-01-18,C0201,P051,ST004,8,12889.23,0.05,10925.82
S006946,2025-05-16,C0793,P036,ST009,8,1718.4,0.1,1308.06
S006947,2025-12-18,C0589,P007,ST010,2,8050.9,0.02,5642.26
S006948,2025-12-01,C0790,P027,ST020,3,5958.53,0.0,3699.73
S006949,2026-03-12,C0947,P084,ST019,6,6875.04,0.05,4325.72
S006950,2026-02-08,C0020,P034,ST019,6,3269.85,0.0,2211.93
S006951,2025-08-12,C0406,P004,ST011,1,13248.21,0.1,8062.0
S006952,2025-08-02,C0713,P012,ST024,3,7800.0,0.0,5785.38
S006953,2025-09-05,C0810,P071,ST009,1,9875.46,0.0,7113.15
S006954,2026-01-15,C0906,P065,ST009,3,3121.66,0.0,2327.08
S006955,2025-09-05,C0382,P054,ST009,7,16866.47,0.0,11637.82
S006956,2026-04-03,C0953,P032,ST009,6,7996.69,0.0,5025.05
S006957,2026-05-20,C0921,P065,ST024,6,2703.06,0.0,2327.08
S006958,2026-01-01,C0846,P030,ST023,4,14088.44,0.05,9460.8
S006959,2026-05-21,C0904,P035,ST020,3,669.92,0.05,516.87
S006960,2026-10-27,C0437,P009,ST023,2,2501.51,0.05,1892.61
S006961,2025-11-15,C0105,P013,ST016,3,10293.18,0.0,6891.52
S006962,2025-04-01,C0206,P021,ST019,6,3634.17,0.0,2771.37
S006963,2026-04-22,C0337,P052,ST011,1,9990.11,0.02,8471.56
S006964,2026-03-16,C0335,P068,ST002,4,10190.7,0.0,8703.69
S006965,2025-07-18,C0425,P012,ST017,6,9528.26,0.02,5785.38
S006966,2026-12-02,C0671,P040,ST002,6,7570.84,0.02,6137.28
S006967,2026-01-22,C0274,P012,ST025,6,8386.43,0.0,5785.38
S006968,2026-02-24,C0509,P073,ST020,8,1500.39,0.0,1242.22
S006969,2025-09-11,C0835,P068,ST007,3,12200.6,0.05,8703.69
S006970,2026-02-26,C0956,P084,ST006,2,6730.93,0.02,4325.72
S006971,2026-02-04,C0249,P024,ST004,3,4796.81,0.02,2998.79
S006972,2025-10-19,C0596,P041,ST018,1,2410.9,0.1,2039.67
S006973,2026-08-06,C0469,P045,ST021,5,4437.87,0.15,3792.77
S006974,2025-05-27,C0011,P086,ST024,2,772.76,0.1,517.95
S006975,2025-12-29,C0232,P070,ST003,5,11354.04,0.0,7620.88
S006976,2025-08-31,C0871,P028,ST014,6,13067.2,0.02,8027.52
S006977,2025-06-16,C0039,P049,ST023,3,1959.47,0.05,1636.57
S006978,2026-01-10,C0426,P021,ST018,5,4088.73,0.05,2771.37
S006979,2026-04-26,C0134,P056,ST015,6,12637.02,0.02,8673.46
S006980,2026-01-16,C0763,P014,ST004,7,13013.26,0.0,9238.74
S006981,2026-04-21,C0820,P076,ST010,8,7770.97,0.1,6054.39
S006982,2026-11-01,C0270,P059,ST025,8,2236.64,0.02,1382.59
S006983,2026-03-13,C0983,P050,ST024,7,17964.75,0.0,11552.3
S006984,2025-10-04,C0201,P010,ST002,2,2331.42,0.05,1595.73
S006985,2026-11-17,C0869,P081,ST021,7,3361.41,0.1,2254.47
S006986,2026-10-01,C0276,P066,ST003,6,12257.92,0.0,10315.22
S006987,2026-03-21,C0562,P010,ST006,1,2207.09,0.1,1595.73
S006988,2026-12-06,C0477,P012,ST020,6,7583.81,0.1,5785.38
S006989,2025-06-11,C0413,P063,ST001,6,5936.95,0.05,3844.99
S006990,2026-11-25,C0291,P028,ST023,4,9778.25,0.02,8027.52
S006991,2026-07-08,C0749,P071,ST001,2,10672.75,0.05,7113.15
S006992,2026-11-27,C0508,P055,ST011,2,14198.32,0.0,9400.32
S006993,2025-03-17,C0581,P082,ST012,4,14397.1,0.0,11120.16
S006994,2025-09-30,C0726,P017,ST022,2,10024.41,0.02,6820.68
S006995,2025-10-06,C0205,P081,ST020,2,3485.76,0.0,2254.47
S006996,2025-06-22,C0138,P035,ST010,4,678.27,0.15,516.87
S006997,2025-12-04,C0263,P081,ST021,5,3397.44,0.05,2254.47
S006998,2025-04-10,C0093,P004,ST024,7,12712.89,0.1,8062.0
S006999,2026-07-09,C0640,P010,ST024,2,2589.36,0.05,1595.73
S007000,2026-10-06,C0154,P067,ST004,4,10949.81,0.0,9162.6
S007001,2025-04-14,C0774,P088,ST024,8,7555.99,0.05,5917.07
S007002,2026-11-03,C0484,P019,ST011,4,835.02,0.1,612.11
S007003,2026-09-15,C0016,P077,ST020,1,5594.58,0.05,4125.87
S007004,2025-01-26,C0685,P087,ST024,8,14201.39,0.0,11513.07
S007005,2026-07-18,C0112,P046,ST023,2,12211.04,0.05,7655.82
S007006,2026-01-29,C0687,P087,ST017,2,16817.2,0.02,11513.07
S007007,2026-01-16,C0018,P052,ST016,7,11198.87,0.02,8471.56
S007008,2025-01-20,C0510,P007,ST004,1,9023.49,0.0,5642.26
S007009,2025-09-10,C0009,P060,ST013,2,14535.77,0.0,10855.58
S007010,2026-06-09,C0226,P077,ST006,2,5248.39,0.05,4125.87
S007011,2025-11-06,C0460,P016,ST014,1,7982.89,0.1,6754.56
S007012,2026-05-13,C0549,P031,ST020,5,10415.57,0.02,8055.68
S007013,2025-07-19,C0764,P086,ST011,7,714.44,0.05,517.95
S007014,2025-02-25,C0551,P080,ST009,5,11487.83,0.02,7154.82
S007015,2025-12-26,C0480,P084,ST001,7,6699.25,0.0,4325.72
S007016,2025-01-25,C0022,P004,ST023,3,12754.31,0.0,8062.0
S007017,2026-10-01,C0741,P026,ST007,5,4254.28,0.1,3556.26
S007018,2025-03-11,C0681,P031,ST004,3,10223.95,0.0,8055.68
S007019,2025-09-16,C0440,P028,ST009,6,10116.72,0.02,8027.52
S007020,2026-11-01,C0683,P088,ST008,3,9117.57,0.05,5917.07
S007021,2025-11-28,C0342,P078,ST001,8,2333.76,0.05,1948.16
S007022,2025-09-23,C0748,P087,ST002,1,15277.39,0.1,11513.07
S007023,2025-02-28,C0209,P049,ST017,4,2379.91,0.05,1636.57
S007024,2026-01-04,C0107,P056,ST015,3,12258.43,0.05,8673.46
S007025,2025-11-12,C0278,P055,ST019,8,12538.86,0.05,9400.32
S007026,2026-03-05,C0934,P028,ST022,7,12731.33,0.1,8027.52
S007027,2025-06-07,C0560,P047,ST006,2,6269.02,0.05,4501.3
S007028,2026-01-26,C0309,P081,ST005,2,2901.84,0.0,2254.47
S007029,2025-10-01,C0063,P011,ST011,4,11146.7,0.05,8103.73
S007030,2025-03-05,C0575,P052,ST019,1,13857.67,0.0,8471.56
S007031,2025-06-06,C0632,P080,ST017,4,10060.14,0.0,7154.82
S007032,2026-10-08,C0839,P053,ST010,5,5214.55,0.02,3373.97
S007033,2025-09-16,C0485,P084,ST023,8,7013.22,0.02,4325.72
S007034,2026-06-23,C0213,P047,ST014,6,6646.99,0.02,4501.3
S007035,2026-11-10,C0478,P057,ST007,6,8442.37,0.1,5530.0
S007036,2025-05-12,C0157,P033,ST025,7,12260.93,0.02,9814.74
S007037,2025-10-06,C0974,P008,ST024,8,11295.89,0.0,6932.71
S007038,2025-03-07,C0316,P086,ST002,4,597.38,0.0,517.95
S007039,2026-05-18,C0755,P047,ST021,6,6711.37,0.0,4501.3
S007040,2025-10-15,C0462,P022,ST020,8,7762.9,0.05,5050.21
S007041,2026-11-22,C0789,P076,ST014,7,7989.61,0.02,6054.39
S007042,2026-03-15,C0179,P056,ST007,8,12802.92,0.02,8673.46
S007043,2025-10-26,C0860,P082,ST009,3,16993.63,0.05,11120.16
S007044,2025-09-21,C0896,P013,ST014,3,10562.38,0.0,6891.52
S007045,2025-03-10,C0465,P002,ST024,2,472.79,0.1,336.51
S007046,2026-02-21,C0218,P033,ST021,1,15440.74,0.02,9814.74
S007047,2026-12-27,C0693,P010,ST009,7,2340.1,0.05,1595.73
S007048,2026-11-03,C0899,P025,ST010,7,1286.56,0.0,935.06
S007049,2026-01-28,C0558,P059,ST017,1,2211.73,0.0,1382.59
S007050,2025-02-04,C0384,P013,ST017,5,11067.85,0.0,6891.52
S007051,2026-09-24,C0163,P046,ST010,1,10487.52,0.02,7655.82
S007052,2026-12-26,C0949,P066,ST012,6,12706.16,0.0,10315.22
S007053,2025-07-09,C0186,P043,ST017,3,7548.1,0.1,5492.34
S007054,2025-01-07,C0784,P019,ST011,5,763.67,0.0,612.11
S007055,2026-12-19,C0139,P060,ST025,7,16489.58,0.0,10855.58
S007056,2025-07-21,C0397,P048,ST012,2,2045.27,0.05,1279.89
S007057,2025-09-15,C0330,P037,ST013,5,10902.19,0.0,8737.72
S007058,2026-09-19,C0830,P026,ST002,7,4521.92,0.0,3556.26
S007059,2026-01-15,C0326,P013,ST019,7,10341.53,0.05,6891.52
S007060,2026-03-31,C0358,P084,ST017,7,6986.0,0.05,4325.72
S007061,2026-11-04,C0182,P090,ST011,7,1476.43,0.0,1222.08
S007062,2025-11-25,C0329,P052,ST005,2,13038.97,0.0,8471.56
S007063,2026-06-30,C0184,P080,ST011,4,10288.93,0.1,7154.82
S007064,2025-03-27,C0107,P032,ST016,3,5873.43,0.05,5025.05
S007065,2025-07-01,C0138,P086,ST011,8,751.53,0.1,517.95
S007066,2026-05-20,C0168,P009,ST016,7,2867.12,0.05,1892.61
S007067,2025-07-17,C0321,P012,ST016,7,8490.49,0.05,5785.38
S007068,2026-08-18,C0872,P069,ST015,5,8674.86,0.0,5327.09
S007069,2026-09-08,C0236,P030,ST001,1,13498.72,0.0,9460.8
S007070,2025-06-08,C0716,P061,ST010,8,8602.16,0.02,5605.37
S007071,2026-09-03,C0112,P070,ST025,5,9544.2,0.05,7620.88
S007072,2026-08-15,C0058,P017,ST023,2,7899.84,0.05,6820.68
S007073,2026-10-23,C0275,P041,ST001,7,2656.67,0.02,2039.67
S007074,2026-04-19,C0882,P043,ST018,8,8674.33,0.05,5492.34
S007075,2026-11-25,C0683,P007,ST007,7,9096.43,0.0,5642.26
S007076,2025-12-23,C0207,P074,ST024,7,7426.25,0.02,5135.74
S007077,2026-01-11,C0485,P053,ST022,6,4501.13,0.02,3373.97
S007078,2026-11-03,C0067,P019,ST003,3,758.93,0.0,612.11
S007079,2026-10-28,C0652,P045,ST007,3,4568.56,0.02,3792.77
S007080,2025-06-30,C0153,P084,ST025,1,7051.32,,4325.72
S007081,2026-11-03,C0218,P016,ST021,3,8071.44,0.02,6754.56
S007082,2025-12-03,C0838,P027,ST008,8,5214.78,0.0,3699.73
S007083,2026-04-24,C0319,P058,ST019,6,4785.89,0.02,3448.84
S007084,2025-12-10,C0374,P023,ST009,5,12113.94,0.05,10277.49
S007085,2025-07-07,C0149,P038,ST013,4,8293.56,0.02,5677.06
S007086,2025-08-25,C0096,P062,ST018,3,3122.45,0.02,2627.77
S007087,2025-05-11,C0633,P036,ST014,6,1688.15,0.02,1308.06
S007088,2025-09-07,C0107,P007,ST014,8,8055.28,0.05,5642.26
S007089,2025-01-03,C0315,P084,ST005,3,5870.81,0.05,4325.72
S007090,2026-02-21,C0337,P026,ST012,8,4390.76,0.05,3556.26
S007091,2026-05-18,C0743,P045,ST025,1,4497.4,0.05,3792.77
S007092,2026-10-02,C0338,P030,ST016,3,13010.32,0.05,9460.8
S007093,2025-06-01,C0343,P026,ST016,2,4533.39,0.05,3556.26
S007094,2025-10-08,C0088,P065,ST012,4,3814.65,0.15,2327.08
S007095,2026-11-26,C0008,P023,ST013,2,14329.19,0.0,10277.49
S007096,2026-03-02,C0990,P003,ST024,3,12816.67,0.02,9496.36
S007097,2026-04-08,C0400,P072,ST023,4,11893.4,0.1,7885.7
S007098,2025-05-31,C0719,P003,ST006,2,13479.6,0.05,9496.36
S007099,2026-09-01,C0192,P049,ST005,8,2401.97,0.0,1636.57
S007100,2026-05-04,C0271,P070,ST018,5,9559.49,0.0,7620.88
S007101,2026-05-22,C0009,P002,ST011,3,554.36,0.02,336.51
S007102,2026-01-08,C0298,P080,ST010,3,10071.03,0.02,7154.82
S007103,2025-11-04,C0388,P058,ST022,7,4631.36,0.02,3448.84
S007104,2025-10-19,C0262,P015,ST022,4,9962.67,0.02,7707.94
S007105,2026-08-16,C0350,P077,ST014,2,6611.14,0.02,4125.87
S007106,2025-07-03,C0764,P045,ST013,5,5933.86,0.05,3792.77
S007107,2025-05-12,C0709,P036,ST001,6,1799.53,0.05,1308.06
S007108,2026-11-17,C0881,P090,ST025,3,1929.5,0.02,1222.08
S007109,2025-06-03,C0048,P063,ST001,3,5289.95,0.0,3844.99
S007110,2026-08-22,C0607,P069,ST007,6,7870.29,0.02,5327.09
S007111,2025-09-03,C0884,P050,ST010,2,18172.79,0.0,11552.3
S007112,2025-05-22,C0518,P087,ST008,7,16287.64,0.05,11513.07
S007113,2025-12-09,C0791,P041,ST006,2,3251.57,0.05,2039.67
S007114,2026-06-05,C0240,P030,ST020,2,14860.74,0.05,9460.8
S007115,2025-03-05,C0069,P044,ST005,5,5684.62,0.1,4727.0
S007116,2025-04-03,C0519,P066,ST017,2,16407.73,0.15,10315.22
S007117,2025-08-10,C0034,P068,ST023,3,10868.24,0.1,8703.69
S007118,2026-12-04,C0351,P024,ST021,1,3497.16,0.0,2998.79
S007119,2025-01-15,C0892,P081,ST020,7,3545.59,0.05,2254.47
S007120,2025-04-04,C0055,P071,ST004,6,8316.62,0.0,7113.15
S007121,2026-12-09,C0955,P082,ST014,5,14724.79,0.05,11120.16
S007122,2025-03-18,C0741,P024,ST009,8,4151.6,0.05,2998.79
S007123,2026-08-22,C0535,P019,ST016,3,799.97,0.05,612.11
S007124,2026-02-28,C0318,P016,ST013,3,10960.5,0.1,6754.56
S007125,2026-01-29,C0260,P069,ST012,7,6362.21,0.05,5327.09
S007126,2026-12-18,C0256,P046,ST013,7,9192.38,0.05,7655.82
S007127,2026-05-06,C0340,P042,ST006,7,9980.94,0.1,8431.76
S007128,2026-08-18,C0230,P083,ST022,5,10738.54,0.0,7077.47
S007129,2025-07-06,C0851,P047,ST016,4,6667.54,0.02,4501.3
S007130,2026-03-04,C0308,P085,ST017,2,11649.72,0.02,7193.26
S007131,2026-08-19,C0340,P005,ST008,5,12068.38,0.0,8535.69
S007132,2026-07-03,C0890,P053,ST008,8,5365.75,0.05,3373.97
S007133,2025-02-14,C0347,P015,ST010,1,11223.42,0.0,7707.94
S007134,2025-10-03,C0456,P016,ST003,5,10238.0,0.0,6754.56
S007135,2026-10-01,C0380,P042,ST022,4,13660.79,0.0,8431.76
S007136,2026-03-01,C0888,P027,ST008,7,6093.51,0.02,3699.73
S007137,2026-09-07,C0036,P002,ST004,1,409.97,0.0,336.51
S007138,2026-08-02,C0982,P053,ST004,4,4270.11,0.05,3373.97
S007139,2025-01-05,C0109,P048,ST007,6,1766.78,0.0,1279.89
S007140,2025-04-25,C0755,P039,ST018,3,2808.59,0.15,2144.94
S007141,2025-05-16,C0497,P050,ST021,3,14506.22,0.05,11552.3
S007142,2026-11-21,C0938,P017,ST011,5,8894.13,0.05,6820.68
S007143,2025-05-27,C0588,P014,ST004,6,10944.82,0.0,9238.74
S007144,2026-06-18,C0406,P070,ST013,4,10553.59,0.05,7620.88
S007145,2026-01-07,C0419,P065,ST015,3,3043.48,0.1,2327.08
S007146,2025-02-06,C0444,P039,ST006,2,3530.66,0.02,2144.94
S007147,2025-05-15,C0260,P021,ST012,8,3474.23,0.05,2771.37
S007148,2026-04-25,C0774,P037,ST022,6,10443.25,0.0,8737.72
S007149,2026-11-03,C0403,P082,ST022,6,14875.77,0.05,11120.16
S007150,2025-04-10,C0844,P030,ST010,8,14184.97,0.0,9460.8
S007151,2026-12-19,C0247,P078,ST020,3,2721.73,0.0,1948.16
S007152,2025-09-14,C0294,P088,ST025,7,7067.49,0.05,5917.07
S007153,2026-12-18,C0745,P027,ST003,6,4260.82,0.05,3699.73
S007154,2026-03-02,C0347,P030,ST010,6,15493.18,0.02,9460.8
S007155,2026-12-26,C0315,P077,ST001,3,5051.34,0.1,4125.87
S007156,2025-07-20,C0225,P073,ST014,5,1586.3,0.05,1242.22
S007157,2026-06-07,C0419,P046,ST017,8,9674.06,0.0,7655.82
S007158,2026-02-10,C0822,P061,ST012,8,8626.3,0.05,5605.37
S007159,2026-08-07,C0364,P053,ST012,4,3924.31,0.02,3373.97
S007160,2026-05-20,C0210,P075,ST003,3,1126.65,0.02,738.97
S007161,2025-05-24,C0920,P088,ST019,1,9253.48,0.1,5917.07
S007162,2026-11-06,C0407,P081,ST009,6,3344.52,0.15,2254.47
S007163,2025-02-20,C0089,P039,ST015,5,3270.58,0.0,2144.94
S007164,2026-09-04,C0559,P007,ST014,5,8270.49,0.1,5642.26
S007165,2025-08-27,C0566,P079,ST016,3,1726.76,0.02,1464.98
S007166,2025-09-19,C0533,P070,ST025,7,11171.63,0.02,7620.88
S007167,2025-05-25,C0025,P090,ST012,1,1530.97,0.05,1222.08
S007168,2025-04-14,C0688,P037,ST003,4,10188.76,0.02,8737.72
S007169,2026-07-01,C0055,P006,ST004,8,11476.27,0.02,9423.57
S007170,2025-09-09,C0775,P077,ST025,1,5775.99,0.02,4125.87
S007171,2026-03-03,C0977,P067,ST001,8,14807.02,0.05,9162.6
S007172,2025-03-07,C0336,P072,ST006,8,10647.51,0.0,7885.7
S007173,2025-04-05,C0461,P056,ST010,6,12844.62,0.1,8673.46
S007174,2026-06-13,C0985,P079,ST012,2,2353.16,0.0,1464.98
S007175,2026-03-21,C0625,P024,ST024,3,4080.67,0.0,2998.79
S007176,2025-07-14,C0806,P073,ST001,1,1701.4,0.1,1242.22
S007177,2026-05-24,C0691,P055,ST016,8,10916.35,0.0,9400.32
S007178,2026-12-28,C0137,P069,ST007,2,6701.49,0.05,5327.09
S007179,2025-05-31,C0123,P060,ST007,2,14665.42,0.02,10855.58
S007180,2026-06-23,C0135,P021,ST021,7,3767.84,0.05,2771.37
S007181,2026-03-23,C0350,P063,ST014,3,5136.46,0.02,3844.99
S007182,2025-09-19,C0630,P063,ST015,5,5967.96,0.0,3844.99
S007183,2026-04-02,C0564,P084,ST023,4,5192.54,0.05,4325.72
S007184,2025-06-28,C0064,P041,ST001,2,2863.25,0.05,2039.67
S007185,2025-11-07,C0690,P084,ST005,6,5306.91,0.0,4325.72
S007186,2025-05-13,C0946,P054,ST021,8,13575.75,0.05,11637.82
S007187,2026-04-26,C0965,P007,ST002,1,8829.07,0.02,5642.26
S007188,2025-02-25,C0532,P019,ST014,1,979.65,0.15,612.11
S007189,2026-09-21,C0108,P060,ST006,2,17728.68,0.02,10855.58
S007190,2026-05-11,C0231,P051,ST018,3,16058.83,0.02,10925.82
S007191,2025-07-29,C0686,P073,ST002,4,1725.65,0.02,1242.22
S007192,2026-09-23,C0446,P049,ST015,5,1966.03,0.02,1636.57
S007193,2025-09-11,C0703,P090,ST012,2,1596.12,0.02,1222.08
S007194,2025-02-05,C0856,P063,ST013,4,4981.2,0.02,3844.99
S007195,2025-12-29,C0895,P050,ST008,5,16351.02,0.05,11552.3
S007196,2026-05-19,C0038,P065,ST022,6,3804.4,0.02,2327.08
S007197,2026-11-12,C0096,P050,ST021,3,15075.24,0.1,11552.3
S007198,2026-05-29,C0216,P011,ST010,2,9503.75,0.02,8103.73
S007199,2026-08-04,C0211,P059,ST016,4,2040.31,0.0,1382.59
S007200,2025-05-06,C0753,P015,ST001,3,10490.68,0.02,7707.94
S007201,2026-10-14,C0063,P065,ST010,6,3289.71,0.02,2327.08
S007202,2026-12-30,C0340,P001,ST007,5,3575.05,0.05,2598.92
S007203,2026-10-26,C0111,P038,ST016,5,6560.59,0.05,5677.06
S007204,2026-11-27,C0431,P004,ST006,1,9644.96,0.05,8062.0
S007205,2025-10-07,C0626,P078,ST004,5,2575.31,0.05,1948.16
S007206,2025-08-15,C0218,P034,ST018,1,3036.79,0.02,2211.93
S007207,2026-05-11,C0822,P042,ST012,4,13261.85,0.02,8431.76
S007208,2026-05-01,C0792,P002,ST006,1,467.79,0.02,336.51
S007209,2026-07-26,C0544,P009,ST012,6,2454.22,0.0,1892.61
S007210,2025-04-12,C0378,P004,ST021,4,10162.85,0.05,8062.0
S007211,2026-05-02,C0844,P006,ST010,4,13476.4,0.05,9423.57
S007212,2025-06-27,C0808,P062,ST022,2,3760.62,0.02,2627.77
S007213,2025-04-14,C0841,P066,ST022,5,16807.49,0.02,10315.22
S007214,2025-04-07,C0964,P041,ST023,3,2823.86,0.05,2039.67
S007215,2025-02-28,C0010,P065,ST002,8,2867.15,0.0,2327.08
S007216,2025-03-18,C0940,P011,ST008,8,11301.93,0.02,8103.73
S007217,2026-10-27,C0936,P038,ST006,8,8773.31,0.05,5677.06
S007218,2026-12-20,C0331,P067,ST007,7,14965.06,0.15,9162.6
S007219,2025-12-16,C0633,P015,ST015,3,10950.59,0.0,7707.94
S007220,2026-12-05,C0111,P013,ST014,5,10803.47,0.1,6891.52
S007221,2026-03-19,C0248,P053,ST024,8,4132.43,0.0,3373.97
S007222,2026-12-18,C0008,P069,ST010,7,8567.55,,5327.09
S007223,2025-11-23,C0983,P050,ST024,4,15230.03,0.05,11552.3
S007224,2026-07-12,C0749,P051,ST002,4,12803.78,0.0,10925.82
S007225,2026-09-08,C0552,P053,ST023,8,5478.31,0.02,3373.97
S007226,2025-10-23,C0309,P023,ST001,7,13644.93,0.02,10277.49
S007227,2025-10-31,C0247,P039,ST019,6,2483.19,0.1,2144.94
S007228,2025-08-24,C0472,P081,ST017,7,3289.09,0.0,2254.47
S007229,2026-07-23,C0082,P038,ST010,5,8084.63,0.05,5677.06
S007230,2026-06-24,C0731,P042,ST021,3,13414.9,0.02,8431.76
S007231,2026-07-03,C0872,P020,ST017,8,8166.29,0.02,5381.43
S007232,2025-06-20,C0854,P009,ST004,6,2806.2,0.02,1892.61
S007233,2025-12-06,C0733,P086,ST023,5,728.9,0.1,517.95
S007234,2025-07-08,C0095,P072,ST023,3,12831.72,0.02,7885.7
S007235,2025-02-03,C0926,P035,ST024,2,711.76,0.02,516.87
S007236,2026-01-21,C0937,P073,ST013,6,2015.96,0.0,1242.22
S007237,2026-09-10,C0816,P064,ST025,8,9571.03,0.0,7055.83
S007238,2025-04-06,C0241,P058,ST013,8,5621.52,0.0,3448.84
S007239,2026-02-27,C0786,P026,ST004,1,5176.32,0.05,3556.26
S007240,2026-09-11,C0573,P003,ST020,8,12230.32,0.0,9496.36
S007241,2025-07-27,C0327,P088,ST016,1,9443.99,0.1,5917.07
S007242,2026-06-03,C0218,P039,ST020,6,3391.39,0.0,2144.94
S007243,2025-11-04,C0739,P025,ST017,4,1179.68,0.02,935.06
S007244,2026-08-23,C0644,P069,ST017,5,6445.72,0.0,5327.09
S007245,2026-01-29,C0894,P089,ST023,4,10910.34,0.05,9447.14
S007246,2026-05-22,C0635,P042,ST002,4,10657.94,0.0,8431.76
S007247,2025-03-21,C0100,P058,ST003,3,4859.44,0.02,3448.84
S007248,2025-09-04,C0566,P079,ST017,5,2064.95,0.0,1464.98
S007249,2026-12-26,C0970,P052,ST001,3,11479.47,0.02,8471.56
S007250,2025-11-05,C0114,P065,ST004,2,3446.59,0.02,2327.08
S007251,2025-11-19,C0633,P012,ST016,8,7731.12,0.05,5785.38
S007252,2026-08-18,C0476,P040,ST021,4,9447.06,0.0,6137.28
S007253,2025-03-10,C0311,P010,ST002,5,2574.83,0.05,1595.73
S007254,2026-12-28,C0464,P068,ST019,1,13581.65,0.0,8703.69
S007255,2025-01-08,C0835,P076,ST007,5,9519.25,0.05,6054.39
S007256,2025-07-07,C0844,P043,ST010,6,7283.19,0.05,5492.34
S007257,2025-12-30,C0462,P068,ST021,1,14289.42,0.05,8703.69
S007258,2026-09-22,C0946,P066,ST019,3,16883.35,0.1,10315.22
S007259,2026-11-15,C0796,P054,ST002,4,18129.43,0.0,11637.82
S007260,2026-01-03,C0544,P041,ST010,5,2749.01,0.15,2039.67
S007261,2026-08-30,C0973,P038,ST014,3,6923.33,0.0,5677.06
S007262,2026-09-18,C0271,P060,ST021,8,17262.16,0.05,10855.58
S007263,2026-06-14,C0525,P043,ST008,7,7799.36,0.0,5492.34
S007264,2026-02-21,C0117,P062,ST021,8,3863.94,0.0,2627.77
S007265,2025-04-11,C0439,P038,ST025,2,7030.23,0.1,5677.06
S007266,2026-06-20,C0079,P013,ST024,8,10430.74,0.0,6891.52
S007267,2026-06-18,C0035,P076,ST005,4,7308.5,0.05,6054.39
S007268,2025-01-30,C0085,P081,ST009,5,3239.73,0.0,2254.47
S007269,2026-07-29,C0760,P003,ST010,8,11943.2,0.05,9496.36
S007270,2026-12-07,C0667,P045,ST020,7,4997.6,0.0,3792.77
S007271,2026-08-22,C0691,P063,ST014,1,4515.78,0.05,3844.99
S007272,2026-07-06,C0097,P077,ST010,5,5890.53,0.0,4125.87
S007273,2026-02-15,C0959,P058,ST025,2,4053.93,0.05,3448.84
S007274,2025-06-13,C0856,P006,ST011,1,12050.06,0.05,9423.57
S007275,2026-10-29,C0811,P031,ST011,7,11299.32,0.0,8055.68
S007276,2025-11-06,C0379,P001,ST005,1,2996.63,0.15,2598.92
S007277,2025-05-15,C0197,P004,ST002,3,13205.7,0.05,8062.0
S007278,2026-10-12,C0186,P070,ST015,6,11419.6,0.05,7620.88
S007279,2026-04-24,C0622,P036,ST003,2,1932.34,0.0,1308.06
S007280,2025-07-21,C0498,P070,ST018,6,12063.13,0.1,7620.88
S007281,2025-06-10,C0040,P015,ST018,8,9652.33,0.0,7707.94
S007282,2026-10-11,C0436,P072,ST011,6,9657.48,0.0,7885.7
S007283,2026-05-05,C0405,P056,ST003,6,12228.22,0.02,8673.46
S007284,2026-06-02,C0859,P057,ST025,4,7580.99,0.05,5530.0
S007285,2025-01-16,C0904,P070,ST018,5,12007.29,0.02,7620.88
S007286,2025-01-30,C0896,P040,ST017,5,8518.03,0.0,6137.28
S007287,2025-09-30,C0538,P045,ST012,4,6043.94,0.02,3792.77
S007288,2026-10-15,C0873,P060,ST011,7,17631.55,0.02,10855.58
S007289,2026-10-26,C0354,P085,ST006,6,9950.64,0.02,7193.26
S007290,2026-03-03,C0070,P011,ST012,2,10500.74,0.05,8103.73
S007291,2025-01-04,C0063,P049,ST013,1,1890.05,0.02,1636.57
S007292,2025-02-25,C0203,P043,ST021,8,7499.55,0.02,5492.34
S007293,2026-12-10,C0325,P057,ST014,3,8409.3,0.0,5530.0
S007294,2025-03-01,C0349,P085,ST015,3,10319.31,0.05,7193.26
S007295,2026-05-02,C0817,P048,ST021,3,1917.25,0.02,1279.89
S007296,2025-04-24,C0589,P074,ST012,4,6975.09,0.05,5135.74
S007297,2026-03-27,C0308,P079,ST014,7,2033.62,0.0,1464.98
S007298,2026-06-27,C0020,P046,ST020,2,9880.87,0.0,7655.82
S007299,2026-08-24,C0989,P030,ST017,6,12946.53,0.05,9460.8
S007300,2025-01-23,C0360,P065,ST013,8,3668.4,0.1,2327.08
S007301,2026-04-19,C0650,P073,ST017,7,1859.12,0.0,1242.22
S007302,2025-10-11,C0215,P013,ST012,8,9816.34,0.0,6891.52
S007303,2025-09-14,C0553,P042,ST005,8,13473.76,0.0,8431.76
S007304,2026-09-10,C0105,P085,ST015,1,10687.01,0.02,7193.26
S007305,2026-02-02,C0434,P054,ST019,4,14882.63,0.0,11637.82
S007306,2025-03-11,C0674,P074,ST015,5,8337.42,0.0,5135.74
S007307,2026-08-09,C0288,P020,ST024,3,6281.69,0.0,5381.43
S007308,2025-09-08,C0173,P085,ST005,2,10330.25,0.05,7193.26
S007309,2025-01-13,C0426,P075,ST019,8,1210.62,0.0,738.97
S007310,2026-06-18,C0982,P076,ST005,4,8408.95,0.05,6054.39
S007311,2026-04-27,C0970,P017,ST001,2,10468.1,0.1,6820.68
S007312,2025-11-22,C0159,P071,ST018,3,10340.28,0.02,7113.15
S007313,2025-07-15,C0968,P035,ST008,4,645.73,0.0,516.87
S007314,2026-05-28,C0001,P035,ST012,5,659.01,0.05,516.87
S007315,2026-07-30,C0257,P027,ST023,5,4257.6,0.15,3699.73
S007316,2025-05-15,C0501,P001,ST019,7,4103.82,0.15,2598.92
S007317,2025-03-28,C0733,P027,ST022,7,6035.62,0.05,3699.73
S007318,2026-02-16,C0782,P058,ST022,8,5024.36,0.05,3448.84
S007319,2025-08-31,C0343,P031,ST015,8,11815.81,0.15,8055.68
S007320,2025-07-01,C0910,P076,ST002,2,9513.74,0.0,6054.39
S007321,2026-04-28,C0865,P084,ST015,1,6278.91,0.05,4325.72
S007322,2026-12-02,C0350,P008,ST015,6,8824.33,0.0,6932.71
S007323,2025-10-13,C0721,P006,ST021,3,12895.83,0.0,9423.57
S007324,2026-05-01,C0156,P066,ST023,1,12968.32,0.05,10315.22
S007325,2025-02-06,C0308,P039,ST015,3,3274.33,0.05,2144.94
S007326,2026-09-08,C0605,P077,ST010,6,5212.2,0.0,4125.87
S007327,2025-01-26,C0017,P067,ST008,8,14932.76,0.0,9162.6
S007328,2025-11-12,C0376,P026,ST002,2,5541.22,0.02,3556.26
S007329,2025-02-02,C0691,P054,ST016,3,17943.99,0.05,11637.82
S007330,2025-02-27,C0634,P076,ST023,3,9154.52,0.05,6054.39
S007331,2025-05-22,C0710,P011,ST023,6,12913.59,0.0,8103.73
S007332,2026-10-27,C0761,P010,ST013,3,2022.66,0.05,1595.73
S007333,2025-07-02,C0541,P009,ST002,4,3077.26,0.0,1892.61
S007334,2026-04-27,C0008,P073,ST013,1,1429.59,0.1,1242.22
S007335,2025-05-16,C0538,P063,ST012,8,6338.94,0.02,3844.99
S007336,2025-10-31,C0927,P056,ST008,6,14084.56,0.02,8673.46
S007337,2026-05-26,C0268,P031,ST022,1,11749.95,0.02,8055.68
S007338,2026-04-28,C0489,P028,ST012,2,12868.22,0.02,8027.52
S007339,2025-03-21,C0333,P064,ST004,6,8273.37,0.0,7055.83
S007340,2026-06-15,C0589,P017,ST013,7,8903.05,0.0,6820.68
S007341,2025-02-14,C0076,P020,ST019,3,8315.43,0.1,5381.43
S007342,2026-10-17,C0338,P037,ST016,2,12604.41,0.0,8737.72
S007343,2026-07-07,C0092,P037,ST007,8,11456.96,0.0,8737.72
S007344,2025-12-04,C0258,P008,ST006,6,9032.9,0.05,6932.71
S007345,2026-10-01,C0549,P065,ST019,2,3786.72,0.0,2327.08
S007346,2026-10-30,C0303,P019,ST018,7,943.2,0.0,612.11
S007347,2025-10-27,C0603,P078,ST025,7,2439.47,0.02,1948.16
S007348,2026-10-19,C0453,P071,ST009,3,8988.73,0.0,7113.15
S007349,2026-09-28,C0207,P048,ST022,7,1639.28,0.1,1279.89
S007350,2026-03-15,C0943,P004,ST023,6,10563.45,0.0,8062.0
S007351,2026-03-11,C0922,P075,ST015,6,875.01,0.0,738.97
S007352,2026-12-07,C0410,P082,ST012,3,16501.07,0.02,11120.16
S007353,2025-02-22,C0328,P021,ST023,2,3936.95,0.05,2771.37
S007354,2025-10-19,C0835,P062,ST009,7,3704.02,0.0,2627.77
S007355,2026-04-24,C0158,P086,ST019,8,647.02,0.0,517.95
S007356,2025-07-28,C0656,P062,ST008,5,3198.93,0.0,2627.77
S007357,2025-09-25,C0168,P040,ST017,8,8916.93,0.0,6137.28
S007358,2025-06-20,C0021,P048,ST004,3,1657.15,0.0,1279.89
S007359,2026-08-04,C0907,P016,ST003,8,10490.39,0.0,6754.56
S007360,2026-06-13,C0633,P073,ST017,2,1975.17,0.0,1242.22
S007361,2025-06-30,C0812,P040,ST004,3,7666.59,0.0,6137.28
S007362,2025-04-23,C0692,P063,ST012,1,4967.94,0.1,3844.99
S007363,2026-12-11,C0751,P016,ST007,2,7880.26,0.05,6754.56
S007364,2026-01-25,C0220,P007,ST017,2,8768.64,0.05,5642.26
S007365,2026-10-26,C0096,P022,ST019,3,8254.73,0.02,5050.21
S007366,2026-01-20,C0959,P015,ST025,6,12120.72,0.0,7707.94
S007367,2026-03-17,C0689,P077,ST024,6,6686.43,0.05,4125.87
S007368,2026-07-28,C0582,P060,ST010,6,16939.56,0.05,10855.58
S007369,2026-03-27,C0285,P054,ST015,3,13441.17,0.05,11637.82
S007370,2026-10-05,C0535,P004,ST014,7,10099.42,0.02,8062.0
S007371,2025-07-04,C0114,P060,ST004,3,15868.32,0.05,10855.58
S007372,2026-07-12,C0319,P080,ST018,6,11445.94,0.05,7154.82
S007373,2025-09-10,C0586,P046,ST001,6,10734.08,0.05,7655.82
S007374,2026-06-22,C0931,P008,ST024,7,8254.48,0.02,6932.71
S007375,2025-05-10,C0425,P077,ST016,2,5033.26,0.05,4125.87
S007376,2025-07-13,C0425,P010,ST016,3,2587.42,0.0,1595.73
S007377,2025-08-09,C0480,P006,ST002,6,11387.14,0.02,9423.57
S007378,2025-05-27,C0073,P020,ST002,5,7287.51,0.05,5381.43
S007379,2025-02-04,C0086,P090,ST025,3,1629.68,0.05,1222.08
S007380,2025-11-01,C0339,P084,ST016,7,6275.85,0.0,4325.72
S007381,2026-04-24,C0082,P078,ST011,5,2931.9,0.05,1948.16
S007382,2026-02-08,C0495,P046,ST005,3,11086.92,0.0,7655.82
S007383,2026-03-01,C0789,P010,ST015,4,2428.6,0.0,1595.73
S007384,2026-10-21,C0790,P083,ST018,6,10716.86,0.0,7077.47
S007385,2025-06-05,C0664,P053,ST014,2,4825.45,0.0,3373.97
S007386,2025-10-03,C0872,P011,ST014,8,10643.17,0.0,8103.73
S007387,2025-10-24,C0148,P078,ST006,1,3018.54,0.05,1948.16
S007388,2025-04-30,C0299,P008,ST019,7,9542.78,0.0,6932.71
S007389,2025-07-19,C0202,P041,ST023,6,2992.73,0.05,2039.67
S007390,2025-02-10,C0620,P088,ST013,3,8812.34,0.0,5917.07
S007391,2025-05-02,C0110,P020,ST012,4,8369.47,0.0,5381.43
S007392,2026-03-24,C0040,P016,ST018,7,8858.2,0.0,6754.56
S007393,2026-07-23,C0168,P044,ST015,2,7233.34,0.0,4727.0
S007394,2025-03-30,C0827,P046,ST022,7,9444.32,0.05,7655.82
S007395,2025-03-08,C0107,P089,ST017,2,12707.43,0.05,9447.14
S007396,2026-06-04,C0692,P026,ST012,6,4922.98,0.05,3556.26
S007397,2026-04-14,C0331,P087,ST008,7,13456.17,0.0,11513.07
S007398,2025-08-15,C0915,P013,ST008,7,9439.21,0.1,6891.52
S007399,2026-01-01,C0017,P022,ST007,2,6924.93,0.02,5050.21
S007400,2025-04-05,C0167,P069,ST006,1,7166.14,0.0,5327.09
S007401,2026-01-11,C0384,P048,ST015,6,1480.37,0.05,1279.89
S007402,2025-04-29,C0755,P001,ST021,4,3736.6,0.1,2598.92
S007403,2026-07-02,C0795,P031,ST020,8,11473.27,0.02,8055.68
S007404,2026-09-13,C0694,P072,ST021,4,12541.31,0.0,7885.7
S007405,2026-06-12,C0470,P006,ST011,2,12110.68,0.02,9423.57
S007406,2026-05-30,C0894,P044,ST024,2,5441.37,0.05,4727.0
S007407,2026-10-19,C0570,P005,ST011,7,10836.51,0.0,8535.69
S007408,2025-08-05,C0802,P064,ST023,3,9841.57,0.0,7055.83
S007409,2026-01-29,C0062,P070,ST024,6,11534.14,0.0,7620.88
S007410,2025-11-05,C0075,P024,ST018,4,4295.14,0.0,2998.79
S007411,2025-10-25,C0764,P065,ST011,2,3716.47,0.05,2327.08
S007412,2026-10-16,C0621,P055,ST018,5,12555.24,0.05,9400.32
S007413,2025-12-08,C0126,P081,ST003,2,2839.3,0.0,2254.47
S007414,2025-07-27,C0817,P064,ST021,3,10264.6,0.0,7055.83
S007415,2026-04-30,C0559,P054,ST017,6,15192.92,0.0,11637.82
S007416,2026-12-30,C0190,P064,ST007,4,11068.34,0.0,7055.83
S007417,2025-03-23,C0301,P002,ST025,4,503.36,0.1,336.51
S007418,2026-08-11,C0538,P042,ST012,6,9904.89,0.02,8431.76
S007419,2025-05-03,C0728,P010,ST020,2,2081.05,0.02,1595.73
S007420,2026-07-26,C0641,P063,ST003,1,5622.58,0.1,3844.99
S007421,2026-03-17,C0333,P023,ST003,8,14480.93,0.05,10277.49
S007422,2025-01-10,C0914,P037,ST004,3,10698.25,0.0,8737.72
S007423,2026-01-09,C0741,P047,ST009,6,5663.65,0.05,4501.3
S007424,2026-10-20,C0493,P051,ST004,7,17279.54,0.1,10925.82
S007425,2026-04-23,C0113,P032,ST011,6,6352.74,0.05,5025.05
S007426,2025-06-01,C0966,P046,ST021,5,10382.51,0.0,7655.82
S007427,2025-10-04,C0310,P019,ST017,8,732.55,0.1,612.11
S007428,2025-03-10,C0400,P002,ST022,8,470.57,0.05,336.51
S007429,2026-07-26,C0721,P079,ST021,5,1843.44,0.0,1464.98
S007430,2025-04-29,C0443,P054,ST001,2,17170.82,0.02,11637.82
S007431,2026-04-27,C0181,P074,ST025,6,7674.63,0.0,5135.74
S007432,2026-06-13,C0077,P084,ST001,4,6952.95,0.0,4325.72
S007433,2026-09-08,C0332,P072,ST011,4,12732.97,0.1,7885.7
S007434,2025-08-22,C0094,P011,ST015,5,9909.13,0.02,8103.73
S007435,2026-11-19,C0942,P007,ST023,7,9294.1,0.05,5642.26
S007436,2026-11-16,C0369,P036,ST011,3,1787.21,0.0,1308.06
S007437,2026-01-12,C0370,P006,ST001,3,10934.9,0.0,9423.57
S007438,2026-04-30,C0703,P004,ST012,2,10610.71,0.0,8062.0
S007439,2026-01-10,C0421,P021,ST003,8,3841.2,0.0,2771.37
S007440,2025-04-03,C0294,P004,ST025,6,11906.98,0.02,8062.0
S007441,2026-10-25,C0552,P071,ST024,1,9733.56,0.0,7113.15
S007442,2026-03-20,C0420,P022,ST011,5,8310.16,0.1,5050.21
S007443,2025-05-29,C0154,P089,ST003,2,14085.38,0.1,9447.14
S007444,2026-07-05,C0309,P011,ST003,4,12848.25,0.0,8103.73
S007445,2025-11-22,C0723,P073,ST018,2,1564.68,0.05,1242.22
S007446,2026-10-09,C0084,P021,ST022,7,3854.7,0.05,2771.37
S007447,2025-12-12,C0062,P046,ST022,5,10582.85,0.05,7655.82
S007448,2026-01-07,C0709,P084,ST003,7,5039.04,0.0,4325.72
S007449,2026-11-07,C0987,P009,ST011,7,2671.3,0.0,1892.61
S007450,2026-07-03,C0645,P064,ST023,3,10678.48,0.0,7055.83
S007451,2026-08-25,C0651,P008,ST001,7,10565.48,0.05,6932.71
S007452,2025-11-18,C0020,P074,ST019,5,7144.26,0.05,5135.74
S007453,2026-01-14,C0261,P065,ST007,7,3401.02,0.02,2327.08
S007454,2026-04-07,C0002,P053,ST013,2,5304.3,0.05,3373.97
S007455,2025-01-28,C0857,P048,ST015,7,1694.36,0.05,1279.89
S007456,2025-02-26,C0160,P032,ST016,8,5961.34,0.05,5025.05
S007457,2025-12-31,C0875,P078,ST008,1,2564.96,0.02,1948.16
S007458,2026-08-27,C0939,P003,ST015,5,10949.31,0.05,9496.36
S007459,2025-09-10,C0919,P025,ST010,7,1527.67,0.0,935.06
S007460,2026-08-31,C0383,P060,ST005,3,17356.74,0.1,10855.58
S007461,2025-12-21,C0710,P004,ST023,8,11493.99,0.0,8062.0
S007462,2025-02-06,C0145,P031,ST014,3,12121.38,0.05,8055.68
S007463,2025-01-21,C0647,P006,ST020,8,13148.79,0.0,9423.57
S007464,2026-07-14,C0596,P055,ST019,7,11298.6,0.05,9400.32
S007465,2025-07-05,C0939,P056,ST015,1,13053.5,0.05,8673.46
S007466,2026-10-04,C0325,P059,ST016,5,2168.29,0.15,1382.59
S007467,2025-11-24,C0319,P072,ST019,3,12092.53,0.0,7885.7
S007468,2026-05-26,C0444,P012,ST009,5,8242.62,0.05,5785.38
S007469,2025-04-21,C0012,P077,ST025,3,6457.75,0.05,4125.87
S007470,2026-08-28,C0644,P052,ST017,3,13367.13,0.0,8471.56
S007471,2025-10-25,C0198,P010,ST019,4,2089.45,0.05,1595.73
S007472,2026-02-04,C0867,P057,ST022,1,6675.6,0.1,5530.0
S007473,2026-03-22,C0341,P066,ST006,7,15681.97,0.0,10315.22
S007474,2026-08-17,C0780,P048,ST011,8,1707.88,0.05,1279.89
S007475,2026-07-25,C0906,P090,ST007,2,1592.11,0.0,1222.08
S007476,2025-06-02,C0963,P009,ST018,5,2410.22,0.0,1892.61
S007477,2025-03-02,C0459,P006,ST022,8,13711.9,0.05,9423.57
S007478,2026-04-15,C0683,P080,ST009,7,8364.1,0.02,7154.82
S007479,2026-04-29,C0405,P037,ST003,4,12642.5,0.1,8737.72
S007480,2026-02-14,C0906,P087,ST009,3,17264.24,0.05,11513.07
S007481,2025-07-09,C0718,P008,ST024,2,9384.34,0.0,6932.71
S007482,2026-03-27,C0640,P038,ST023,3,6630.43,0.05,5677.06
S007483,2026-07-16,C0578,P030,ST003,6,13830.44,0.05,9460.8
S007484,2026-03-11,C1000,P064,ST021,4,8599.27,0.0,7055.83
S007485,2025-07-09,C0471,P035,ST013,6,726.44,0.02,516.87
S007486,2026-10-29,C0874,P005,ST023,7,12862.77,0.02,8535.69
S007487,2026-07-26,C0146,P052,ST006,7,12016.11,0.1,8471.56
S007488,2025-03-26,C0460,P013,ST015,1,8033.16,0.1,6891.52
S007489,2026-07-08,C0183,P048,ST006,7,1633.91,0.05,1279.89
S007490,2026-07-22,C0062,P070,ST022,6,9007.84,0.0,7620.88
S007491,2025-03-24,C0183,P081,ST007,1,3542.98,0.05,2254.47
S007492,2026-01-26,C0826,P061,ST010,5,7707.14,0.05,5605.37
S007493,2025-08-04,C0494,P083,ST008,4,8396.47,0.1,7077.47
S007494,2026-10-25,C0181,P025,ST023,6,1460.14,0.0,935.06
S007495,2025-08-31,C0282,P069,ST003,2,7422.46,0.05,5327.09
S007496,2025-11-19,C0243,P028,ST020,1,13075.79,0.05,8027.52
S007497,2025-06-04,C0120,P030,ST017,4,11932.64,0.0,9460.8
S007498,2026-12-28,C0354,P013,ST007,6,8741.93,0.0,6891.52
S007499,2026-05-15,C0924,P059,ST014,3,2042.53,0.02,1382.59
S007500,2025-04-19,C0322,P080,ST001,1,11712.3,0.05,7154.82
S007501,2025-05-11,C0912,P033,ST003,4,13944.45,0.05,9814.74
S007502,2025-02-28,C0061,P088,ST021,8,7911.52,0.0,5917.07
S007503,2026-05-27,C0967,P014,ST004,7,12842.08,0.05,9238.74
S007504,2026-09-13,C0212,P014,ST002,3,12530.57,0.02,9238.74
S007505,2025-01-04,C0212,P005,ST003,7,12660.75,0.0,8535.69
S007506,2026-12-29,C0739,P084,ST016,3,6697.21,0.1,4325.72
S007507,2025-08-06,C0778,P087,ST001,4,14951.06,0.05,11513.07
S007508,2025-05-02,C0708,P022,ST018,2,6153.24,0.0,5050.21
S007509,2026-06-18,C0123,P029,ST009,1,11112.78,0.05,6795.13
S007510,2025-05-06,C0955,P047,ST014,1,5346.59,0.02,4501.3
S007511,2026-10-20,C0339,P058,ST016,2,5421.22,0.02,3448.84
S007512,2025-03-10,C0397,P088,ST012,5,6924.33,0.0,5917.07
S007513,2025-03-27,C0041,P050,ST025,2,14976.61,0.0,11552.3
S007514,2025-02-27,C0928,P031,ST018,7,11466.87,0.1,8055.68
S007515,2026-03-21,C0461,P078,ST010,3,3067.02,0.1,1948.16
S007516,2025-12-08,C0467,P025,ST022,2,1165.26,0.0,935.06
S007517,2026-12-25,C0393,P035,ST006,5,616.91,0.1,516.87
S007518,2026-01-05,C0003,P057,ST025,2,6382.75,0.15,5530.0
S007519,2025-03-31,C0184,P018,ST011,7,5102.37,0.15,3821.41
S007520,2025-03-28,C0556,P010,ST010,3,2125.94,0.0,1595.73
S007521,2026-02-09,C0538,P039,ST013,5,2672.54,0.0,2144.94
S007522,2026-06-17,C0591,P053,ST009,6,4719.34,0.05,3373.97
S007523,2025-06-22,C0673,P083,ST022,8,11339.33,0.05,7077.47
S007524,2025-10-04,C0642,P003,ST024,5,11014.45,0.05,9496.36
S007525,2026-06-19,C0303,P089,ST020,4,15541.29,0.0,9447.14
S007526,2025-11-13,C0969,P020,ST022,5,7971.43,0.05,5381.43
S007527,2025-03-16,C0515,P004,ST025,3,12799.36,0.0,8062.0
S007528,2025-10-27,C0588,P041,ST002,5,3169.07,0.1,2039.67
S007529,2025-06-25,C0594,P063,ST007,3,5695.94,0.0,3844.99
S007530,2026-02-04,C0275,P012,ST003,5,6661.71,0.05,5785.38
S007531,2025-12-07,C0142,P084,ST005,2,6322.8,0.1,4325.72
S007532,2026-09-21,C0968,P012,ST007,7,8465.84,0.02,5785.38
S007533,2025-03-01,C0135,P064,ST021,4,9878.28,0.0,7055.83
S007534,2025-12-12,C0821,P047,ST012,8,5213.59,0.0,4501.3
S007535,2026-01-17,C0491,P017,ST025,5,9483.62,0.02,6820.68
S007536,2026-06-22,C0127,P070,ST006,2,10966.11,0.02,7620.88
S007537,2026-12-20,C0187,P088,ST020,2,8005.55,0.02,5917.07
S007538,2026-08-16,C0133,P067,ST004,6,12586.47,0.1,9162.6
S007539,2025-02-20,C0310,P016,ST017,2,10053.99,0.1,6754.56
S007540,2025-10-28,C0333,P035,ST004,6,639.26,0.1,516.87
S007541,2026-08-18,C0989,P070,ST015,7,12347.89,0.05,7620.88
S007542,2025-10-17,C0133,P042,ST003,5,10842.2,0.05,8431.76
S007543,2025-06-02,C0161,P045,ST020,8,5978.71,0.1,3792.77
S007544,2025-08-09,C0458,P011,ST016,6,10476.1,0.0,8103.73
S007545,2025-09-20,C0288,P067,ST024,5,12634.0,0.02,9162.6
S007546,2025-02-22,C0234,P048,ST007,8,1558.77,0.0,1279.89
S007547,2025-11-06,C0106,P012,ST022,2,8487.71,0.0,5785.38
S007548,2025-10-02,C0418,P011,ST011,5,13179.45,0.1,8103.73
S007549,2025-05-23,C0422,P052,ST003,5,11122.15,0.0,8471.56
S007550,2026-04-22,C0590,P073,ST010,4,1990.7,0.0,1242.22
S007551,2025-09-09,C0345,P081,ST002,7,3062.44,0.05,2254.47
S007552,2026-10-17,C0824,P010,ST005,3,2357.25,0.05,1595.73
S007553,2025-07-27,C0734,P086,ST009,7,721.69,0.0,517.95
S007554,2026-12-08,C0934,P046,ST024,5,9335.61,0.05,7655.82
S007555,2025-01-24,C0292,P013,ST018,5,10903.29,0.1,6891.52
S007556,2025-07-20,C0418,P062,ST010,2,3484.4,0.02,2627.77
S007557,2025-02-18,C0148,P056,ST008,6,13515.32,0.05,8673.46
S007558,2025-01-06,C0740,P035,ST017,3,757.83,0.02,516.87
S007559,2026-03-25,C0893,P064,ST010,4,11045.87,0.0,7055.83
S007560,2026-09-08,C0659,P007,ST021,3,8261.51,0.02,5642.26
S007561,2026-08-14,C0366,P085,ST020,8,11397.05,0.05,7193.26
S007562,2025-07-31,C0549,P033,ST020,5,12853.9,0.0,9814.74
S007563,2025-12-04,C0831,P065,ST003,1,3252.55,0.1,2327.08
S007564,2025-06-12,C0700,P068,ST012,2,13205.47,0.0,8703.69
S007565,2025-08-22,C0319,P007,ST020,4,9124.07,0.0,5642.26
S007566,2025-04-14,C0189,P049,ST015,2,2177.54,0.05,1636.57
S007567,2026-12-27,C0954,P002,ST004,2,437.41,0.0,336.51
S007568,2026-09-24,C0029,P047,ST009,8,6353.9,0.05,4501.3
S007569,2025-08-25,C0168,P047,ST016,4,7215.78,0.05,4501.3
S007570,2026-07-16,C0851,P073,ST017,1,1726.8,0.05,1242.22
S007571,2025-10-10,C0930,P015,ST006,1,9961.82,0.05,7707.94
S007572,2025-04-10,C0029,P033,ST008,5,11621.41,0.05,9814.74
S007573,2025-12-18,C0940,P015,ST007,4,9754.81,0.02,7707.94
S007574,2025-12-07,C0621,P019,ST018,8,893.01,0.02,612.11
S007575,2026-04-11,C0691,P043,ST014,7,7882.0,0.02,5492.34
S007576,2026-02-15,C0821,P058,ST010,4,4153.35,0.05,3448.84
S007577,2025-12-01,C0660,P071,ST020,3,10481.3,0.15,7113.15
S007578,2025-07-04,C0123,P087,ST006,5,14998.0,0.05,11513.07
S007579,2025-05-08,C0875,P067,ST009,7,10843.79,0.0,9162.6
S007580,2025-04-28,C0261,P017,ST007,7,8356.81,0.0,6820.68
S007581,2025-04-19,C0463,P034,ST022,3,2636.4,0.1,2211.93
S007582,2026-03-06,C0514,P041,ST005,1,2992.0,0.02,2039.67
S007583,2025-07-03,C0617,P037,ST009,7,12754.13,0.0,8737.72
S007584,2026-01-06,C0774,P018,ST025,1,5730.53,0.0,3821.41
S007585,2025-08-20,C0014,P051,ST012,1,16886.05,0.02,10925.82
S007586,2026-04-18,C0884,P072,ST010,8,12916.96,0.0,7885.7
S007587,2026-08-14,C0152,P065,ST001,4,3569.38,0.0,2327.08
S007588,2025-07-03,C0819,P015,ST013,1,12253.11,0.05,7707.94
S007589,2026-07-23,C0255,P046,ST005,5,12169.07,0.02,7655.82
S007590,2026-01-04,C0519,P027,ST014,3,5602.32,0.0,3699.73
S007591,2025-02-03,C0439,P055,ST025,5,14481.51,0.0,9400.32
S007592,2026-09-10,C0330,P075,ST012,3,933.14,0.0,738.97
S007593,2026-07-30,C0549,P049,ST021,4,2284.41,0.0,1636.57
S007594,2026-03-08,C0436,P081,ST012,3,3598.2,0.05,2254.47
S007595,2025-08-20,C0778,P064,ST005,7,8402.36,0.0,7055.83
S007596,2026-02-05,C0167,P004,ST009,7,12616.82,0.05,8062.0
S007597,2025-03-27,C0129,P029,ST001,8,8780.62,0.05,6795.13
S007598,2025-10-20,C0068,P070,ST021,1,11004.04,0.0,7620.88
S007599,2026-04-12,C0075,P070,ST018,4,12535.19,0.05,7620.88
S007600,2026-03-23,C0762,P034,ST005,6,3434.51,0.02,2211.93
S007601,2025-03-01,C0411,P031,ST011,4,10773.03,0.15,8055.68
S007602,2026-02-25,C0566,P026,ST017,3,4993.28,0.05,3556.26
S007603,2026-11-30,C0161,P058,ST021,4,5464.02,0.1,3448.84
S007604,2025-01-02,C0848,P062,ST002,6,3057.54,0.1,2627.77
S007605,2025-12-04,C0504,P014,ST002,4,12757.82,0.05,9238.74
S007606,2026-04-04,C0629,P056,ST002,1,12762.19,0.1,8673.46
S007607,2026-07-16,C0634,P015,ST022,5,9324.79,0.05,7707.94
S007608,2025-09-11,C0627,P028,ST005,4,10434.81,0.05,8027.52
S007609,2026-01-03,C0916,P045,ST020,7,5244.19,0.1,3792.77
S007610,2025-04-01,C0568,P063,ST019,7,4988.24,0.0,3844.99
S007611,2026-10-28,C0905,P031,ST003,7,11434.96,0.02,8055.68
S007612,2025-05-04,C0841,P001,ST025,4,3264.68,0.0,2598.92
S007613,2025-07-08,C0440,P063,ST007,1,5613.58,0.1,3844.99
S007614,2026-04-03,C0272,P072,ST015,4,9731.68,0.0,7885.7
S007615,2026-06-20,C0104,P064,ST010,7,9198.03,0.02,7055.83
S007616,2026-09-01,C0863,P023,ST003,7,15366.57,0.02,10277.49
S007617,2026-12-06,C0261,P066,ST009,2,14665.49,0.0,10315.22
S007618,2025-03-10,C0579,P026,ST014,5,4196.02,0.02,3556.26
S007619,2026-12-20,C0013,P072,ST005,7,10309.28,0.0,7885.7
S007620,2026-10-29,C0899,P058,ST011,7,5340.27,0.02,3448.84
S007621,2026-01-24,C0593,P088,ST002,2,7859.68,0.05,5917.07
S007622,2025-12-27,C0661,P006,ST020,1,15352.87,0.05,9423.57
S007623,2025-02-22,C0495,P002,ST005,5,486.94,0.0,336.51
S007624,2026-02-08,C0551,P073,ST006,4,1700.37,0.15,1242.22
S007625,2025-11-05,C0565,P080,ST008,5,8870.19,0.0,7154.82
S007626,2025-09-09,C0944,P087,ST023,1,14501.64,0.0,11513.07
S007627,2025-08-12,C0742,P034,ST017,7,3115.46,0.1,2211.93
S007628,2025-01-15,C0863,P019,ST002,8,808.72,0.0,612.11
S007629,2025-03-31,C0623,P079,ST002,7,2144.42,0.02,1464.98
S007630,2026-07-01,C0466,P028,ST019,4,10692.03,0.02,8027.52
S007631,2025-11-03,C0331,P011,ST006,7,13253.5,0.15,8103.73
S007632,2025-06-04,C0773,P033,ST022,7,11795.19,0.0,9814.74
S007633,2025-03-09,C0907,P006,ST003,4,11102.86,0.1,9423.57
S007634,2026-06-30,C0677,P047,ST025,2,7016.45,0.05,4501.3
S007635,2026-03-28,C0211,P009,ST015,2,2695.59,0.05,1892.61
S007636,2025-10-20,C0290,P085,ST021,7,9174.06,0.15,7193.26
S007637,2025-12-06,C0616,P075,ST003,4,1130.37,0.1,738.97
S007638,2025-04-07,C0347,P015,ST012,1,12717.75,0.15,7707.94
S007639,2025-08-13,C0391,P035,ST019,6,702.44,0.05,516.87
S007640,2025-04-09,C0172,P055,ST007,1,15059.48,0.05,9400.32
S007641,2026-01-14,C0218,P086,ST018,8,678.02,0.1,517.95
S007642,2026-01-16,C0988,P020,ST018,1,7078.39,0.02,5381.43
S007643,2026-09-27,C0965,P020,ST003,3,8062.5,0.0,5381.43
S007644,2025-01-18,C0893,P003,ST013,5,12611.92,0.05,9496.36
S007645,2025-01-05,C0350,P068,ST017,7,13524.08,0.05,8703.69
S007646,2026-10-03,C0767,P007,ST010,4,8327.5,0.05,5642.26
S007647,2025-01-02,C0552,P046,ST025,3,10556.34,0.02,7655.82
S007648,2025-06-11,C0461,P028,ST013,5,13036.78,0.0,8027.52
S007649,2026-05-21,C0776,P071,ST025,2,9177.53,0.1,7113.15
S007650,2025-05-14,C0793,P066,ST009,2,14877.48,0.0,10315.22
S007651,2025-04-22,C0251,P016,ST016,4,9079.91,0.02,6754.56
S007652,2025-09-14,C0232,P046,ST001,6,11901.99,0.05,7655.82
S007653,2025-06-09,C0714,P072,ST023,7,9402.6,0.05,7885.7
S007654,2025-02-02,C0743,P065,ST023,8,2680.02,0.0,2327.08
S007655,2025-12-31,C0391,P081,ST021,6,3137.95,0.1,2254.47
S007656,2025-12-06,C0455,P015,ST004,7,12520.51,0.0,7707.94
S007657,2025-07-04,C0172,P085,ST007,1,8328.81,0.02,7193.26
S007658,2025-11-06,C0640,P045,ST022,2,5741.14,0.0,3792.77
S007659,2025-09-22,C0077,P023,ST003,3,16216.79,0.02,10277.49
S007660,2026-01-25,C0828,P022,ST001,1,6748.56,0.02,5050.21
S007661,2026-04-04,C0557,P055,ST021,7,12401.64,0.1,9400.32
S007662,2026-07-28,C0783,P072,ST016,8,10104.72,0.0,7885.7
S007663,2026-05-15,C0204,P045,ST016,6,4546.57,0.05,3792.77
S007664,2026-07-23,C0173,P085,ST003,5,8841.67,0.1,7193.26
S007665,2026-12-02,C0210,P052,ST005,8,10404.93,0.02,8471.56
S007666,2025-01-05,C0046,P012,ST018,5,7186.41,0.05,5785.38
S007667,2025-01-11,C0156,P069,ST022,6,7448.19,0.0,5327.09
S007668,2025-02-16,C0399,P027,ST003,7,4330.83,0.0,3699.73
S007669,2026-03-19,C0661,P037,ST021,1,14196.22,0.0,8737.72
S007670,2025-06-21,C0791,P086,ST009,2,845.05,0.05,517.95
S007671,2026-07-23,C0344,P089,ST007,5,14924.58,0.05,9447.14
S007672,2025-03-25,C0176,P011,ST009,5,9367.61,0.05,8103.73
S007673,2026-08-03,C0160,P037,ST015,8,14114.68,0.02,8737.72
S007674,2026-08-25,C0667,P017,ST020,2,11247.64,0.1,6820.68
S007675,2026-10-27,C0802,P071,ST024,7,8968.55,0.02,7113.15
S007676,2025-08-24,C0077,P086,ST002,5,691.44,0.05,517.95
S007677,2026-08-25,C0674,P023,ST016,7,13417.84,0.0,10277.49
S007678,2026-06-20,C0358,P026,ST017,2,4667.88,0.0,3556.26
S007679,2025-04-18,C0941,P028,ST001,5,12562.02,0.0,8027.52
S007680,2025-12-07,C0309,P010,ST001,1,1895.02,0.02,1595.73
S007681,2026-02-19,C0784,P068,ST013,1,13986.74,0.1,8703.69
S007682,2026-07-12,C0095,P035,ST025,1,722.79,0.05,516.87
S007683,2026-09-11,C0089,P044,ST015,6,6638.97,0.1,4727.0
S007684,2026-12-18,C0990,P033,ST022,4,11943.38,0.0,9814.74
S007685,2025-11-17,C0915,P080,ST009,6,8834.97,0.0,7154.82
S007686,2026-12-04,C0839,P017,ST011,5,10405.53,0.0,6820.68
S007687,2025-06-26,C0730,P024,ST004,6,4027.14,0.0,2998.79
S007688,2025-02-05,C0461,P029,ST012,7,7976.23,0.1,6795.13
S007689,2026-09-07,C0379,P060,ST004,2,17069.96,0.0,10855.58
S007690,2025-06-25,C0437,P007,ST025,8,6807.09,0.05,5642.26
S007691,2025-04-03,C0366,P029,ST019,6,10644.9,0.1,6795.13
S007692,2025-02-14,C0117,P028,ST020,7,12576.01,0.05,8027.52
S007693,2026-06-22,C0721,P004,ST020,2,13169.24,0.05,8062.0
S007694,2025-12-29,C0281,P016,ST017,5,8485.58,0.0,6754.56
S007695,2025-03-08,C0976,P018,ST005,4,4986.55,0.05,3821.41
S007696,2025-12-31,C0899,P032,ST013,4,6259.49,0.15,5025.05
S007697,2025-02-05,C0099,P050,ST002,3,18701.2,0.0,11552.3
S007698,2025-06-10,C0961,P050,ST003,8,18731.91,0.05,11552.3
S007699,2025-03-22,C0477,P086,ST019,2,805.39,0.0,517.95
S007700,2025-06-13,C0342,P009,ST001,4,3118.38,0.0,1892.61
S007701,2025-09-05,C0321,P058,ST014,7,4173.36,0.05,3448.84
S007702,2026-05-10,C0629,P044,ST005,8,7698.61,,4727.0
S007703,2025-08-02,C0234,P062,ST006,8,3998.9,0.05,2627.77
S007704,2025-12-24,C0002,P065,ST012,8,2984.99,0.1,2327.08
S007705,2025-07-09,C0703,P077,ST011,1,5828.12,0.0,4125.87
S007706,2025-05-26,C0729,P034,ST003,8,3476.18,0.05,2211.93
S007707,2026-04-23,C0781,P089,ST003,4,13853.16,0.0,9447.14
S007708,2025-09-09,C0834,P052,ST025,4,11397.12,0.0,8471.56
S007709,2026-04-25,C0186,P023,ST015,3,15843.52,0.1,10277.49
S007710,2026-11-04,C0389,P033,ST019,6,13504.11,0.1,9814.74
S007711,2026-03-19,C0453,P030,ST009,4,13234.66,0.1,9460.8
S007712,2025-09-25,C0214,P017,ST014,6,8887.2,0.0,6820.68
S007713,2025-07-20,C0797,P071,ST024,3,9603.71,0.05,7113.15
S007714,2026-11-26,C0652,P032,ST008,5,5879.99,0.0,5025.05
S007715,2025-10-20,C0021,P068,ST005,3,12825.85,0.0,8703.69
S007716,2026-08-06,C0819,P022,ST012,1,8065.24,0.02,5050.21
S007717,2025-04-03,C0313,P016,ST019,1,9440.42,0.02,6754.56
S007718,2025-08-18,C0082,P070,ST010,5,9050.24,0.1,7620.88
S007719,2025-05-18,C0582,P040,ST011,7,9456.55,0.0,6137.28
S007720,2026-02-26,C0726,P083,ST022,8,9693.29,0.0,7077.47
S007721,2026-11-01,C0080,P085,ST007,4,8321.21,0.1,7193.26
S007722,2025-03-28,C0870,P031,ST010,4,9285.76,0.05,8055.68
S007723,2025-03-14,C0920,P026,ST021,3,5698.3,0.05,3556.26
S007724,2025-05-07,C0475,P045,ST009,8,5514.98,0.1,3792.77
S007725,2026-10-16,C0114,P040,ST003,3,8309.56,0.0,6137.28
S007726,2026-05-11,C0664,P016,ST015,5,8721.96,0.02,6754.56
S007727,2025-07-12,C0198,P057,ST018,6,7078.41,0.0,5530.0
S007728,2025-11-27,C0846,P047,ST025,7,6556.82,0.05,4501.3
S007729,2026-02-14,C0619,P041,ST004,2,2816.19,0.0,2039.67
S007730,2025-12-20,C0116,P076,ST021,8,8646.71,0.1,6054.39
S007731,2025-08-27,C0134,P074,ST017,7,6178.38,0.05,5135.74
S007732,2025-06-07,C0556,P051,ST010,1,15904.14,0.0,10925.82
S007733,2026-11-09,C0833,P089,ST003,7,12421.89,0.0,9447.14
S007734,2026-02-10,C0920,P067,ST018,8,11714.18,0.02,9162.6
S007735,2025-03-26,C0766,P011,ST017,5,10205.2,0.0,8103.73
S007736,2026-01-27,C0613,P007,ST001,3,8041.22,0.0,5642.26
S007737,2025-10-19,C0761,P084,ST013,5,6058.93,0.02,4325.72
S007738,2025-12-20,C0877,P009,ST019,6,2205.48,0.0,1892.61
S007739,2025-03-03,C0903,P069,ST015,6,7465.34,0.05,5327.09
S007740,2025-03-27,C0392,P065,ST018,6,3074.8,0.05,2327.08
S007741,2025-12-04,C0240,P087,ST020,6,15263.91,0.05,11513.07
S007742,2026-04-12,C0787,P011,ST003,4,10788.36,0.0,8103.73
S007743,2026-04-28,C0857,P041,ST017,5,2918.21,0.15,2039.67
S007744,2025-04-08,C0060,P079,ST007,5,2370.21,0.1,1464.98
S007745,2025-09-09,C0229,P016,ST009,7,8843.51,0.02,6754.56
S007746,2025-11-04,C0598,P042,ST008,7,12370.06,0.1,8431.76
S007747,2026-05-23,C0649,P047,ST019,5,6985.46,0.05,4501.3
S007748,2025-03-29,C0367,P079,ST007,2,2166.76,0.0,1464.98
S007749,2025-01-25,C0286,P021,ST020,8,3607.72,0.02,2771.37
S007750,2026-03-10,C0795,P003,ST020,3,11077.93,0.0,9496.36
S007751,2026-02-23,C0730,P042,ST002,8,11436.29,0.05,8431.76
S007752,2025-03-02,C0872,P075,ST016,2,1173.73,0.15,738.97
S007753,2026-10-31,C0952,P067,ST016,8,10879.89,0.1,9162.6
S007754,2025-12-19,C0948,P038,ST020,3,7084.24,0.0,5677.06
S007755,2025-05-27,C0369,P084,ST013,1,6297.27,0.05,4325.72
S007756,2025-01-30,C0373,P059,ST003,5,1896.78,0.0,1382.59
S007757,2025-02-09,C0884,P009,ST013,1,2469.95,0.05,1892.61
S007758,2026-05-16,C0558,P022,ST017,8,7670.62,0.05,5050.21
S007759,2026-03-16,C0478,P040,ST008,7,9273.46,0.05,6137.28
S007760,2026-06-29,C0017,P080,ST009,1,8469.4,0.0,7154.82
S007761,2026-05-14,C0722,P050,ST020,5,13779.58,0.05,11552.3
S007762,2026-01-04,C0086,P019,ST025,2,954.56,0.05,612.11
S007763,2025-10-17,C0681,P007,ST003,2,8190.85,0.0,5642.26
S007764,2025-10-24,C0603,P060,ST022,3,15678.88,0.05,10855.58
S007765,2025-07-30,C0670,P018,ST022,1,4620.81,0.0,3821.41
S007766,2025-03-04,C0356,P060,ST012,1,17002.76,0.05,10855.58
S007767,2025-05-06,C0278,P033,ST018,5,14106.76,0.05,9814.74
S007768,2026-05-31,C0078,P015,ST002,7,10207.93,0.0,7707.94
S007769,2026-06-19,C0608,P023,ST010,1,15139.85,0.1,10277.49
S007770,2026-12-27,C0957,P042,ST001,5,13071.41,0.1,8431.76
S007771,2025-03-02,C0212,P025,ST004,6,1366.52,0.05,935.06
S007772,2025-10-21,C0364,P010,ST011,7,2357.18,0.02,1595.73
S007773,2025-04-30,C0303,P077,ST018,4,5543.07,0.05,4125.87
S007774,2025-09-03,C0439,P008,ST023,2,10933.46,0.0,6932.71
S007775,2026-03-19,C0962,P079,ST007,4,2000.88,0.02,1464.98
S007776,2026-04-14,C0182,P059,ST011,1,2218.66,0.0,1382.59
S007777,2025-12-17,C0396,P068,ST002,3,13097.8,0.0,8703.69
S007778,2026-10-15,C0260,P056,ST011,8,13010.55,0.05,8673.46
S007779,2026-02-15,C0104,P070,ST012,8,10123.27,0.0,7620.88
S007780,2026-12-17,C0039,P081,ST023,6,2863.93,0.0,2254.47
S007781,2026-06-03,C0664,P067,ST016,1,14864.22,0.0,9162.6
S007782,2025-10-25,C0544,P030,ST010,5,13800.38,0.05,9460.8
S007783,2025-07-29,C0094,P072,ST016,4,12922.5,0.1,7885.7
S007784,2026-08-18,C0530,P065,ST008,6,3144.38,0.05,2327.08
S007785,2025-10-31,C0283,P034,ST001,5,3290.25,0.0,2211.93
S007786,2026-10-30,C0522,P034,ST022,3,3438.2,0.0,2211.93
S007787,2026-10-20,C0350,P065,ST016,3,2995.46,0.05,2327.08
S007788,2026-03-11,C0794,P044,ST019,3,6066.33,0.05,4727.0
S007789,2026-12-09,C0097,P032,ST010,7,6929.77,0.05,5025.05
S007790,2025-11-25,C0939,P009,ST017,6,2260.0,0.0,1892.61
S007791,2025-08-19,C0103,P060,ST005,5,17816.47,0.02,10855.58
S007792,2026-03-13,C0134,P053,ST014,5,4499.09,0.0,3373.97
S007793,2026-06-28,C0410,P022,ST010,6,7028.98,0.05,5050.21
S007794,2025-05-24,C0888,P059,ST009,3,1899.96,0.05,1382.59
S007795,2026-04-13,C0942,P077,ST025,4,6539.78,0.05,4125.87
S007796,2025-12-27,C0145,P012,ST015,1,9361.51,0.1,5785.38
S007797,2025-11-18,C0256,P060,ST012,5,16290.96,0.02,10855.58
S007798,2025-08-11,C0327,P090,ST017,4,1683.75,0.1,1222.08
S007799,2025-09-17,C0301,P018,ST023,2,4966.64,0.0,3821.41
S007800,2025-07-23,C0547,P037,ST010,4,10592.75,0.15,8737.72
S007801,2025-10-25,C0158,P017,ST020,5,9005.46,0.05,6820.68
S007802,2026-05-30,C0494,P027,ST008,2,5105.79,0.1,3699.73
S007803,2026-10-03,C0728,P057,ST019,6,8650.91,0.1,5530.0
S007804,2026-09-08,C0098,P017,ST018,2,10568.28,0.15,6820.68
S007805,2025-04-05,C0789,P087,ST015,1,13731.17,0.1,11513.07
S007806,2026-04-29,C0814,P083,ST005,5,10771.58,0.02,7077.47
S007807,2026-09-24,C0281,P038,ST016,3,8335.49,0.0,5677.06
S007808,2026-01-20,C0090,P015,ST001,1,11156.97,0.02,7707.94
S007809,2025-08-03,C0589,P046,ST013,4,11851.43,0.05,7655.82
S007810,2025-01-30,C0693,P082,ST009,1,16411.79,0.02,11120.16
S007811,2026-10-05,C0790,P009,ST020,5,3086.55,0.1,1892.61
S007812,2026-06-30,C0891,P082,ST016,1,15733.04,0.0,11120.16
S007813,2025-10-23,C0472,P064,ST014,6,11612.47,0.1,7055.83
S007814,2026-06-30,C0240,P087,ST019,8,18328.89,0.05,11513.07
S007815,2025-09-07,C0429,P017,ST007,2,7976.98,0.0,6820.68
S007816,2025-11-14,C0085,P016,ST006,5,9850.0,0.0,6754.56
S007817,2025-08-30,C0246,P009,ST022,2,2650.58,0.05,1892.61
S007818,2025-10-17,C0312,P049,ST022,6,2161.39,0.0,1636.57
S007819,2025-10-28,C0949,P011,ST012,6,11548.21,0.0,8103.73
S007820,2026-12-07,C0793,P003,ST007,6,12964.94,0.15,9496.36
S007821,2026-07-11,C0570,P020,ST013,2,8687.63,0.0,5381.43
S007822,2026-08-01,C0011,P009,ST025,5,2869.93,,1892.61
S007823,2025-04-19,C0362,P016,ST025,1,10727.29,0.0,6754.56
S007824,2026-08-08,C0510,P046,ST001,1,11261.29,0.02,7655.82
S007825,2026-12-27,C0567,P046,ST020,7,9327.36,0.0,7655.82
S007826,2025-09-16,C0544,P081,ST010,8,3456.11,0.02,2254.47
S007827,2026-09-19,C0802,P017,ST025,1,8628.62,0.0,6820.68
S007828,2026-12-30,C0865,P032,ST017,4,8019.62,0.05,5025.05
S007829,2025-01-15,C0627,P011,ST004,2,11594.59,0.02,8103.73
S007830,2025-11-23,C0229,P079,ST008,2,2058.23,0.0,1464.98
S007831,2026-04-10,C0819,P003,ST011,8,13865.22,0.0,9496.36
S007832,2026-09-30,C0782,P068,ST023,4,12231.76,0.0,8703.69
S007833,2026-11-06,C0972,P080,ST010,1,10459.3,0.0,7154.82
S007834,2025-04-18,C0459,P051,ST022,5,13230.02,0.0,10925.82
S007835,2025-02-03,C0919,P037,ST013,6,13097.83,0.1,8737.72
S007836,2026-11-04,C0946,P055,ST019,1,14945.86,0.1,9400.32
S007837,2026-04-21,C0837,P058,ST012,7,4136.29,0.0,3448.84
S007838,2025-09-10,C0073,P035,ST004,4,763.31,0.0,516.87
S007839,2025-01-22,C0393,P007,ST006,7,8754.28,0.0,5642.26
S007840,2026-12-06,C0816,P069,ST023,7,8270.95,0.1,5327.09
S007841,2026-10-12,C0837,P022,ST012,3,7915.31,0.0,5050.21
S007842,2026-09-28,C0582,P006,ST011,5,13134.23,0.05,9423.57
S007843,2026-09-05,C0077,P041,ST003,7,2348.04,0.02,2039.67
S007844,2025-07-24,C0339,P080,ST016,4,8626.39,0.02,7154.82
S007845,2025-12-10,C0600,P001,ST007,4,3804.61,0.02,2598.92
S007846,2026-07-24,C0626,P020,ST005,3,6519.7,0.02,5381.43
S007847,2026-11-22,C0361,P055,ST020,2,15051.24,0.0,9400.32
S007848,2026-08-01,C0933,P009,ST011,6,2707.17,0.02,1892.61
S007849,2025-09-08,C0992,P007,ST012,2,7422.32,0.0,5642.26
S007850,2025-02-09,C0108,P070,ST007,1,12492.1,0.0,7620.88
S007851,2025-06-16,C0642,P050,ST025,7,14124.43,0.0,11552.3
S007852,2025-05-21,C0342,P051,ST004,2,17088.1,0.02,10925.82
S007853,2025-10-11,C0896,P046,ST014,4,12622.16,0.02,7655.82
S007854,2026-04-27,C0305,P052,ST003,8,13968.0,0.05,8471.56
S007855,2025-03-13,C0240,P037,ST020,3,11585.39,0.05,8737.72
S007856,2026-01-29,C0837,P063,ST011,3,5450.64,0.05,3844.99
S007857,2025-09-02,C0085,P055,ST006,3,11055.47,0.0,9400.32
S007858,2026-07-21,C0027,P033,ST022,1,13630.8,0.05,9814.74
S007859,2026-10-17,C0581,P056,ST010,8,13601.83,0.02,8673.46
S007860,2025-05-20,C0760,P061,ST012,2,8739.07,0.02,5605.37
S007861,2025-11-03,C0887,P037,ST025,3,11848.78,0.0,8737.72
S007862,2026-09-30,C0694,P035,ST018,2,801.11,0.0,516.87
S007863,2026-12-04,C0231,P044,ST019,3,7172.35,0.05,4727.0
S007864,2026-01-28,C0637,P069,ST017,6,7685.05,0.05,5327.09
S007865,2025-12-14,C0258,P017,ST008,5,9684.78,0.1,6820.68
S007866,2026-06-21,C0974,P078,ST023,7,2773.75,0.05,1948.16
S007867,2025-08-22,C0930,P002,ST009,1,518.48,0.0,336.51
S007868,2026-07-24,C0868,P060,ST008,8,14224.31,0.0,10855.58
S007869,2025-11-25,C0156,P007,ST022,6,8019.27,0.05,5642.26
S007870,2025-06-19,C0768,P061,ST003,6,8768.69,0.05,5605.37
S007871,2025-04-09,C0419,P016,ST016,2,9292.19,0.0,6754.56
S007872,2025-11-18,C0418,P036,ST011,2,1562.91,0.02,1308.06
S007873,2026-08-16,C0429,P018,ST006,8,5942.47,0.05,3821.41
S007874,2026-07-29,C0194,P026,ST025,6,5358.08,0.0,3556.26
S007875,2026-09-29,C0455,P040,ST004,7,7528.3,0.0,6137.28
S007876,2025-11-06,C0454,P009,ST015,5,2685.48,0.15,1892.61
S007877,2025-08-10,C0675,P071,ST001,2,10857.89,0.05,7113.15
S007878,2025-09-14,C0612,P025,ST008,6,1385.57,0.05,935.06
S007879,2025-12-14,C0976,P033,ST004,8,13975.62,0.0,9814.74
S007880,2026-09-07,C0969,P061,ST022,8,7883.05,0.02,5605.37
S007881,2026-10-13,C0440,P047,ST008,4,5749.44,0.0,4501.3
S007882,2026-12-09,C0895,P047,ST008,4,7365.31,0.0,4501.3
S007883,2026-05-26,C0302,P086,ST001,1,775.4,0.0,517.95
S007884,2025-06-23,C0784,P082,ST012,2,17237.65,0.1,11120.16
S007885,2025-02-25,C0675,P034,ST002,6,3645.74,0.02,2211.93
S007886,2026-06-07,C0993,P088,ST001,8,8932.74,0.02,5917.07
S007887,2026-07-05,C0424,P065,ST014,5,3011.71,0.05,2327.08
S007888,2026-05-16,C0844,P031,ST010,4,11544.77,0.0,8055.68
S007889,2026-07-19,C0759,P006,ST005,3,13813.87,0.05,9423.57
S007890,2025-10-24,C0111,P090,ST014,3,1899.05,0.0,1222.08
S007891,2025-07-09,C0776,P057,ST025,4,8378.73,0.1,5530.0
S007892,2026-11-18,C0689,P021,ST022,3,4296.0,0.0,2771.37
S007893,2026-06-14,C0253,P034,ST015,4,3383.69,0.1,2211.93
S007894,2026-08-07,C0236,P034,ST003,8,3434.43,0.02,2211.93
S007895,2026-01-13,C0035,P032,ST004,7,7324.95,0.0,5025.05
S007896,2025-03-19,C0384,P010,ST014,6,2196.58,0.1,1595.73
S007897,2025-10-10,C0860,P048,ST007,8,1697.9,0.02,1279.89
S007898,2026-10-29,C0946,P066,ST020,4,16319.92,0.1,10315.22
S007899,2025-12-17,C0340,P071,ST007,4,11689.46,0.05,7113.15
S007900,2026-04-23,C0792,P085,ST009,3,10453.21,0.05,7193.26
S007901,2026-02-07,C0467,P023,ST025,2,16836.09,0.05,10277.49
S007902,2025-02-27,C0021,P045,ST001,5,6136.78,0.15,3792.77
S007903,2025-07-12,C0341,P071,ST009,3,9595.67,0.05,7113.15
S007904,2025-12-01,C0263,P089,ST021,4,12028.72,0.0,9447.14
S007905,2025-09-22,C0182,P087,ST010,3,17173.04,0.0,11513.07
S007906,2025-11-02,C0878,P011,ST023,5,13170.4,0.0,8103.73
S007907,2025-06-22,C0566,P018,ST014,1,5513.07,0.05,3821.41
S007908,2025-04-10,C0213,P090,ST017,6,1815.74,0.02,1222.08
S007909,2026-04-24,C0988,P054,ST020,7,17827.43,0.1,11637.82
S007910,2026-11-22,C0380,P080,ST025,7,11776.92,0.0,7154.82
S007911,2025-03-20,C0538,P078,ST013,5,2735.44,0.05,1948.16
S007912,2025-10-17,C0803,P020,ST004,2,7241.01,0.02,5381.43
S007913,2026-12-18,C0468,P009,ST004,5,2982.75,0.1,1892.61
S007914,2026-06-28,C0964,P039,ST025,8,2555.69,0.02,2144.94
S007915,2026-02-11,C0593,P062,ST003,6,3070.13,0.02,2627.77
S007916,2026-12-11,C0472,P044,ST016,2,7405.95,0.02,4727.0
S007917,2026-11-14,C0164,P087,ST011,2,15458.99,0.05,11513.07
S007918,2025-06-30,C0438,P064,ST014,5,9799.89,0.0,7055.83
S007919,2025-10-29,C0077,P077,ST005,7,6802.25,0.0,4125.87
S007920,2025-07-20,C0872,P021,ST015,8,3268.42,0.05,2771.37
S007921,2025-06-07,C0842,P056,ST020,8,10549.01,0.1,8673.46
S007922,2026-10-05,C0554,P046,ST008,3,10814.55,0.0,7655.82
S007923,2025-04-19,C0138,P015,ST012,6,10365.71,0.02,7707.94
S007924,2026-09-09,C0896,P081,ST015,8,3480.99,0.0,2254.47
S007925,2026-11-10,C0181,P017,ST023,8,10923.29,0.0,6820.68
S007926,2025-11-16,C0168,P062,ST016,5,3636.46,0.02,2627.77
S007927,2026-09-12,C1000,P081,ST021,5,2731.25,0.05,2254.47
S007928,2026-12-25,C0871,P049,ST014,2,2274.86,0.0,1636.57
S007929,2025-01-14,C0960,P012,ST004,6,8453.16,0.0,5785.38
S007930,2026-06-01,C0604,P039,ST001,1,2683.53,0.1,2144.94
S007931,2026-08-27,C0318,P071,ST012,8,8574.1,0.1,7113.15
S007932,2025-08-18,C0175,P029,ST006,3,10196.89,0.05,6795.13
S007933,2026-12-21,C0274,P089,ST024,6,11934.51,,9447.14
S007934,2025-04-18,C0159,P047,ST020,5,6015.6,0.1,4501.3
S007935,2025-11-08,C0432,P024,ST023,4,4934.63,0.0,2998.79
S007936,2025-03-11,C0147,P036,ST004,3,1727.2,0.0,1308.06
S007937,2026-02-23,C0707,P002,ST009,6,431.33,0.05,336.51
S007938,2026-08-08,C0632,P074,ST014,4,8402.82,0.02,5135.74
S007939,2026-03-24,C0322,P052,ST005,6,10914.83,0.1,8471.56
S007940,2025-04-13,C0904,P015,ST018,4,10707.37,0.05,7707.94
S007941,2025-02-25,C0999,P023,ST003,4,13469.5,0.0,10277.49
S007942,2026-02-28,C0649,P089,ST020,5,12409.16,0.1,9447.14
S007943,2026-08-24,C0464,P054,ST020,5,17154.71,0.05,11637.82
S007944,2025-06-02,C0545,P047,ST016,6,5541.61,0.0,4501.3
S007945,2026-07-08,C0403,P013,ST023,1,11018.35,0.0,6891.52
S007946,2026-03-07,C0967,P061,ST002,8,8450.28,0.05,5605.37
S007947,2026-04-03,C0874,P016,ST022,8,8927.65,0.1,6754.56
S007948,2026-05-26,C0543,P088,ST004,7,7298.78,0.0,5917.07
S007949,2026-10-06,C0958,P036,ST021,3,1978.79,0.0,1308.06
S007950,2026-01-21,C0289,P073,ST005,3,1997.91,0.0,1242.22
S007951,2026-10-31,C0605,P087,ST010,8,17099.58,0.02,11513.07
S007952,2026-09-02,C0849,P068,ST009,8,14030.66,0.05,8703.69
S007953,2025-05-07,C0755,P070,ST019,3,11557.34,0.0,7620.88
S007954,2026-08-14,C0775,P014,ST025,4,11547.49,0.0,9238.74
S007955,2025-01-17,C0719,P046,ST007,3,11353.24,0.1,7655.82
S007956,2025-06-30,C0089,P085,ST016,2,9161.63,0.05,7193.26
S007957,2026-08-02,C0648,P018,ST007,8,4681.07,0.05,3821.41
S007958,2025-04-22,C0727,P031,ST024,3,11074.31,0.05,8055.68
S007959,2025-11-14,C0030,P067,ST025,7,15016.26,0.02,9162.6
S007960,2026-08-10,C0058,P075,ST024,6,894.56,0.02,738.97
S007961,2025-03-05,C0817,P051,ST019,2,15374.56,0.0,10925.82
S007962,2025-09-26,C0074,P089,ST020,4,11139.66,0.15,9447.14
S007963,2026-12-03,C0402,P080,ST012,6,9835.63,0.02,7154.82
S007964,2026-11-26,C0909,P054,ST022,1,16218.49,0.0,11637.82
S007965,2026-02-27,C0557,P076,ST019,3,8194.42,0.05,6054.39
S007966,2026-03-29,C0581,P087,ST013,6,18548.67,0.0,11513.07
S007967,2025-03-26,C0092,P018,ST006,6,6123.6,0.0,3821.41
S007968,2026-05-24,C0412,P084,ST005,8,5288.8,0.1,4325.72
S007969,2026-11-25,C0274,P072,ST024,6,11645.53,0.0,7885.7
S007970,2025-09-03,C0118,P018,ST001,1,4412.47,0.15,3821.41
S007971,2025-03-27,C0253,P029,ST017,4,9917.74,0.0,6795.13
S007972,2026-02-27,C0300,P006,ST016,5,14794.04,0.0,9423.57
S007973,2026-07-22,C0670,P055,ST022,4,11486.91,0.02,9400.32
S007974,2025-12-24,C0334,P059,ST005,2,2198.3,0.02,1382.59
S007975,2025-02-23,C0641,P028,ST002,3,13001.55,0.0,8027.52
S007976,2025-05-13,C0498,P072,ST020,6,9693.54,0.02,7885.7
S007977,2026-09-25,C0691,P080,ST017,6,8514.54,0.0,7154.82
S007978,2026-04-23,C0333,P032,ST004,4,8144.65,0.0,5025.05
S007979,2025-12-29,C0860,P045,ST008,6,5278.66,0.0,3792.77
S007980,2025-03-05,C0847,P022,ST008,3,7128.4,0.05,5050.21
S007981,2026-08-15,C0176,P032,ST008,6,7802.48,0.02,5025.05
S007982,2026-01-08,C0490,P013,ST020,5,9390.42,0.05,6891.52
S007983,2026-08-29,C0056,P044,ST001,1,6891.74,0.02,4727.0
S007984,2026-11-05,C0762,P044,ST002,4,6540.39,0.0,4727.0
S007985,2025-05-10,C0624,P003,ST004,7,13143.86,0.1,9496.36
S007986,2026-06-19,C0193,P024,ST021,2,4406.31,0.0,2998.79
S007987,2025-10-09,C0700,P012,ST013,6,8134.53,0.05,5785.38
S007988,2025-04-28,C0199,P051,ST001,3,14116.75,0.0,10925.82
S007989,2025-04-24,C0328,P063,ST025,1,5108.38,0.0,3844.99
S007990,2025-03-22,C0239,P072,ST007,8,9607.75,0.1,7885.7
S007991,2025-08-20,C0003,P067,ST022,8,11720.65,0.05,9162.6
S007992,2025-12-29,C0850,P007,ST021,5,6622.92,0.0,5642.26
S007993,2025-11-07,C0777,P017,ST002,5,10756.8,0.05,6820.68
S007994,2026-01-07,C0613,P021,ST005,6,4073.79,0.02,2771.37
S007995,2026-07-09,C0303,P028,ST021,6,9698.01,0.05,8027.52
S007996,2026-11-09,C0489,P029,ST011,4,9274.39,0.0,6795.13
S007997,2025-10-04,C0135,P032,ST019,3,7908.41,0.05,5025.05
S007998,2025-12-14,C0869,P055,ST021,2,12134.96,0.0,9400.32
S007999,2025-01-26,C0101,P071,ST023,8,10202.69,0.0,7113.15
S008000,2026-09-01,C0402,P025,ST011,5,1084.19,0.05,935.06
S008001,2026-02-07,C0058,P030,ST022,4,13167.37,0.0,9460.8
S008002,2026-05-12,C0274,P004,ST023,5,12193.41,0.02,8062.0
S008003,2026-07-24,C0315,P006,ST005,6,12557.1,0.05,9423.57
S008004,2026-06-06,C0220,P076,ST015,7,8005.07,0.0,6054.39
S008005,2026-03-14,C0837,P066,ST013,8,16869.81,0.02,10315.22
S008006,2026-11-12,C0636,P090,ST024,5,1731.41,0.0,1222.08
S008007,2025-10-12,C0446,P087,ST017,5,15035.23,0.0,11513.07
S008008,2025-04-03,C0414,P073,ST022,4,1650.92,0.02,1242.22
S008009,2025-01-26,C0920,P020,ST021,1,8323.16,0.05,5381.43
S008010,2026-07-08,C0346,P057,ST007,8,7365.69,0.0,5530.0
S008011,2026-04-22,C0672,P081,ST004,8,3096.96,0.05,2254.47
S008012,2025-04-20,C0574,P050,ST025,6,15299.95,0.05,11552.3
S008013,2026-02-17,C0276,P024,ST001,6,4131.23,0.0,2998.79
S008014,2025-04-01,C0519,P067,ST016,2,12434.86,0.0,9162.6
S008015,2025-10-05,C0025,P073,ST011,6,1867.25,0.02,1242.22
S008016,2025-08-20,C0239,P068,ST006,3,11326.02,0.05,8703.69
S008017,2025-12-28,C0344,P088,ST006,5,7991.46,0.15,5917.07
S008018,2026-05-17,C0220,P078,ST015,7,2504.3,0.02,1948.16
S008019,2025-06-22,C0801,P077,ST002,8,5950.51,0.1,4125.87
S008020,2025-09-25,C0031,P015,ST009,8,10888.16,0.05,7707.94
S008021,2026-08-23,C0620,P074,ST012,7,6886.19,0.05,5135.74
S008022,2026-10-05,C0996,P040,ST008,7,9994.19,0.05,6137.28
S008023,2026-07-20,C0375,P075,ST009,4,862.03,0.0,738.97
S008024,2026-05-02,C0264,P027,ST003,6,5729.28,0.05,3699.73
S008025,2026-01-19,C0103,P007,ST002,4,8410.48,0.05,5642.26
S008026,2025-08-07,C0845,P039,ST004,2,3289.71,0.05,2144.94
S008027,2026-02-09,C0736,P070,ST024,4,11748.33,0.0,7620.88
S008028,2026-01-21,C0777,P070,ST004,7,12022.73,0.0,7620.88
S008029,2026-01-20,C0816,P016,ST022,8,10908.34,0.0,6754.56
S008030,2026-07-18,C0627,P009,ST002,6,2947.88,0.0,1892.61
S008031,2025-09-06,C0552,P090,ST023,3,1668.1,0.05,1222.08
S008032,2026-05-06,C0094,P063,ST017,7,4556.25,0.0,3844.99
S008033,2026-08-02,C0287,P066,ST004,8,15468.72,0.0,10315.22
S008034,2026-03-10,C0343,P003,ST017,4,13781.11,0.0,9496.36
S008035,2026-05-02,C0955,P036,ST017,2,1798.46,0.0,1308.06
S008036,2026-10-24,C0123,P077,ST008,3,5239.47,0.05,4125.87
S008037,2025-01-30,C0660,P007,ST019,3,6759.79,0.05,5642.26
S008038,2026-09-14,C0097,P012,ST011,4,8825.4,0.0,5785.38
S008039,2026-05-19,C0154,P071,ST003,8,11349.98,0.05,7113.15
S008040,2026-05-20,C0074,P087,ST018,6,17974.82,0.0,11513.07
S008041,2026-05-09,C0611,P061,ST004,2,7435.95,0.05,5605.37
S008042,2026-08-01,C0143,P024,ST005,4,4570.12,0.0,2998.79
S008043,2026-04-19,C0511,P057,ST009,2,8776.55,0.1,5530.0
S008044,2025-09-10,C0632,P065,ST014,7,3731.12,0.05,2327.08
S008045,2026-03-22,C0946,P008,ST020,7,8924.35,0.0,6932.71
S008046,2026-08-25,C0602,P088,ST002,2,7040.86,0.05,5917.07
S008047,2025-07-23,C0910,P080,ST003,1,10868.86,0.0,7154.82
S008048,2026-12-09,C0586,P080,ST004,1,10451.04,0.0,7154.82
S008049,2026-04-16,C0620,P017,ST012,4,8551.17,0.02,6820.68
S008050,2026-12-22,C0261,P017,ST006,5,10931.31,0.0,6820.68
S008051,2026-02-15,C0514,P007,ST004,7,8187.14,0.05,5642.26
S008052,2026-03-07,C0850,P078,ST019,1,3127.31,0.05,1948.16
S008053,2026-03-22,C0679,P032,ST017,8,7338.27,0.02,5025.05
S008054,2026-06-29,C0012,P072,ST023,5,11341.57,0.0,7885.7
S008055,2025-06-27,C0423,P015,ST023,2,10297.76,0.05,7707.94
S008056,2025-07-29,C0111,P036,ST016,6,1775.35,0.0,1308.06
S008057,2025-03-07,C0970,P038,ST003,3,6918.35,0.02,5677.06
S008058,2025-11-22,C0454,P085,ST015,8,10837.74,0.0,7193.26
S008059,2026-02-08,C0482,P002,ST012,6,443.85,0.1,336.51
S008060,2026-01-09,C0490,P008,ST019,7,9996.53,0.02,6932.71
S008061,2026-12-11,C0374,P017,ST006,3,10855.07,0.0,6820.68
S008062,2026-08-04,C0490,P039,ST020,3,2954.97,0.1,2144.94
S008063,2025-10-28,C0479,P027,ST004,8,4829.31,0.0,3699.73
S008064,2026-05-23,C0370,P036,ST004,6,2147.84,0.1,1308.06
S008065,2025-08-12,C0460,P070,ST015,7,10645.98,0.0,7620.88
S008066,2026-02-22,C0330,P019,ST010,4,1005.58,0.05,612.11
S008067,2026-07-04,C0713,P024,ST024,5,4915.58,0.0,2998.79
S008068,2025-02-20,C0543,P068,ST002,1,13753.53,0.0,8703.69
S008069,2025-03-13,C0935,P015,ST023,3,12046.74,0.02,7707.94
S008070,2025-05-14,C0247,P082,ST018,5,14202.73,0.0,11120.16
S008071,2026-05-15,C0222,P049,ST002,5,2567.06,0.05,1636.57
S008072,2025-04-05,C0279,P002,ST005,5,484.13,0.05,336.51
S008073,2025-05-28,C0063,P059,ST011,4,1915.59,0.0,1382.59
S008074,2025-05-04,C0927,P009,ST008,4,2760.79,0.02,1892.61
S008075,2026-08-12,C0385,P006,ST001,3,14017.25,0.05,9423.57
S008076,2025-07-13,C0198,P051,ST021,4,14569.92,0.05,10925.82
S008077,2025-08-24,C0868,P081,ST009,3,3073.49,0.05,2254.47
S008078,2025-12-11,C0820,P050,ST013,4,13914.52,0.0,11552.3
S008079,2025-01-09,C0554,P066,ST009,8,13346.53,0.0,10315.22
S008080,2026-04-23,C0635,P029,ST004,5,10438.98,0.05,6795.13
S008081,2026-11-06,C0554,P066,ST007,6,14826.98,0.02,10315.22
S008082,2025-12-22,C0802,P058,ST022,2,4318.88,0.0,3448.84
S008083,2025-04-25,C0499,P066,ST020,8,12604.6,0.0,10315.22
S008084,2025-07-16,C0650,P027,ST015,5,5553.88,0.05,3699.73
S008085,2026-01-09,C0079,P038,ST022,1,7765.56,0.05,5677.06
S008086,2026-08-27,C0556,P087,ST011,8,15370.69,0.05,11513.07
S008087,2026-12-28,C0535,P090,ST015,2,1770.86,0.0,1222.08
S008088,2025-02-26,C0902,P083,ST019,7,10481.16,0.02,7077.47
S008089,2026-06-01,C0807,P050,ST018,6,18018.25,0.02,11552.3
S008090,2025-07-29,C0272,P035,ST015,6,599.22,0.05,516.87
S008091,2026-12-17,C0110,P058,ST012,3,5204.73,0.05,3448.84
S008092,2025-04-25,C0691,P057,ST015,4,8130.5,0.02,5530.0
S008093,2026-07-04,C0108,P003,ST006,5,14790.19,0.0,9496.36
S008094,2025-10-29,C0748,P002,ST003,6,446.42,0.0,336.51
S008095,2025-05-22,C0330,P036,ST011,1,2039.74,0.1,1308.06
S008096,2025-04-12,C0116,P067,ST019,2,13434.65,0.1,9162.6
S008097,2026-05-18,C0537,P084,ST024,1,7106.95,0.02,4325.72
S008098,2025-11-18,C0111,P011,ST016,6,11572.87,0.05,8103.73
S008099,2025-03-04,C0644,P074,ST016,3,6645.49,0.05,5135.74
S008100,2025-09-09,C0497,P057,ST019,2,7396.43,0.05,5530.0
S008101,2025-07-08,C0432,P069,ST024,1,8288.01,0.0,5327.09
S008102,2026-06-09,C0584,P051,ST022,5,17732.24,0.0,10925.82
S008103,2025-07-29,C0491,P066,ST025,1,14538.34,0.0,10315.22
S008104,2025-01-17,C0625,P032,ST023,4,7719.55,0.05,5025.05
S008105,2026-01-17,C0355,P034,ST020,7,3501.82,0.05,2211.93
S008106,2026-09-18,C0254,P041,ST018,8,3179.57,0.1,2039.67
S008107,2026-01-26,C0103,P075,ST001,7,1037.61,0.05,738.97
S008108,2025-06-08,C0399,P001,ST004,2,3638.72,0.0,2598.92
S008109,2025-02-01,C0251,P010,ST016,4,2307.11,0.15,1595.73
S008110,2025-10-26,C0504,P072,ST003,4,12968.87,0.1,7885.7
S008111,2026-09-06,C0739,P050,ST017,6,16888.61,0.05,11552.3
S008112,2025-07-17,C0988,P054,ST020,2,14978.2,0.1,11637.82
S008113,2026-06-14,C0362,P065,ST022,2,3497.9,0.02,2327.08
S008114,2025-03-17,C0343,P027,ST016,3,4842.91,0.02,3699.73
S008115,2025-10-28,C0901,P046,ST005,2,10376.07,0.1,7655.82
S008116,2025-02-05,C0780,P023,ST012,1,15353.73,0.0,10277.49
S008117,2025-08-05,C0364,P027,ST012,8,4355.4,0.1,3699.73
S008118,2026-11-13,C0726,P061,ST023,3,8911.54,0.02,5605.37
S008119,2026-10-03,C0098,P071,ST018,1,8437.11,0.1,7113.15
S008120,2025-07-29,C0225,P031,ST017,8,10532.96,0.02,8055.68
S008121,2025-08-20,C0025,P043,ST011,2,6989.24,0.05,5492.34
S008122,2026-12-04,C0290,P063,ST019,2,4976.9,0.05,3844.99
S008123,2025-12-03,C0213,P024,ST016,6,3992.5,0.05,2998.79
S008124,2026-12-22,C0031,P052,ST007,6,11027.69,0.02,8471.56
S008125,2025-07-26,C0911,P066,ST021,8,15640.35,0.02,10315.22
S008126,2025-09-20,C0081,P016,ST007,6,10931.63,0.0,6754.56
S008127,2026-04-23,C0193,P076,ST018,6,8431.96,0.0,6054.39
S008128,2026-03-12,C0194,P055,ST024,4,13824.52,0.0,9400.32
S008129,2025-06-19,C0088,P054,ST013,1,17697.61,0.05,11637.82
S008130,2025-06-03,C0610,P068,ST024,4,11596.82,0.02,8703.69
S008131,2025-04-21,C0161,P064,ST020,4,8853.01,0.05,7055.83
S008132,2026-06-23,C0367,P013,ST007,2,8344.08,0.05,6891.52
S008133,2026-11-24,C0650,P076,ST016,6,9566.79,0.05,6054.39
S008134,2026-02-14,C0638,P012,ST002,1,8590.3,0.05,5785.38
S008135,2026-04-23,C0127,P011,ST007,1,9563.14,0.05,8103.73
S008136,2025-09-11,C0563,P036,ST002,8,1842.77,0.05,1308.06
S008137,2026-02-05,C0352,P063,ST017,3,5220.25,0.0,3844.99
S008138,2025-08-17,C0652,P048,ST009,3,1823.07,0.1,1279.89
S008139,2025-02-01,C0378,P025,ST018,6,1356.85,0.1,935.06
S008140,2026-01-11,C0792,P030,ST007,3,15230.19,0.0,9460.8
S008141,2025-01-26,C0518,P004,ST007,3,10940.33,0.0,8062.0
S008142,2025-08-16,C0019,P012,ST021,1,9325.93,0.05,5785.38
S008143,2025-03-09,C0755,P071,ST018,6,8398.7,0.1,7113.15
S008144,2026-05-22,C0433,P083,ST013,4,11276.43,0.0,7077.47
S008145,2025-07-21,C0174,P077,ST008,8,5611.49,0.1,4125.87
S008146,2026-01-15,C0902,P013,ST019,8,8656.45,0.05,6891.52
S008147,2025-04-09,C0872,P063,ST017,4,5490.14,0.0,3844.99
S008148,2025-02-04,C0915,P076,ST006,5,8831.51,0.0,6054.39
S008149,2026-01-31,C0171,P048,ST011,6,1863.26,0.0,1279.89
S008150,2026-08-16,C0442,P048,ST010,3,1816.75,0.02,1279.89
S008151,2026-06-03,C0316,P019,ST001,3,870.52,0.0,612.11
S008152,2026-04-27,C0618,P027,ST023,5,4532.54,0.0,3699.73
S008153,2026-09-23,C0341,P071,ST009,2,11539.06,0.02,7113.15
S008154,2025-04-08,C0811,P081,ST010,8,2888.71,0.05,2254.47
S008155,2025-08-28,C0177,P008,ST009,3,8014.51,0.1,6932.71
S008156,2026-08-03,C0794,P078,ST020,6,2816.2,0.05,1948.16
S008157,2026-01-24,C0626,P067,ST002,8,10630.24,0.0,9162.6
S008158,2025-05-12,C0309,P050,ST003,2,17391.04,0.05,11552.3
S008159,2026-03-16,C0034,P069,ST024,8,8530.01,0.05,5327.09
S008160,2026-08-27,C0104,P008,ST010,2,9365.44,0.0,6932.71
S008161,2026-08-01,C0323,P048,ST023,5,1719.64,0.1,1279.89
S008162,2026-10-02,C0067,P085,ST001,4,11513.27,0.02,7193.26
S008163,2026-09-11,C0695,P033,ST019,6,14385.53,0.05,9814.74
S008164,2026-08-29,C0513,P040,ST019,6,8680.12,0.05,6137.28
S008165,2026-04-19,C0049,P011,ST018,1,10758.54,0.0,8103.73
S008166,2026-07-16,C0643,P030,ST012,5,14313.34,0.15,9460.8
S008167,2026-07-16,C0950,P088,ST012,2,7863.42,0.05,5917.07
S008168,2026-02-26,C0205,P082,ST020,8,15240.5,0.0,11120.16
S008169,2025-05-29,C0739,P011,ST017,3,9414.73,0.1,8103.73
S008170,2025-03-06,C0072,P066,ST016,5,14386.83,0.1,10315.22
S008171,2026-10-05,C0685,P083,ST023,1,9814.69,0.05,7077.47
S008172,2025-10-20,C0137,P018,ST008,1,6155.77,0.0,3821.41
S008173,2026-10-05,C0104,P018,ST010,6,6255.4,0.0,3821.41
S008174,2025-03-03,C0457,P036,ST019,3,1825.51,0.05,1308.06
S008175,2025-09-22,C0204,P052,ST017,4,10300.79,0.02,8471.56
S008176,2026-01-08,C0911,P040,ST019,7,7256.53,0.05,6137.28
S008177,2026-02-18,C0661,P073,ST021,1,2039.13,0.0,1242.22
S008178,2026-08-18,C0349,P023,ST017,8,14659.14,0.05,10277.49
S008179,2025-07-04,C0760,P020,ST010,7,7161.75,0.05,5381.43
S008180,2026-12-16,C0244,P034,ST011,8,2829.52,0.1,2211.93
S008181,2025-09-19,C0341,P086,ST008,3,821.48,0.05,517.95
S008182,2025-09-26,C0136,P008,ST006,3,10610.12,0.05,6932.71
S008183,2026-01-12,C0737,P018,ST009,1,5583.81,0.05,3821.41
S008184,2026-08-29,C0481,P029,ST020,3,9113.12,0.0,6795.13
S008185,2025-08-02,C0584,P033,ST024,2,13039.65,0.02,9814.74
S008186,2025-12-19,C0713,P056,ST022,6,13488.21,0.0,8673.46
S008187,2025-09-30,C0262,P087,ST022,7,13981.43,0.02,11513.07
S008188,2026-12-24,C0927,P077,ST009,7,4868.94,0.1,4125.87
S008189,2026-12-13,C0807,P071,ST021,2,10428.93,0.05,7113.15
S008190,2025-10-28,C0395,P068,ST001,7,11198.55,0.0,8703.69
S008191,2026-11-15,C0743,P031,ST022,2,12618.0,0.05,8055.68
S008192,2025-02-11,C0786,P007,ST005,3,8190.44,0.0,5642.26
S008193,2025-08-24,C0373,P024,ST001,8,4348.72,0.0,2998.79
S008194,2026-01-19,C0840,P068,ST004,8,10528.04,0.05,8703.69
S008195,2026-02-04,C0251,P046,ST016,8,11674.49,0.0,7655.82
S008196,2025-12-24,C0634,P075,ST023,3,881.28,0.05,738.97
S008197,2025-07-30,C0810,P067,ST007,6,11564.68,0.1,9162.6
S008198,2026-04-20,C0375,P017,ST009,6,8755.45,0.0,6820.68
S008199,2025-03-24,C0038,P083,ST022,6,9253.69,0.05,7077.47
S008200,2025-09-14,C0242,P049,ST023,7,1889.02,0.0,1636.57
S008201,2026-12-26,C0730,P029,ST004,8,9988.87,0.0,6795.13
S008202,2026-09-25,C0092,P071,ST007,3,10384.6,0.05,7113.15
S008203,2026-06-22,C0277,P069,ST003,6,8744.57,0.05,5327.09
S008204,2026-04-07,C0323,P006,ST023,1,15167.71,0.0,9423.57
S008205,2025-10-29,C0898,P048,ST009,2,1844.53,0.05,1279.89
S008206,2026-02-20,C0146,P078,ST008,6,3106.85,0.0,1948.16
S008207,2026-09-08,C0680,P090,ST001,4,1683.45,0.0,1222.08
S008208,2025-08-16,C0583,P034,ST005,6,3384.2,0.02,2211.93
S008209,2026-06-03,C0336,P050,ST007,3,16878.55,0.05,11552.3
S008210,2025-10-08,C0895,P086,ST006,1,622.02,0.05,517.95
S008211,2025-06-30,C0253,P006,ST015,1,13901.67,0.02,9423.57
S008212,2026-11-20,C0740,P060,ST017,5,14510.09,0.0,10855.58
S008213,2026-06-10,C0582,P043,ST012,5,7615.14,0.0,5492.34
S008214,2026-06-04,C0713,P005,ST022,1,13428.05,0.05,8535.69
S008215,2026-09-07,C0004,P041,ST015,3,3013.61,0.0,2039.67
S008216,2025-05-06,C0625,P052,ST025,2,12270.51,0.0,8471.56
S008217,2026-04-10,C0066,P043,ST003,1,6971.03,0.02,5492.34
S008218,2026-06-03,C0766,P052,ST015,5,12271.6,0.0,8471.56
S008219,2026-01-19,C0232,P014,ST004,4,11024.67,0.0,9238.74
S008220,2026-12-12,C0207,P012,ST023,7,7804.34,0.05,5785.38
S008221,2026-09-15,C0820,P072,ST011,7,10832.17,0.15,7885.7
S008222,2026-10-16,C0949,P090,ST012,1,1750.11,0.05,1222.08
S008223,2025-01-09,C0439,P061,ST022,4,7257.96,0.05,5605.37
S008224,2026-05-18,C0080,P041,ST009,6,2551.65,0.05,2039.67
S008225,2026-01-19,C0667,P016,ST020,2,10596.2,0.0,6754.56
S008226,2026-08-03,C0448,P011,ST006,2,9831.47,0.05,8103.73
S008227,2025-10-04,C0551,P058,ST008,3,4103.18,0.05,3448.84
S008228,2025-01-03,C0348,P036,ST005,8,1558.06,0.05,1308.06
S008229,2026-01-02,C0882,P056,ST018,5,11055.76,0.05,8673.46
S008230,2026-05-12,C0555,P056,ST022,7,10502.54,0.0,8673.46
S008231,2025-04-26,C0820,P036,ST010,1,1557.38,0.0,1308.06
S008232,2025-04-04,C0041,P018,ST022,1,5938.01,0.1,3821.41
S008233,2026-03-27,C0985,P017,ST011,1,10635.2,0.1,6820.68
S008234,2025-08-28,C0251,P001,ST017,1,3389.8,0.02,2598.92
S008235,2025-03-06,C0715,P062,ST001,2,3129.47,0.05,2627.77
S008236,2025-04-01,C0759,P080,ST005,2,10977.25,0.0,7154.82
S008237,2026-12-19,C0258,P012,ST008,8,6765.33,0.05,5785.38
S008238,2025-06-15,C0869,P061,ST018,1,7162.0,0.0,5605.37
S008239,2025-01-13,C0442,P075,ST010,5,1076.72,0.02,738.97
S008240,2025-02-01,C0846,P057,ST023,3,6641.03,0.0,5530.0
S008241,2025-02-07,C0535,P050,ST016,4,14077.01,0.0,11552.3
S008242,2026-03-09,C0587,P064,ST002,1,11393.9,0.05,7055.83
S008243,2026-04-25,C0379,P054,ST005,6,18830.99,0.05,11637.82
S008244,2025-04-07,C0302,P080,ST004,6,8237.12,0.0,7154.82
S008245,2026-03-19,C0792,P032,ST006,6,8210.91,0.02,5025.05
S008246,2025-03-04,C0877,P074,ST018,1,8075.5,0.05,5135.74
S008247,2025-01-04,C0932,P073,ST017,6,1822.34,0.1,1242.22
S008248,2026-01-20,C0121,P076,ST001,1,9937.35,0.1,6054.39
S008249,2026-02-04,C0937,P071,ST013,8,9840.53,0.0,7113.15
S008250,2026-10-06,C0516,P013,ST007,3,8004.99,0.1,6891.52
S008251,2025-08-25,C0596,P071,ST018,6,9137.45,0.05,7113.15
S008252,2026-03-12,C0684,P087,ST018,5,13971.94,0.05,11513.07
S008253,2025-11-23,C0746,P036,ST008,1,2143.67,0.0,1308.06
S008254,2026-02-07,C0038,P061,ST022,8,9129.69,0.0,5605.37
S008255,2026-09-15,C0988,P083,ST021,5,10809.95,0.0,7077.47
S008256,2025-01-10,C0843,P007,ST019,1,8438.68,0.05,5642.26
S008257,2026-11-30,C0730,P069,ST001,1,6336.8,0.1,5327.09
S008258,2025-03-28,C0928,P025,ST019,6,1491.52,0.0,935.06
S008259,2025-10-19,C0581,P079,ST013,6,1953.57,0.0,1464.98
S008260,2026-10-14,C0697,P020,ST021,1,8288.8,0.0,5381.43
S008261,2025-12-19,C0343,P018,ST014,6,6222.15,0.02,3821.41
S008262,2026-06-21,C0936,P038,ST008,4,7341.58,0.05,5677.06
S008263,2025-01-16,C0840,P026,ST001,7,4425.61,0.1,3556.26
S008264,2026-05-20,C0516,P078,ST007,2,2602.02,0.0,1948.16
S008265,2025-11-13,C0661,P010,ST018,1,1953.83,0.0,1595.73
S008266,2026-09-16,C0614,P058,ST011,3,4845.71,0.05,3448.84
S008267,2025-09-18,C0017,P049,ST007,5,1884.08,0.05,1636.57
S008268,2026-11-17,C0304,P088,ST002,7,7090.4,0.0,5917.07
S008269,2025-10-13,C0819,P061,ST011,4,8719.81,0.0,5605.37
S008270,2025-01-05,C0920,P002,ST019,8,515.5,0.05,336.51
S008271,2025-03-27,C0952,P072,ST016,7,12290.29,0.05,7885.7
S008272,2025-05-11,C0768,P041,ST005,4,2989.09,0.0,2039.67
S008273,2026-03-15,C0219,P033,ST011,3,12271.12,0.1,9814.74
S008274,2026-06-25,C0834,P067,ST023,7,14724.21,,9162.6
S008275,2025-07-01,C0834,P040,ST023,8,7210.03,0.0,6137.28
S008276,2025-03-16,C0162,P033,ST002,3,16092.5,0.0,9814.74
S008277,2025-04-11,C0270,P073,ST023,7,1915.98,0.15,1242.22
S008278,2026-09-21,C0116,P042,ST018,4,11141.88,0.0,8431.76
S008279,2025-11-21,C0643,P044,ST012,8,6061.63,0.1,4727.0
S008280,2026-12-21,C0157,P005,ST023,6,11119.51,0.1,8535.69
S008281,2025-01-01,C0922,P006,ST016,5,12221.51,0.1,9423.57
S008282,2026-11-06,C0018,P062,ST014,2,3387.72,0.05,2627.77
S008283,2025-11-22,C0908,P057,ST020,7,7558.51,0.02,5530.0
S008284,2025-02-15,C0335,P006,ST002,4,13111.09,0.05,9423.57
S008285,2025-04-18,C0955,P019,ST016,1,957.3,0.05,612.11
S008286,2026-10-21,C0807,P069,ST018,5,8664.66,0.02,5327.09
S008287,2025-07-25,C0244,P074,ST011,4,7059.04,0.05,5135.74
S008288,2026-09-27,C0621,P077,ST019,4,6612.73,0.02,4125.87
S008289,2025-03-10,C0435,P074,ST022,1,8143.04,0.0,5135.74
S008290,2025-03-12,C0829,P014,ST013,7,14029.84,0.1,9238.74
S008291,2025-02-12,C0419,P031,ST016,6,12067.93,0.02,8055.68
S008292,2026-03-10,C0261,P027,ST009,4,5916.44,0.05,3699.73
S008293,2026-02-24,C0825,P043,ST023,3,8489.94,0.02,5492.34
S008294,2026-11-23,C0475,P046,ST007,8,12454.87,0.02,7655.82
S008295,2025-07-25,C0135,P082,ST021,8,15666.12,0.05,11120.16
S008296,2025-07-03,C0062,P074,ST025,7,6448.04,0.02,5135.74
S008297,2025-07-23,C0420,P067,ST010,2,12673.52,0.0,9162.6
S008298,2025-06-20,C0042,P046,ST023,7,9663.64,0.0,7655.82
S008299,2025-01-12,C0493,P046,ST002,1,10968.88,0.05,7655.82
S008300,2025-07-16,C0039,P044,ST023,2,6359.92,0.1,4727.0
S008301,2026-01-12,C0212,P067,ST003,4,10892.81,0.0,9162.6
S008302,2026-11-28,C0782,P003,ST022,8,12092.33,0.05,9496.36
S008303,2025-01-28,C0978,P037,ST019,8,12447.44,0.1,8737.72
S008304,2026-05-04,C0505,P016,ST015,5,10028.14,0.0,6754.56
S008305,2026-09-11,C0419,P005,ST014,8,12097.91,0.05,8535.69
S008306,2026-04-03,C0793,P001,ST008,4,3845.09,0.0,2598.92
S008307,2025-07-07,C0720,P008,ST010,6,10810.68,0.15,6932.71
S008308,2025-03-15,C0482,P082,ST011,2,13279.35,0.0,11120.16
S008309,2025-06-18,C0207,P040,ST022,7,8171.26,0.05,6137.28
S008310,2026-10-05,C0662,P073,ST009,1,1851.9,0.05,1242.22
S008311,2025-12-28,C0073,P006,ST001,4,15414.05,0.15,9423.57
S008312,2026-01-17,C0103,P045,ST004,7,5866.12,0.1,3792.77
S008313,2026-07-12,C0510,P088,ST002,6,8602.49,0.0,5917.07
S008314,2026-08-23,C0245,P066,ST008,3,16284.57,0.05,10315.22
S008315,2025-09-15,C0964,P039,ST024,7,3427.3,0.0,2144.94
S008316,2026-11-01,C0251,P054,ST016,7,17253.6,0.0,11637.82
S008317,2026-07-09,C0019,P029,ST020,1,10989.96,0.0,6795.13
S008318,2026-03-16,C0060,P032,ST008,6,7608.98,0.0,5025.05
S008319,2026-07-15,C0997,P046,ST012,5,11457.24,0.0,7655.82
S008320,2026-08-19,C0263,P055,ST021,3,11496.37,0.0,9400.32
S008321,2025-09-02,C0083,P075,ST021,4,1164.02,0.05,738.97
S008322,2025-07-09,C0705,P064,ST005,8,9202.02,0.05,7055.83
S008323,2026-07-22,C0261,P082,ST008,8,16265.09,0.0,11120.16
S008324,2025-08-07,C0343,P005,ST014,3,13018.31,0.0,8535.69
S008325,2026-04-30,C0652,P001,ST009,4,3342.4,0.02,2598.92
S008326,2025-08-19,C0352,P081,ST017,8,3208.26,0.0,2254.47
S008327,2025-10-28,C0695,P005,ST021,2,11546.53,0.0,8535.69
S008328,2026-09-04,C0981,P040,ST020,4,9680.99,0.02,6137.28
S008329,2025-06-21,C0442,P033,ST012,7,15180.73,0.0,9814.74
S008330,2025-09-27,C0487,P061,ST018,3,8006.48,0.0,5605.37
S008331,2025-02-02,C0897,P048,ST009,6,2077.24,0.0,1279.89
S008332,2026-06-26,C0438,P020,ST017,3,7819.32,0.02,5381.43
S008333,2025-10-14,C0960,P056,ST003,3,10161.14,0.1,8673.46
S008334,2025-01-26,C0875,P050,ST009,5,13389.13,0.0,11552.3
S008335,2026-06-19,C0888,P065,ST009,8,3088.31,0.02,2327.08
S008336,2026-08-16,C0233,P081,ST009,6,2986.22,0.05,2254.47
S008337,2025-08-13,C0263,P015,ST018,1,12041.82,0.05,7707.94
S008338,2026-10-09,C0108,P065,ST008,2,2783.4,0.02,2327.08
S008339,2025-07-26,C0683,P075,ST007,4,1016.86,0.1,738.97
S008340,2025-11-15,C0567,P002,ST021,4,552.46,0.02,336.51
S008341,2026-09-20,C0105,P035,ST015,3,794.9,0.05,516.87
S008342,2026-05-04,C0258,P064,ST008,8,9919.5,0.05,7055.83
S008343,2026-11-02,C0798,P047,ST001,6,6725.42,0.0,4501.3
S008344,2026-11-14,C0702,P018,ST019,1,5099.06,0.0,3821.41
S008345,2026-02-02,C0085,P004,ST007,3,12261.91,0.0,8062.0
S008346,2026-03-27,C0603,P056,ST023,4,14281.5,0.05,8673.46
S008347,2025-03-03,C0774,P075,ST024,3,876.11,0.1,738.97
S008348,2026-04-26,C0775,P081,ST022,3,2896.3,0.02,2254.47
S008349,2026-08-28,C0344,P088,ST008,8,7258.41,0.0,5917.07
S008350,2025-05-22,C0578,P081,ST001,6,3253.59,0.0,2254.47
S008351,2026-03-27,C0041,P035,ST024,2,643.78,0.02,516.87
S008352,2025-04-13,C0526,P049,ST019,5,1941.98,0.1,1636.57
S008353,2026-10-02,C0791,P024,ST009,3,4368.58,0.15,2998.79
S008354,2026-05-17,C0399,P043,ST001,2,8987.57,0.02,5492.34
S008355,2025-12-18,C0519,P004,ST017,4,13250.8,0.1,8062.0
S008356,2025-09-03,C0983,P022,ST023,7,7071.58,0.05,5050.21
S008357,2025-05-28,C0455,P072,ST002,8,11861.26,0.02,7885.7
S008358,2026-07-01,C0267,P068,ST007,7,14250.28,0.02,8703.69
S008359,2025-12-19,C0712,P082,ST002,2,16521.34,0.1,11120.16
S008360,2026-05-19,C0700,P070,ST011,5,11469.85,0.02,7620.88
S008361,2026-02-02,C0751,P023,ST008,2,13065.82,0.1,10277.49
S008362,2026-06-15,C0418,P063,ST010,6,4504.02,0.02,3844.99
S008363,2026-03-24,C0113,P068,ST010,4,11760.22,0.1,8703.69
S008364,2025-02-10,C0665,P011,ST005,7,12411.95,0.05,8103.73
S008365,2025-07-03,C0238,P036,ST010,7,1631.8,0.05,1308.06
S008366,2025-02-07,C0876,P062,ST003,5,3530.47,0.05,2627.77
S008367,2026-04-09,C0070,P024,ST012,5,4690.93,0.05,2998.79
S008368,2025-02-28,C0591,P017,ST006,6,9907.18,0.02,6820.68
S008369,2026-04-27,C0664,P013,ST016,2,9776.7,0.0,6891.52
S008370,2025-08-05,C0803,P053,ST001,1,4508.24,0.02,3373.97
S008371,2025-05-21,C0355,P014,ST018,2,12592.92,0.0,9238.74
S008372,2026-08-23,C0091,P010,ST004,8,2156.94,0.02,1595.73
S008373,2026-02-05,C0655,P046,ST005,8,9439.33,0.05,7655.82
S008374,2025-08-22,C0917,P006,ST023,3,12187.01,0.02,9423.57
S008375,2025-01-19,C0294,P053,ST024,7,4947.06,0.02,3373.97
S008376,2025-05-02,C0022,P067,ST023,8,11063.36,0.02,9162.6
S008377,2026-02-12,C0922,P053,ST017,3,4905.56,0.05,3373.97
S008378,2025-01-04,C0853,P079,ST021,2,1711.65,0.1,1464.98
S008379,2025-11-05,C0549,P041,ST018,2,2505.82,0.1,2039.67
S008380,2026-06-14,C0677,P087,ST022,8,16444.74,0.05,11513.07
S008381,2026-12-03,C0341,P012,ST009,1,9247.71,0.05,5785.38
S008382,2025-09-16,C0478,P073,ST006,2,1800.0,0.05,1242.22
S008383,2026-03-25,C0204,P067,ST014,7,12877.98,0.0,9162.6
S008384,2025-06-27,C0214,P033,ST017,3,15227.31,0.0,9814.74
S008385,2026-07-17,C0895,P048,ST007,8,2001.54,0.05,1279.89
S008386,2025-10-20,C0668,P082,ST002,3,12906.16,0.0,11120.16
S008387,2025-08-17,C0871,P010,ST016,6,2622.26,0.05,1595.73
S008388,2026-08-25,C0420,P055,ST011,7,12091.62,0.1,9400.32
S008389,2025-10-30,C0570,P063,ST010,1,5634.29,0.0,3844.99
S008390,2025-01-14,C0096,P058,ST020,4,4148.7,0.0,3448.84
S008391,2026-01-30,C0765,P006,ST023,8,11121.17,0.05,9423.57
S008392,2026-04-02,C0980,P076,ST023,4,9893.33,0.05,6054.39
S008393,2026-12-01,C0394,P016,ST015,4,10677.44,0.0,6754.56
S008394,2026-11-27,C0031,P067,ST006,3,11267.38,0.0,9162.6
S008395,2026-10-23,C0202,P078,ST024,1,2509.07,0.05,1948.16
S008396,2025-11-18,C0944,P074,ST024,7,8134.38,0.05,5135.74
S008397,2025-12-21,C0826,P013,ST013,7,10168.33,0.05,6891.52
S008398,2026-08-21,C0729,P062,ST003,2,3397.27,0.1,2627.77
S008399,2025-02-13,C0614,P016,ST011,5,8775.24,0.05,6754.56
S008400,2026-04-15,C0589,P089,ST013,6,15556.77,0.0,9447.14
S008401,2026-03-22,C0718,P069,ST025,6,8263.64,0.0,5327.09
S008402,2026-09-17,C0498,P035,ST020,1,768.45,0.0,516.87
S008403,2025-08-12,C0342,P082,ST001,7,16256.4,0.02,11120.16
S008404,2026-11-01,C0834,P063,ST025,8,4526.11,0.0,3844.99
S008405,2025-07-14,C0894,P009,ST023,7,2700.29,0.02,1892.61
S008406,2026-06-06,C0091,P059,ST005,6,2006.15,0.1,1382.59
S008407,2026-02-18,C0002,P083,ST013,6,8860.61,0.1,7077.47
S008408,2025-05-15,C0134,P018,ST016,2,4664.71,0.05,3821.41
S008409,2026-05-14,C0193,P082,ST020,3,14577.07,0.0,11120.16
S008410,2025-04-18,C0955,P001,ST017,5,3427.32,0.0,2598.92
S008411,2025-11-17,C0382,P065,ST008,3,3401.74,0.02,2327.08
S008412,2026-02-05,C0008,P064,ST012,6,10668.86,0.0,7055.83
S008413,2025-06-13,C0134,P079,ST017,3,2174.43,0.05,1464.98
S008414,2026-03-17,C0305,P004,ST005,2,11176.56,0.0,8062.0
S008415,2025-12-19,C0028,P065,ST018,5,3786.39,0.1,2327.08
S008416,2025-01-06,C0113,P066,ST013,4,12940.56,0.1,10315.22
S008417,2025-06-09,C0072,P064,ST015,8,10488.5,0.1,7055.83
S008418,2026-12-15,C0232,P005,ST001,2,11699.0,0.1,8535.69
S008419,2026-03-14,C0091,P040,ST001,5,7602.41,0.05,6137.28
S008420,2026-08-26,C0058,P001,ST025,1,3403.16,0.05,2598.92
S008421,2026-01-02,C0588,P033,ST002,7,13098.43,0.02,9814.74
S008422,2026-06-16,C0497,P031,ST021,8,12791.98,0.0,8055.68
S008423,2025-12-26,C0920,P049,ST018,1,2285.1,0.1,1636.57
S008424,2025-09-16,C0819,P002,ST011,5,416.53,0.05,336.51
S008425,2025-03-28,C0418,P041,ST013,7,3357.94,0.1,2039.67
S008426,2026-11-20,C0691,P022,ST016,5,6614.34,0.1,5050.21
S008427,2025-03-20,C0360,P019,ST012,4,959.72,0.0,612.11
S008428,2025-03-22,C0724,P078,ST017,6,2516.56,0.1,1948.16
S008429,2026-11-02,C0645,P016,ST022,4,9795.84,0.0,6754.56
S008430,2025-03-30,C0306,P063,ST018,8,4759.24,0.02,3844.99
S008431,2025-06-18,C0494,P032,ST008,8,6432.06,0.05,5025.05
S008432,2025-09-28,C0783,P025,ST015,5,1495.77,0.0,935.06
S008433,2026-07-26,C0032,P075,ST013,4,1213.76,0.05,738.97
S008434,2026-03-30,C0939,P056,ST014,1,10159.33,0.02,8673.46
S008435,2025-12-18,C0101,P005,ST022,8,14019.95,0.05,8535.69
S008436,2025-07-04,C0385,P047,ST001,1,6876.28,0.1,4501.3
S008437,2026-11-13,C0299,P011,ST019,6,10951.26,0.1,8103.73
S008438,2026-01-24,C0775,P003,ST025,7,12885.32,0.0,9496.36
S008439,2026-03-16,C0205,P057,ST019,3,8451.98,0.0,5530.0
S008440,2025-04-14,C0765,P024,ST025,6,3459.88,0.05,2998.79
S008441,2026-06-09,C0997,P046,ST011,1,12325.29,0.02,7655.82
S008442,2026-12-06,C0701,P028,ST002,5,12531.76,0.0,8027.52
S008443,2025-01-17,C0764,P011,ST012,5,12968.88,0.0,8103.73
S008444,2026-11-08,C0597,P065,ST004,4,2857.42,0.0,2327.08
S008445,2026-05-15,C0843,P027,ST021,1,5924.53,0.0,3699.73
S008446,2026-01-12,C0576,P015,ST004,8,11983.09,0.0,7707.94
S008447,2025-03-04,C0746,P069,ST006,6,7722.58,0.0,5327.09
S008448,2025-02-28,C0814,P043,ST005,4,7455.78,0.05,5492.34
S008449,2026-05-19,C0126,P055,ST003,7,13867.24,0.0,9400.32
S008450,2026-12-04,C0916,P037,ST019,2,11659.82,0.0,8737.72
S008451,2025-09-18,C0877,P024,ST019,7,4068.7,0.0,2998.79
S008452,2025-07-10,C0769,P001,ST003,5,3711.15,0.0,2598.92
S008453,2026-12-21,C0459,P032,ST023,6,6387.82,0.1,5025.05
S008454,2025-10-03,C0566,P071,ST017,1,8865.16,0.02,7113.15
S008455,2026-06-17,C0960,P055,ST005,3,12453.61,0.05,9400.32
S008456,2025-08-13,C0502,P087,ST020,1,15380.86,0.1,11513.07
S008457,2025-04-04,C0991,P069,ST022,2,6369.89,0.0,5327.09
S008458,2026-09-08,C0018,P067,ST015,2,14309.91,0.0,9162.6
S008459,2026-10-03,C0489,P023,ST012,4,15944.83,0.05,10277.49
S008460,2026-08-31,C0402,P030,ST012,8,15117.69,0.05,9460.8
S008461,2025-01-20,C0145,P031,ST016,1,13044.12,0.0,8055.68
S008462,2026-06-22,C0278,P025,ST020,3,1534.97,0.02,935.06
S008463,2025-01-08,C0400,P056,ST025,4,12517.52,0.0,8673.46
S008464,2025-08-03,C0442,P057,ST010,4,7953.63,0.02,5530.0
S008465,2026-04-08,C0332,P079,ST012,8,2360.56,0.02,1464.98
S008466,2025-05-12,C0645,P077,ST024,1,5044.41,0.05,4125.87
S008467,2026-09-27,C0776,P047,ST023,4,6970.07,0.1,4501.3
S008468,2025-05-03,C0662,P012,ST009,2,7846.34,0.1,5785.38
S008469,2026-10-10,C0641,P016,ST005,6,9601.96,0.0,6754.56
S008470,2026-05-28,C0640,P031,ST025,8,12708.63,0.0,8055.68
S008471,2026-11-11,C0991,P057,ST022,6,6617.81,0.15,5530.0
S008472,2025-07-15,C0031,P062,ST007,2,3903.88,0.05,2627.77
S008473,2025-01-14,C0429,P067,ST007,5,14214.52,0.05,9162.6
S008474,2026-07-13,C0072,P026,ST017,8,5090.39,0.02,3556.26
S008475,2025-05-12,C0655,P054,ST001,6,16570.36,0.0,11637.82
S008476,2025-04-29,C0694,P054,ST018,1,16877.06,0.05,11637.82
S008477,2026-07-19,C0332,P083,ST010,6,10794.98,0.02,7077.47
S008478,2026-01-20,C0778,P046,ST002,8,10385.08,0.1,7655.82
S008479,2025-09-08,C0622,P077,ST004,1,5030.29,0.05,4125.87
S008480,2026-01-19,C0125,P057,ST025,8,8615.71,0.05,5530.0
S008481,2025-01-28,C0431,P087,ST006,2,17357.17,0.02,11513.07
S008482,2026-09-15,C0471,P079,ST012,3,2306.89,0.0,1464.98
S008483,2025-03-14,C0600,P020,ST006,8,7864.87,0.05,5381.43
S008484,2025-10-20,C0922,P077,ST014,1,4842.1,0.02,4125.87
S008485,2025-09-09,C0271,P082,ST021,1,14377.03,0.1,11120.16
S008486,2025-05-03,C0582,P031,ST011,4,10244.95,0.0,8055.68
S008487,2025-08-01,C0449,P061,ST003,5,7471.07,0.05,5605.37
S008488,2026-06-10,C0133,P061,ST001,1,6725.96,0.0,5605.37
S008489,2025-05-28,C0112,P022,ST025,7,7816.18,0.02,5050.21
S008490,2025-04-08,C0226,P036,ST007,2,1595.2,0.0,1308.06
S008491,2025-03-19,C0466,P040,ST018,3,9489.6,0.0,6137.28
S008492,2025-04-19,C0439,P018,ST023,2,4447.68,0.05,3821.41
S008493,2025-08-03,C0638,P007,ST004,8,8868.61,0.02,5642.26
S008494,2025-12-16,C0073,P033,ST002,3,13476.09,0.0,9814.74
S008495,2026-12-07,C0996,P046,ST009,1,11885.09,0.0,7655.82
S008496,2026-11-20,C0740,P086,ST015,4,806.89,0.05,517.95
S008497,2025-03-26,C0325,P033,ST017,8,14063.0,0.05,9814.74
S008498,2026-06-05,C0551,P057,ST006,1,7670.79,0.0,5530.0
S008499,2025-11-28,C0658,P043,ST005,1,6447.83,0.0,5492.34
S008500,2025-10-24,C0473,P057,ST023,8,7704.38,0.05,5530.0
S008501,2026-03-05,C0330,P018,ST012,8,5112.08,0.1,3821.41
S008502,2025-01-16,C0359,P022,ST008,3,7556.93,0.05,5050.21
S008503,2026-08-10,C0650,P031,ST016,8,10683.89,0.0,8055.68
S008504,2026-11-22,C0856,P080,ST013,8,11650.06,0.02,7154.82
S008505,2025-05-27,C0265,P017,ST022,7,10429.47,0.02,6820.68
S008506,2026-10-11,C0235,P015,ST003,7,10523.59,0.15,7707.94
S008507,2025-04-17,C0670,P072,ST022,8,11874.49,0.05,7885.7
S008508,2025-09-01,C0409,P084,ST020,1,6564.89,0.0,4325.72
S008509,2026-01-08,C0006,P004,ST004,8,11326.88,0.0,8062.0
S008510,2025-08-27,C0586,P056,ST003,8,12567.51,0.02,8673.46
S008511,2025-05-09,C0440,P040,ST006,1,9712.55,0.1,6137.28
S008512,2026-03-15,C0449,P076,ST001,2,9103.9,0.1,6054.39
S008513,2026-11-19,C0797,P090,ST024,8,1916.79,0.0,1222.08
S008514,2025-07-04,C0002,P052,ST012,6,10250.09,0.02,8471.56
S008515,2025-02-06,C0395,P008,ST001,2,9894.6,0.0,6932.71
S008516,2025-06-02,C0586,P087,ST002,6,13259.4,0.05,11513.07
S008517,2025-08-01,C0315,P079,ST002,4,2346.55,0.02,1464.98
S008518,2026-12-14,C0818,P013,ST012,2,11154.24,0.0,6891.52
S008519,2025-11-04,C0885,P042,ST014,7,12837.49,0.0,8431.76
S008520,2026-08-05,C0157,P046,ST022,7,12545.89,0.0,7655.82
S008521,2026-01-22,C0728,P047,ST019,4,5209.01,0.05,4501.3
S008522,2025-08-16,C0146,P048,ST008,7,1641.2,0.05,1279.89
S008523,2026-03-11,C0810,P064,ST008,7,9324.34,0.02,7055.83
S008524,2025-03-27,C0589,P020,ST013,5,6402.28,0.0,5381.43
S008525,2025-12-19,C0594,P004,ST006,1,9510.17,0.02,8062.0
S008526,2025-06-11,C0123,P065,ST008,4,3571.56,0.05,2327.08
S008527,2025-03-05,C0120,P003,ST015,4,12120.49,0.05,9496.36
S008528,2026-01-27,C0919,P040,ST011,5,9944.19,0.0,6137.28
S008529,2025-10-16,C0518,P014,ST007,4,10673.06,0.1,9238.74
S008530,2025-02-27,C0463,P070,ST024,8,12056.24,0.05,7620.88
S008531,2025-06-04,C0483,P024,ST023,3,4468.17,0.05,2998.79
S008532,2026-09-18,C0577,P021,ST014,8,4474.26,0.0,2771.37
S008533,2026-02-09,C0690,P025,ST003,2,1120.7,0.05,935.06
S008534,2026-08-15,C0417,P042,ST007,8,13153.63,0.02,8431.76
S008535,2025-03-04,C0556,P076,ST010,3,8607.39,0.1,6054.39
S008536,2025-06-28,C0616,P007,ST002,8,7735.56,0.05,5642.26
S008537,2026-02-01,C0003,P067,ST024,8,14348.82,0.0,9162.6
S008538,2026-10-24,C0247,P064,ST018,6,11254.19,0.05,7055.83
S008539,2026-08-08,C0190,P056,ST008,8,11870.99,0.05,8673.46
S008540,2026-04-28,C0973,P076,ST015,5,7550.91,0.02,6054.39
S008541,2025-04-23,C0132,P062,ST005,3,3909.95,0.1,2627.77
S008542,2026-10-21,C0715,P053,ST004,4,4787.99,0.02,3373.97
S008543,2025-03-30,C0987,P009,ST010,2,2221.13,0.0,1892.61
S008544,2026-05-28,C0478,P077,ST006,8,5377.79,0.05,4125.87
S008545,2025-02-19,C0088,P020,ST011,6,6426.63,0.02,5381.43
S008546,2025-01-20,C0352,P034,ST015,6,2612.53,0.0,2211.93
S008547,2025-06-10,C0091,P079,ST001,4,2112.71,0.05,1464.98
S008548,2025-10-18,C0254,P061,ST018,2,8072.49,0.1,5605.37
S008549,2026-01-05,C0086,P028,ST023,4,10650.74,0.0,8027.52
S008550,2025-07-14,C0967,P065,ST005,1,2898.76,0.0,2327.08
S008551,2025-07-09,C0027,P043,ST022,4,7402.01,0.0,5492.34
S008552,2025-06-16,C0098,P035,ST018,8,774.29,0.05,516.87
S008553,2026-07-26,C0678,P045,ST012,3,4461.04,0.05,3792.77
S008554,2026-07-18,C0519,P041,ST017,3,2565.57,0.1,2039.67
S008555,2025-02-27,C0788,P009,ST024,4,2807.79,0.05,1892.61
S008556,2025-05-04,C0518,P011,ST008,8,12856.7,0.0,8103.73
S008557,2025-03-23,C0823,P008,ST004,5,9905.56,0.1,6932.71
S008558,2026-10-02,C0687,P023,ST016,6,12462.23,0.0,10277.49
S008559,2026-05-05,C0874,P044,ST024,8,6199.54,0.05,4727.0
S008560,2026-12-27,C0581,P086,ST010,1,730.01,0.1,517.95
S008561,2026-09-29,C0556,P043,ST012,1,8460.15,0.05,5492.34
S008562,2026-05-27,C0478,P023,ST006,4,14251.57,0.1,10277.49
S008563,2025-04-23,C0106,P057,ST024,4,8849.15,0.0,5530.0
S008564,2025-07-27,C0097,P029,ST013,4,10142.76,0.0,6795.13
S008565,2026-04-17,C0017,P071,ST008,4,8480.54,0.0,7113.15
S008566,2026-04-27,C0717,P012,ST019,1,6681.26,0.15,5785.38
S008567,2025-03-22,C0339,P039,ST016,2,3185.43,0.02,2144.94
S008568,2026-03-12,C0655,P045,ST001,6,4702.0,0.02,3792.77
S008569,2026-10-21,C0448,P072,ST008,7,12264.65,0.02,7885.7
S008570,2026-07-17,C0567,P014,ST020,6,12112.51,0.15,9238.74
S008571,2025-01-17,C0347,P049,ST010,7,2493.39,0.02,1636.57
S008572,2026-08-27,C0353,P080,ST015,6,9786.77,0.05,7154.82
S008573,2025-06-25,C0292,P011,ST020,4,9537.42,0.05,8103.73
S008574,2026-05-25,C0207,P087,ST025,4,14776.98,0.0,11513.07
S008575,2026-09-05,C0783,P039,ST016,1,3538.02,0.0,2144.94
S008576,2025-12-22,C0393,P089,ST006,5,14707.81,0.0,9447.14
S008577,2026-07-01,C0590,P074,ST010,6,8104.37,0.0,5135.74
S008578,2026-01-23,C0336,P072,ST006,5,9549.53,0.02,7885.7
S008579,2026-03-13,C0715,P046,ST001,6,12434.27,0.0,7655.82
S008580,2026-11-03,C0016,P062,ST018,8,3767.16,0.05,2627.77
S008581,2026-11-09,C0271,P036,ST021,6,2061.17,0.02,1308.06
S008582,2025-11-03,C0780,P089,ST010,8,12723.37,0.1,9447.14
S008583,2025-08-09,C0390,P084,ST009,8,5481.17,0.05,4325.72
S008584,2025-08-11,C0937,P046,ST013,7,11637.31,0.15,7655.82
S008585,2025-09-04,C0679,P080,ST014,1,8700.82,0.0,7154.82
S008586,2025-01-28,C0951,P074,ST003,2,6889.81,0.0,5135.74
S008587,2026-09-18,C0541,P053,ST002,2,5397.01,0.1,3373.97
S008588,2025-03-13,C0612,P079,ST009,4,2335.05,0.02,1464.98
S008589,2025-05-03,C0858,P032,ST005,8,7235.59,0.02,5025.05
S008590,2025-09-23,C0837,P076,ST012,6,7725.78,0.02,6054.39
S008591,2025-11-04,C0313,P022,ST019,4,7603.46,0.02,5050.21
S008592,2025-03-08,C0137,P012,ST007,4,8274.0,0.0,5785.38
S008593,2025-03-29,C0647,P045,ST020,1,5995.96,0.05,3792.77
S008594,2025-01-19,C0952,P027,ST015,3,5017.96,0.05,3699.73
S008595,2026-12-02,C0095,P072,ST023,6,12205.16,0.0,7885.7
S008596,2026-04-15,C0712,P037,ST004,5,11246.55,0.0,8737.72
S008597,2025-11-23,C0704,P012,ST008,3,6859.3,0.05,5785.38
S008598,2025-07-19,C0499,P059,ST019,2,2071.95,0.0,1382.59
S008599,2025-08-07,C0025,P083,ST013,6,10206.2,0.05,7077.47
S008600,2026-07-10,C0068,P075,ST020,4,963.29,0.02,738.97
S008601,2025-09-28,C0515,P071,ST024,8,10686.4,0.05,7113.15
S008602,2026-03-22,C0450,P025,ST001,7,1363.93,0.05,935.06
S008603,2025-04-27,C0923,P049,ST001,6,1927.39,0.05,1636.57
S008604,2025-09-23,C0938,P001,ST012,6,3092.57,0.0,2598.92
S008605,2026-04-01,C0847,P022,ST009,3,5908.93,0.0,5050.21
S008606,2025-01-21,C0139,P058,ST024,2,5465.58,0.15,3448.84
S008607,2025-05-17,C0490,P021,ST021,4,3988.66,0.05,2771.37
S008608,2025-05-09,C0633,P013,ST015,7,9603.32,0.15,6891.52
S008609,2026-01-13,C0596,P005,ST020,6,12204.42,0.0,8535.69
S008610,2025-09-23,C0414,P065,ST025,6,3318.61,0.1,2327.08
S008611,2025-07-21,C0968,P083,ST007,4,11396.13,0.0,7077.47
S008612,2025-08-24,C0529,P017,ST006,8,8790.15,0.05,6820.68
S008613,2026-11-19,C0821,P038,ST013,1,7092.21,0.05,5677.06
S008614,2026-04-30,C0193,P067,ST020,6,13334.56,0.0,9162.6
S008615,2025-04-08,C0493,P055,ST003,2,13748.41,0.15,9400.32
S008616,2025-03-30,C0122,P033,ST025,4,15823.34,0.1,9814.74
S008617,2025-01-14,C0405,P073,ST001,3,1892.25,0.02,1242.22
S008618,2025-06-24,C0210,P027,ST002,4,4580.12,0.02,3699.73
S008619,2025-06-11,C0784,P087,ST010,4,17252.74,0.0,11513.07
S008620,2026-01-31,C0989,P022,ST014,4,5997.71,,5050.21
S008621,2026-02-02,C0804,P027,ST008,5,5087.9,0.0,3699.73
S008622,2025-08-20,C0740,P057,ST014,2,6751.96,0.0,5530.0
S008623,2025-05-10,C0182,P011,ST011,2,10512.18,0.15,8103.73
S008624,2025-01-19,C0012,P082,ST023,1,16030.46,0.02,11120.16
S008625,2026-05-02,C0447,P081,ST003,5,3150.27,0.02,2254.47
S008626,2026-05-08,C0793,P071,ST009,1,11499.0,0.0,7113.15
S008627,2026-11-14,C0608,P023,ST012,4,16134.79,0.05,10277.49
S008628,2026-05-01,C0233,P003,ST007,7,15396.74,0.0,9496.36
S008629,2026-05-25,C0176,P048,ST007,6,1553.14,0.0,1279.89
S008630,2026-06-25,C0549,P031,ST020,7,10462.83,0.05,8055.68
S008631,2026-05-10,C0293,P003,ST021,6,12360.45,0.05,9496.36
S008632,2025-09-03,C0660,P007,ST018,7,8036.4,0.0,5642.26
S008633,2025-10-05,C0919,P036,ST011,8,2128.16,0.02,1308.06
S008634,2026-05-03,C0643,P019,ST010,2,879.72,0.05,612.11
S008635,2025-08-13,C0499,P088,ST020,5,8329.64,0.1,5917.07
S008636,2026-12-22,C0738,P090,ST006,5,1423.77,0.15,1222.08
S008637,2026-03-26,C0139,P047,ST025,7,5428.08,0.0,4501.3
S008638,2025-09-09,C0786,P088,ST003,4,8469.79,0.0,5917.07
S008639,2025-01-02,C0196,P069,ST016,2,7447.5,0.0,5327.09
S008640,2026-10-14,C0069,P052,ST002,7,13357.82,0.02,8471.56
S008641,2026-11-14,C0324,P061,ST006,1,8469.22,0.0,5605.37
S008642,2026-07-07,C0962,P084,ST009,5,6290.34,0.0,4325.72
S008643,2025-08-20,C0514,P012,ST001,8,9386.13,0.05,5785.38
S008644,2025-10-13,C0999,P069,ST002,6,6391.87,0.05,5327.09
S008645,2025-06-05,C0836,P080,ST017,1,9106.56,0.05,7154.82
S008646,2026-02-02,C0696,P011,ST017,5,9703.51,0.02,8103.73
S008647,2025-05-28,C0702,P028,ST021,7,10249.17,0.0,8027.52
S008648,2026-06-19,C0367,P019,ST008,2,811.4,0.05,612.11
S008649,2025-06-17,C0856,P027,ST011,2,5208.26,0.02,3699.73
S008650,2026-05-27,C0781,P066,ST004,4,14670.04,0.0,10315.22
S008651,2025-12-23,C0382,P022,ST009,6,5860.9,0.05,5050.21
S008652,2026-10-09,C0753,P066,ST002,3,13188.51,0.0,10315.22
S008653,2025-09-01,C0390,P083,ST007,1,9755.29,0.0,7077.47
S008654,2025-02-01,C0664,P063,ST014,3,5086.85,0.0,3844.99
S008655,2026-12-29,C0250,P047,ST023,7,6868.36,0.05,4501.3
S008656,2025-02-20,C0486,P058,ST006,8,4355.89,0.05,3448.84
S008657,2026-07-13,C0673,P047,ST022,4,5429.2,0.0,4501.3
S008658,2026-01-30,C0444,P090,ST009,8,1536.48,0.02,1222.08
S008659,2026-04-02,C0064,P027,ST002,1,6035.89,0.0,3699.73
S008660,2025-09-29,C0134,P088,ST015,1,8349.11,0.02,5917.07
S008661,2026-11-16,C0999,P023,ST005,6,11867.67,0.05,10277.49
S008662,2025-08-21,C0770,P048,ST009,3,1839.39,0.0,1279.89
S008663,2025-11-22,C0593,P054,ST001,5,15326.13,0.0,11637.82
S008664,2026-06-11,C0264,P065,ST001,3,3220.17,0.05,2327.08
S008665,2025-03-17,C0768,P064,ST005,2,8750.2,0.02,7055.83
S008666,2026-12-06,C0369,P022,ST013,5,8031.97,0.1,5050.21
S008667,2026-08-21,C0744,P069,ST012,8,8182.43,0.1,5327.09
S008668,2026-01-09,C0702,P032,ST021,1,6395.12,0.05,5025.05
S008669,2025-05-17,C0912,P047,ST001,6,7022.02,0.05,4501.3
S008670,2026-03-22,C0058,P071,ST025,6,10990.89,0.0,7113.15
S008671,2025-08-08,C0893,P059,ST013,5,1846.13,0.0,1382.59
S008672,2025-09-07,C0762,P023,ST005,2,14054.07,0.02,10277.49
S008673,2025-02-22,C0976,P039,ST003,3,2716.06,0.02,2144.94
S008674,2025-04-22,C0503,P037,ST004,4,10361.1,0.02,8737.72
S008675,2025-10-08,C0252,P023,ST001,8,12679.28,0.02,10277.49
S008676,2025-03-04,C0915,P059,ST009,2,2095.18,0.0,1382.59
S008677,2026-06-24,C0123,P037,ST009,4,12830.35,0.0,8737.72
S008678,2025-03-21,C0793,P009,ST007,5,2877.99,0.0,1892.61
S008679,2026-08-23,C0390,P064,ST008,4,10345.05,0.02,7055.83
S008680,2025-11-27,C0662,P061,ST009,6,7285.6,0.1,5605.37
S008681,2026-06-03,C0889,P007,ST019,1,8508.87,0.05,5642.26
S008682,2025-01-28,C0928,P016,ST019,6,8470.87,0.0,6754.56
S008683,2025-12-17,C0343,P045,ST014,6,5705.03,0.1,3792.77
S008684,2026-11-16,C0696,P027,ST015,6,5296.41,0.05,3699.73
S008685,2025-05-11,C0471,P076,ST013,1,9733.01,0.05,6054.39
S008686,2025-06-21,C0453,P078,ST007,2,2509.29,0.05,1948.16
S008687,2025-08-04,C0296,P001,ST004,6,3383.93,0.1,2598.92
S008688,2025-07-09,C0591,P031,ST009,4,13223.4,0.02,8055.68
S008689,2026-02-09,C0640,P085,ST024,6,10161.32,0.05,7193.26
S008690,2026-05-19,C0303,P039,ST019,3,2688.56,0.0,2144.94
S008691,2025-04-07,C0023,P077,ST004,7,5620.42,0.02,4125.87
S008692,2025-01-01,C0401,P046,ST024,7,11947.14,0.05,7655.82
S008693,2026-12-01,C0292,P073,ST018,2,1708.38,0.0,1242.22
S008694,2025-10-09,C0251,P054,ST017,8,17809.64,0.02,11637.82
S008695,2025-08-18,C0521,P067,ST001,7,14782.66,0.05,9162.6
S008696,2026-11-24,C0649,P038,ST019,1,6771.78,0.0,5677.06
S008697,2025-05-22,C0253,P083,ST015,1,9222.17,0.02,7077.47
S008698,2026-09-28,C0346,P031,ST006,5,12522.25,0.05,8055.68
S008699,2026-11-03,C0423,P047,ST023,7,7323.4,0.05,4501.3
S008700,2026-04-26,C0157,P080,ST025,3,8498.83,0.0,7154.82
S008701,2026-11-24,C0862,P067,ST013,4,12003.08,0.0,9162.6
S008702,2025-05-18,C0849,P082,ST006,2,12977.44,0.05,11120.16
S008703,2025-07-12,C0325,P001,ST014,2,3539.55,0.02,2598.92
S008704,2026-07-13,C0662,P037,ST008,1,10802.2,0.02,8737.72
S008705,2025-12-08,C0954,P011,ST005,3,11048.06,0.05,8103.73
S008706,2025-08-26,C0604,P047,ST002,8,6205.48,0.02,4501.3
S008707,2026-03-19,C0791,P008,ST008,8,8207.32,0.05,6932.71
S008708,2025-05-06,C0326,P006,ST020,1,14381.31,0.0,9423.57
S008709,2026-05-28,C0685,P075,ST023,7,936.91,0.15,738.97
S008710,2025-08-10,C0835,P032,ST009,8,5821.61,0.05,5025.05
S008711,2025-10-08,C0838,P034,ST007,6,3371.39,0.02,2211.93
S008712,2025-03-08,C0794,P038,ST019,1,9359.41,0.0,5677.06
S008713,2026-09-18,C0474,P061,ST024,5,8637.84,0.05,5605.37
S008714,2025-03-21,C0198,P052,ST021,2,13779.65,0.15,8471.56
S008715,2025-12-01,C0105,P017,ST015,1,8566.63,0.05,6820.68
S008716,2025-09-06,C0411,P051,ST011,4,16942.77,0.1,10925.82
S008717,2025-11-30,C0830,P038,ST005,2,7226.54,0.02,5677.06
S008718,2026-01-27,C0094,P034,ST014,1,3413.41,0.0,2211.93
S008719,2026-05-26,C0771,P008,ST018,3,10237.43,0.05,6932.71
S008720,2026-05-05,C0215,P029,ST013,5,10876.23,0.0,6795.13
S008721,2025-03-22,C0208,P032,ST004,1,6174.26,0.0,5025.05
S008722,2026-12-06,C0995,P083,ST022,4,8667.24,0.05,7077.47
S008723,2026-06-29,C0993,P039,ST001,5,3072.99,0.05,2144.94
S008724,2025-01-27,C0016,P005,ST021,5,13848.96,0.02,8535.69
S008725,2026-07-24,C0262,P087,ST024,7,16563.73,0.05,11513.07
S008726,2025-06-25,C0707,P042,ST006,7,10796.57,0.1,8431.76
S008727,2025-09-25,C0738,P059,ST006,6,1838.5,0.05,1382.59
S008728,2026-10-08,C0714,P008,ST023,8,9525.67,0.05,6932.71
S008729,2026-11-04,C0210,P006,ST004,2,13082.67,0.02,9423.57
S008730,2025-01-16,C0108,P080,ST006,2,9180.71,0.1,7154.82
S008731,2026-10-28,C0523,P045,ST003,8,6011.87,0.05,3792.77
S008732,2026-07-31,C0269,P007,ST005,1,6934.05,0.05,5642.26
S008733,2025-02-26,C0516,P031,ST008,8,11014.71,0.0,8055.68
S008734,2025-05-09,C0338,P057,ST017,1,7638.5,0.0,5530.0
S008735,2025-06-10,C0939,P061,ST014,8,6856.69,0.05,5605.37
S008736,2026-02-03,C0432,P084,ST022,3,5296.36,0.15,4325.72
S008737,2026-08-04,C0899,P042,ST010,8,12544.24,0.0,8431.76
S008738,2025-03-10,C0723,P018,ST021,1,4961.79,0.05,3821.41
S008739,2025-07-21,C0182,P004,ST010,8,13163.62,0.02,8062.0
S008740,2026-07-31,C0615,P071,ST019,3,10153.96,0.05,7113.15
S008741,2025-05-08,C0630,P029,ST016,3,9663.81,0.05,6795.13
S008742,2025-05-23,C0545,P087,ST015,2,15283.87,0.05,11513.07
S008743,2025-09-28,C0077,P080,ST004,4,11058.36,0.0,7154.82
S008744,2025-12-07,C0380,P082,ST022,8,15942.7,0.0,11120.16
S008745,2025-12-15,C0202,P034,ST024,7,2685.9,0.1,2211.93
S008746,2026-06-03,C0985,P010,ST013,4,1950.55,0.05,1595.73
S008747,2025-06-22,C0858,P040,ST005,5,7485.33,0.1,6137.28
S008748,2026-03-31,C0697,P052,ST018,3,11503.06,0.05,8471.56
S008749,2025-01-11,C0260,P089,ST012,2,12145.89,0.02,9447.14
S008750,2025-02-15,C0139,P049,ST024,3,2307.55,0.0,1636.57
S008751,2025-06-09,C0624,P025,ST005,5,1166.92,0.0,935.06
S008752,2025-03-02,C0958,P038,ST020,2,6532.22,0.1,5677.06
S008753,2025-10-13,C0355,P025,ST019,3,1482.83,0.05,935.06
S008754,2026-10-04,C0598,P034,ST008,5,3615.29,0.02,2211.93
S008755,2026-09-26,C0286,P011,ST021,4,13328.87,0.0,8103.73
S008756,2026-05-27,C0259,P079,ST010,7,2222.24,0.05,1464.98
S008757,2026-05-04,C0552,P009,ST025,4,2783.26,0.0,1892.61
S008758,2026-05-08,C0217,P003,ST021,6,14028.59,0.05,9496.36
S008759,2025-09-13,C0166,P062,ST012,5,3331.75,0.05,2627.77
S008760,2025-08-23,C0577,P076,ST017,7,8222.09,0.05,6054.39
S008761,2025-01-30,C0307,P039,ST023,3,3442.91,0.0,2144.94
S008762,2026-02-01,C0712,P083,ST001,5,9604.12,0.1,7077.47
S008763,2026-06-25,C0970,P004,ST004,1,12803.54,0.0,8062.0
S008764,2025-06-01,C0716,P020,ST012,2,7509.5,0.02,5381.43
S008765,2025-03-11,C0047,P035,ST007,5,620.42,0.02,516.87
S008766,2025-07-11,C0571,P028,ST025,1,10668.15,0.02,8027.52
S008767,2025-03-01,C0112,P055,ST024,2,13275.05,0.05,9400.32
S008768,2026-11-19,C0109,P026,ST006,5,4717.26,0.05,3556.26
S008769,2025-09-08,C0414,P065,ST022,3,3398.76,0.05,2327.08
S008770,2025-03-06,C0072,P075,ST016,2,1101.17,0.0,738.97
S008771,2025-12-29,C0334,P081,ST002,2,3013.63,0.15,2254.47
S008772,2026-11-27,C0865,P077,ST014,5,6286.25,0.1,4125.87
S008773,2025-11-11,C0326,P031,ST019,3,11003.06,0.0,8055.68
S008774,2025-05-21,C0028,P059,ST018,4,1817.59,0.0,1382.59
S008775,2026-08-17,C0827,P012,ST022,5,8300.04,0.15,5785.38
S008776,2026-04-06,C0261,P070,ST007,2,11153.92,0.05,7620.88
S008777,2026-12-05,C0807,P016,ST021,7,7784.64,0.05,6754.56
S008778,2025-08-08,C0309,P042,ST002,2,12246.84,0.0,8431.76
S008779,2025-01-17,C0249,P022,ST002,5,7311.1,0.02,5050.21
S008780,2026-09-13,C0518,P006,ST006,8,10985.48,0.0,9423.57
S008781,2026-10-01,C0363,P049,ST022,6,2441.7,0.05,1636.57
S008782,2026-12-28,C0545,P020,ST017,1,8631.84,0.02,5381.43
S008783,2026-12-07,C0803,P019,ST001,3,791.52,0.0,612.11
S008784,2025-09-13,C0331,P008,ST006,8,10013.74,0.0,6932.71
S008785,2025-07-17,C0801,P068,ST003,6,10019.55,0.15,8703.69
S008786,2026-06-09,C0254,P054,ST021,3,15135.18,0.1,11637.82
S008787,2025-12-08,C0964,P058,ST022,4,4530.09,0.0,3448.84
S008788,2025-12-27,C0359,P009,ST007,7,2821.23,0.02,1892.61
S008789,2026-01-21,C0042,P016,ST025,7,9011.06,0.15,6754.56
S008790,2025-02-25,C0057,P048,ST015,1,1690.38,0.15,1279.89
S008791,2025-08-22,C0875,P062,ST009,5,3902.97,0.0,2627.77
S008792,2026-09-23,C0172,P090,ST009,3,1891.76,0.05,1222.08
S008793,2025-02-06,C0786,P035,ST005,2,716.66,0.02,516.87
S008794,2025-04-13,C0984,P020,ST003,4,6323.26,0.02,5381.43
S008795,2026-06-11,C0093,P034,ST023,3,3004.61,0.05,2211.93
S008796,2026-08-21,C0454,P056,ST016,7,12437.95,0.02,8673.46
S008797,2025-01-16,C0750,P005,ST020,3,11038.49,0.05,8535.69
S008798,2025-07-18,C0841,P027,ST022,5,5102.54,0.0,3699.73
S008799,2026-10-31,C0381,P027,ST025,1,5795.38,0.1,3699.73
S008800,2025-04-05,C0341,P074,ST008,5,7917.91,0.0,5135.74
S008801,2026-11-07,C0727,P030,ST025,2,11119.13,0.0,9460.8
S008802,2025-12-17,C0097,P005,ST013,3,13749.0,0.02,8535.69
S008803,2026-07-12,C0804,P041,ST009,1,2982.02,0.02,2039.67
S008804,2025-07-13,C0366,P018,ST020,6,5143.01,0.05,3821.41
S008805,2025-03-16,C0579,P019,ST015,2,782.26,0.1,612.11
S008806,2025-04-30,C0837,P046,ST012,8,11653.39,0.1,7655.82
S008807,2025-10-17,C0026,P056,ST009,5,13725.17,0.15,8673.46
S008808,2025-10-13,C0784,P075,ST012,7,1175.31,0.0,738.97
S008809,2025-04-29,C0950,P066,ST013,6,14649.29,0.02,10315.22
S008810,2026-03-18,C0220,P087,ST014,8,17466.06,0.05,11513.07
S008811,2025-03-23,C0709,P011,ST003,7,9828.72,0.0,8103.73
S008812,2025-11-12,C0063,P025,ST013,3,1080.51,0.05,935.06
S008813,2025-10-26,C0865,P046,ST015,8,10648.82,0.1,7655.82
S008814,2026-12-22,C0198,P059,ST020,3,1817.09,0.15,1382.59
S008815,2026-03-20,C0909,P041,ST023,4,2583.45,0.05,2039.67
S008816,2026-09-09,C0178,P044,ST021,5,5961.36,0.05,4727.0
S008817,2026-11-28,C0171,P051,ST011,7,15331.59,0.0,10925.82
S008818,2025-04-28,C0151,P048,ST022,5,1560.46,0.02,1279.89
S008819,2026-11-09,C0648,P049,ST009,4,1992.18,0.0,1636.57
S008820,2025-12-20,C0532,P090,ST014,7,1441.58,0.0,1222.08
S008821,2026-06-06,C0882,P031,ST020,3,10188.94,0.15,8055.68
S008822,2025-07-07,C0508,P057,ST013,2,7482.11,0.0,5530.0
S008823,2025-08-07,C0514,P089,ST005,1,14129.36,0.1,9447.14
S008824,2025-11-21,C0226,P044,ST007,2,6051.17,0.05,4727.0
S008825,2025-04-20,C0703,P045,ST010,7,4369.75,0.02,3792.77
S008826,2025-01-15,C0172,P087,ST007,7,18716.14,0.1,11513.07
S008827,2026-10-02,C0761,P026,ST012,8,4274.68,0.1,3556.26
S008828,2025-12-20,C0661,P071,ST018,3,10880.46,0.0,7113.15
S008829,2025-02-13,C0877,P037,ST019,7,14372.63,0.0,8737.72
S008830,2026-09-23,C0552,P035,ST023,2,801.24,0.02,516.87
S008831,2026-10-13,C0451,P080,ST025,7,8655.54,0.05,7154.82
S008832,2025-07-19,C0304,P016,ST001,3,9608.76,0.02,6754.56
S008833,2026-07-07,C0650,P027,ST014,3,4594.44,0.05,3699.73
S008834,2025-04-24,C0473,P090,ST023,4,2002.22,0.1,1222.08
S008835,2026-02-25,C0504,P072,ST002,6,11916.47,0.0,7885.7
S008836,2025-06-30,C0149,P027,ST012,8,5287.48,0.0,3699.73
S008837,2026-10-18,C0022,P027,ST023,2,4985.02,0.05,3699.73
S008838,2025-02-16,C0685,P056,ST025,4,12186.93,0.02,8673.46
S008839,2025-10-04,C0873,P008,ST010,7,10483.2,0.05,6932.71
S008840,2025-04-26,C0391,P033,ST019,3,14269.1,0.0,9814.74
S008841,2025-03-30,C0973,P043,ST015,2,6320.15,0.1,5492.34
S008842,2025-11-19,C0165,P089,ST024,1,12686.73,0.05,9447.14
S008843,2026-03-21,C0988,P047,ST020,5,6201.01,0.0,4501.3
S008844,2026-02-05,C0298,P060,ST010,4,15493.37,0.05,10855.58
S008845,2026-06-27,C0640,P046,ST025,3,12481.45,0.0,7655.82
S008846,2026-05-06,C0465,P056,ST024,6,12425.46,0.1,8673.46
S008847,2025-04-30,C0566,P084,ST015,5,6712.5,0.0,4325.72
S008848,2025-04-19,C0053,P039,ST004,1,3089.47,0.0,2144.94
S008849,2025-11-25,C0408,P057,ST004,4,7411.68,0.02,5530.0
S008850,2025-12-23,C0833,P015,ST005,6,10772.56,0.05,7707.94
S008851,2025-05-06,C0317,P034,ST022,7,2670.95,0.05,2211.93
S008852,2025-04-20,C0924,P064,ST015,1,9868.48,0.0,7055.83
S008853,2026-01-21,C0419,P078,ST014,4,3186.5,0.02,1948.16
S008854,2026-07-29,C0657,P048,ST001,8,1918.31,0.1,1279.89
S008855,2025-06-11,C0791,P013,ST007,7,10862.45,0.0,6891.52
S008856,2025-04-19,C0807,P068,ST019,4,13017.38,0.05,8703.69
S008857,2025-05-22,C0839,P014,ST011,4,15043.09,0.0,9238.74
S008858,2026-03-27,C0242,P054,ST025,7,13789.48,0.0,11637.82
S008859,2025-11-04,C0262,P070,ST022,1,12446.65,0.05,7620.88
S008860,2025-07-05,C0116,P087,ST020,4,18219.8,0.05,11513.07
S008861,2025-09-28,C0189,P038,ST015,4,8270.34,0.0,5677.06
S008862,2025-07-01,C0826,P015,ST011,2,9328.78,0.0,7707.94
S008863,2025-09-06,C0355,P043,ST021,8,7747.46,0.05,5492.34
S008864,2025-10-19,C0892,P089,ST021,3,11748.0,0.1,9447.14
S008865,2025-06-26,C0005,P053,ST013,6,5334.48,0.1,3373.97
S008866,2025-04-26,C0447,P039,ST003,1,2495.7,0.0,2144.94
S008867,2026-03-13,C0219,P039,ST013,6,2742.72,0.0,2144.94
S008868,2026-02-20,C0955,P052,ST015,3,13751.57,0.05,8471.56
S008869,2026-03-25,C0024,P054,ST002,4,18269.49,0.0,11637.82
S008870,2026-12-21,C0093,P063,ST022,4,4611.48,0.0,3844.99
S008871,2026-02-17,C0926,P059,ST023,1,1963.68,0.0,1382.59
S008872,2026-07-26,C0161,P031,ST021,7,10993.22,0.02,8055.68
S008873,2026-10-03,C0592,P033,ST005,5,12290.63,0.1,9814.74
S008874,2025-04-07,C0719,P050,ST009,7,18334.5,0.05,11552.3
S008875,2025-03-09,C0382,P045,ST008,7,5911.68,0.05,3792.77
S008876,2025-01-14,C0521,P089,ST002,4,11679.51,0.0,9447.14
S008877,2025-03-26,C0962,P085,ST009,1,11685.95,0.02,7193.26
S008878,2025-02-20,C0394,P068,ST016,1,10319.86,0.02,8703.69
S008879,2025-07-11,C0018,P040,ST015,2,7098.48,0.0,6137.28
S008880,2025-07-29,C0733,P082,ST022,5,13667.21,0.05,11120.16
S008881,2026-04-16,C0090,P072,ST004,1,11895.33,0.0,7885.7
S008882,2026-01-10,C0732,P065,ST004,6,2880.06,0.0,2327.08
S008883,2025-04-02,C0466,P038,ST019,2,6554.31,0.0,5677.06
S008884,2026-04-18,C0772,P081,ST023,2,2683.14,0.0,2254.47
S008885,2025-02-21,C0731,P032,ST021,4,7229.78,0.02,5025.05
S008886,2026-01-22,C0086,P037,ST025,3,10737.83,0.1,8737.72
S008887,2026-09-28,C0928,P075,ST019,2,850.62,0.05,738.97
S008888,2026-08-16,C0485,P067,ST025,7,14934.32,0.02,9162.6
S008889,2025-03-11,C0057,P028,ST016,6,10251.24,0.02,8027.52
S008890,2026-10-15,C0902,P038,ST018,1,7930.9,0.05,5677.06
S008891,2026-08-08,C0352,P011,ST015,8,11007.47,0.02,8103.73
S008892,2025-01-29,C0950,P033,ST011,7,14224.68,0.0,9814.74
S008893,2026-07-09,C0042,P018,ST023,2,6202.03,0.15,3821.41
S008894,2026-11-23,C0300,P046,ST015,2,11211.1,0.02,7655.82
S008895,2026-09-17,C0402,P051,ST010,4,14379.06,0.0,10925.82
S008896,2026-05-19,C0566,P041,ST015,1,3059.45,0.05,2039.67
S008897,2025-01-20,C0084,P068,ST022,8,13811.95,0.02,8703.69
S008898,2026-01-05,C0790,P008,ST021,1,10430.39,0.0,6932.71
S008899,2025-04-24,C0279,P046,ST001,3,10048.72,0.05,7655.82
S008900,2025-03-29,C0554,P007,ST008,6,8699.1,0.02,5642.26
S008901,2025-11-09,C0095,P019,ST025,8,801.4,0.05,612.11
S008902,2025-03-03,C0093,P020,ST022,4,7725.97,0.05,5381.43
S008903,2025-05-25,C0685,P022,ST022,4,7534.82,0.1,5050.21
S008904,2025-07-20,C0144,P083,ST003,6,8980.15,0.0,7077.47
S008905,2026-10-17,C0927,P072,ST009,3,10956.0,0.05,7885.7
S008906,2026-06-27,C0429,P085,ST006,2,11304.26,0.0,7193.26
S008907,2026-09-14,C0673,P071,ST023,1,10204.25,0.05,7113.15
S008908,2026-06-13,C0057,P017,ST017,5,8734.02,0.05,6820.68
S008909,2025-08-15,C0637,P020,ST017,7,7769.33,0.1,5381.43
S008910,2025-04-24,C0660,P046,ST018,4,12385.16,0.05,7655.82
S008911,2026-02-08,C0869,P040,ST019,6,7869.89,0.05,6137.28
S008912,2025-12-25,C0280,P090,ST024,6,1940.03,0.05,1222.08
S008913,2026-07-07,C0468,P003,ST004,4,11987.42,0.0,9496.36
S008914,2026-05-07,C0322,P027,ST001,5,5274.95,0.0,3699.73
S008915,2025-11-11,C0384,P037,ST016,1,13868.62,0.0,8737.72
S008916,2025-12-15,C0541,P027,ST004,2,4592.79,0.05,3699.73
S008917,2025-10-29,C0220,P055,ST017,2,14545.41,0.0,9400.32
S008918,2026-11-06,C0631,P004,ST003,5,11877.44,0.02,8062.0
S008919,2026-01-02,C0874,P042,ST024,4,11725.66,0.05,8431.76
S008920,2026-07-31,C0411,P061,ST011,1,7847.12,0.02,5605.37
S008921,2025-10-10,C0006,P060,ST003,2,17197.09,0.02,10855.58
S008922,2026-09-16,C0399,P074,ST004,7,8469.68,0.0,5135.74
S008923,2025-02-14,C0010,P005,ST002,7,13164.38,0.0,8535.69
S008924,2025-12-04,C0675,P086,ST004,2,604.18,0.05,517.95
S008925,2026-04-23,C0419,P026,ST015,7,4719.14,0.1,3556.26
S008926,2025-08-24,C0873,P006,ST010,5,15376.71,0.05,9423.57
S008927,2026-03-05,C0993,P044,ST003,4,7002.24,0.1,4727.0
S008928,2026-10-15,C0509,P036,ST021,8,2005.64,0.05,1308.06
S008929,2026-07-01,C0625,P028,ST025,8,10260.99,0.1,8027.52
S008930,2026-04-04,C0589,P019,ST010,2,832.85,0.0,612.11
S008931,2025-04-02,C0347,P007,ST012,4,8171.73,0.15,5642.26
S008932,2026-12-06,C0191,P048,ST019,4,2067.82,0.05,1279.89
S008933,2026-08-02,C0302,P080,ST002,2,9164.65,0.05,7154.82
S008934,2025-05-18,C0702,P014,ST020,6,10649.52,0.0,9238.74
S008935,2026-05-24,C0704,P037,ST009,4,12999.01,0.1,8737.72
S008936,2025-02-23,C0973,P057,ST015,7,6919.69,0.02,5530.0
S008937,2025-12-27,C0483,P006,ST023,5,12084.48,0.05,9423.57
S008938,2025-06-16,C0972,P006,ST012,4,13494.07,0.05,9423.57
S008939,2025-07-18,C0689,P026,ST022,1,5735.0,0.1,3556.26
S008940,2026-04-03,C0378,P077,ST021,1,6651.71,0.1,4125.87
S008941,2025-04-08,C0322,P008,ST003,2,10214.82,0.0,6932.71
S008942,2025-05-16,C0231,P031,ST019,7,10246.37,0.1,8055.68
S008943,2026-10-21,C0005,P039,ST011,7,2595.52,0.0,2144.94
S008944,2026-11-20,C0421,P023,ST005,5,14429.93,0.1,10277.49
S008945,2026-03-19,C0935,P004,ST025,8,11502.98,0.1,8062.0
S008946,2025-05-01,C0298,P035,ST012,3,654.11,0.1,516.87
S008947,2026-03-12,C0665,P051,ST004,4,15851.58,0.02,10925.82
S008948,2025-01-17,C0535,P060,ST014,1,12978.23,0.0,10855.58
S008949,2026-03-30,C0978,P066,ST021,7,13492.55,0.02,10315.22
S008950,2025-04-04,C0134,P010,ST017,7,2124.66,0.05,1595.73
S008951,2026-09-04,C0454,P083,ST017,8,8260.93,,7077.47
S008952,2026-06-26,C0443,P007,ST001,1,7594.0,0.15,5642.26
S008953,2025-05-31,C0804,P064,ST006,3,8234.72,0.0,7055.83
S008954,2025-07-09,C0100,P051,ST001,3,17812.09,0.05,10925.82
S008955,2026-10-27,C0412,P007,ST004,1,6972.03,0.0,5642.26
S008956,2026-12-10,C0849,P069,ST007,5,6729.91,0.05,5327.09
S008957,2026-02-21,C0104,P053,ST010,7,5364.95,0.05,3373.97
S008958,2025-03-12,C0001,P083,ST012,5,9420.37,0.1,7077.47
S008959,2026-04-10,C0141,P031,ST004,7,10171.24,0.0,8055.68
S008960,2026-07-13,C0750,P003,ST019,6,12628.65,0.02,9496.36
S008961,2026-12-17,C0836,P080,ST014,8,10347.65,0.05,7154.82
S008962,2026-04-28,C0294,P087,ST023,4,17192.78,0.02,11513.07
S008963,2026-01-25,C0104,P015,ST012,1,11331.58,0.1,7707.94
S008964,2026-03-22,C0077,P090,ST001,8,1457.9,0.05,1222.08
S008965,2025-06-18,C0724,P037,ST015,4,12043.06,0.0,8737.72
S008966,2026-11-06,C0531,P089,ST005,5,14380.32,0.02,9447.14
S008967,2026-03-01,C0023,P032,ST002,8,7147.51,0.05,5025.05
S008968,2026-03-16,C0324,P026,ST008,5,5824.42,0.0,3556.26
S008969,2025-07-10,C0870,P090,ST011,5,1755.88,0.02,1222.08
S008970,2025-04-16,C0039,P028,ST023,7,10029.71,0.1,8027.52
S008971,2025-05-15,C0987,P014,ST011,2,14471.9,0.02,9238.74
S008972,2025-06-29,C0262,P033,ST022,2,14148.88,0.0,9814.74
S008973,2025-02-22,C0101,P005,ST024,6,11646.76,0.0,8535.69
S008974,2025-04-24,C0779,P046,ST006,8,11101.65,0.1,7655.82
S008975,2026-03-01,C0040,P015,ST021,4,11288.4,0.15,7707.94
S008976,2025-02-27,C0841,P065,ST022,5,2805.23,0.05,2327.08
S008977,2025-07-31,C0426,P085,ST018,5,8644.6,0.05,7193.26
S008978,2026-06-02,C0352,P057,ST017,4,8109.62,0.1,5530.0
S008979,2026-11-21,C0028,P003,ST019,7,12645.3,0.05,9496.36
S008980,2025-04-18,C0639,P070,ST018,5,10403.01,0.05,7620.88
S008981,2025-11-12,C0396,P054,ST003,7,14968.6,0.0,11637.82
S008982,2026-08-14,C0666,P025,ST003,2,1303.58,0.1,935.06
S008983,2025-03-03,C0800,P082,ST002,3,15470.07,0.0,11120.16
S008984,2025-05-19,C0701,P041,ST001,8,2653.71,0.1,2039.67
S008985,2025-05-18,C0892,P087,ST019,1,17166.02,0.1,11513.07
S008986,2026-05-06,C0752,P018,ST023,7,4938.36,0.0,3821.41
S008987,2026-09-01,C0632,P023,ST017,2,16215.72,0.05,10277.49
S008988,2025-11-10,C0948,P067,ST020,3,11822.6,0.0,9162.6
S008989,2026-05-09,C0265,P039,ST025,8,2836.59,0.0,2144.94
S008990,2026-11-03,C0782,P006,ST024,5,13309.2,0.02,9423.57
S008991,2026-06-04,C0950,P076,ST012,1,7117.06,0.0,6054.39
S008992,2025-04-22,C0500,P071,ST023,7,10566.48,0.15,7113.15
S008993,2026-09-30,C0644,P046,ST016,5,12181.07,0.0,7655.82
S008994,2026-03-01,C0494,P020,ST007,4,8753.75,0.0,5381.43
S008995,2025-10-26,C0035,P057,ST001,3,7242.47,0.02,5530.0
S008996,2026-04-02,C0559,P029,ST015,3,9243.12,0.0,6795.13
S008997,2026-02-14,C0319,P036,ST020,6,1783.3,0.0,1308.06
S008998,2026-04-17,C0744,P019,ST013,4,760.66,0.1,612.11
S008999,2026-12-20,C0414,P066,ST023,3,15086.99,0.02,10315.22
S009000,2026-02-25,C0264,P040,ST003,5,9328.69,0.02,6137.28
S009001,2025-12-08,C0846,P035,ST023,5,704.37,0.05,516.87
S009002,2025-10-02,C0033,P087,ST005,3,17516.67,0.05,11513.07
S009003,2026-04-10,C0562,P060,ST008,5,15225.64,0.05,10855.58
S009004,2026-10-20,C0200,P083,ST025,4,9169.9,0.15,7077.47
S009005,2025-03-21,C0719,P086,ST006,1,724.7,0.02,517.95
S009006,2025-10-26,C0232,P067,ST004,2,12259.71,0.05,9162.6
S009007,2025-06-27,C0735,P090,ST018,4,1869.35,0.0,1222.08
S009008,2025-03-06,C0529,P047,ST009,2,7283.33,0.02,4501.3
S009009,2025-08-30,C0986,P028,ST012,3,9675.96,0.05,8027.52
S009010,2025-11-24,C0565,P045,ST009,1,4555.83,0.0,3792.77
S009011,2025-11-15,C0436,P021,ST012,1,3320.57,0.0,2771.37
S009012,2025-04-06,C0621,P017,ST018,6,8808.46,0.02,6820.68
S009013,2025-01-25,C0419,P033,ST016,4,14686.43,0.05,9814.74
S009014,2026-12-16,C0500,P021,ST023,4,3591.32,0.0,2771.37
S009015,2025-04-23,C0877,P082,ST021,1,15034.31,0.1,11120.16
S009016,2026-12-13,C0726,P007,ST025,4,9079.88,0.1,5642.26
S009017,2026-09-02,C0300,P071,ST014,6,10345.49,0.02,7113.15
S009018,2026-07-21,C0113,P018,ST013,8,4531.55,0.0,3821.41
S009019,2025-12-03,C0420,P036,ST010,1,1555.34,0.1,1308.06
S009020,2025-07-15,C0458,P050,ST017,8,18356.41,0.02,11552.3
S009021,2025-06-17,C0550,P023,ST010,3,14928.35,0.05,10277.49
S009022,2026-12-26,C0990,P061,ST022,2,9038.21,0.05,5605.37
S009023,2026-01-01,C0164,P086,ST012,2,697.6,0.0,517.95
S009024,2026-03-07,C0682,P022,ST016,7,6330.21,0.02,5050.21
S009025,2026-02-09,C0957,P051,ST002,6,17198.64,0.0,10925.82
S009026,2026-03-15,C0160,P074,ST015,1,8331.32,0.02,5135.74
S009027,2026-09-30,C0341,P002,ST007,7,508.16,0.02,336.51
S009028,2025-03-12,C0767,P034,ST013,3,3029.85,0.05,2211.93
S009029,2026-09-01,C0233,P026,ST006,2,5355.36,0.05,3556.26
S009030,2025-04-14,C0464,P080,ST021,5,8835.45,0.05,7154.82
S009031,2025-04-18,C0904,P017,ST019,5,9187.37,0.02,6820.68
S009032,2026-10-09,C0540,P025,ST009,7,1152.0,0.0,935.06
S009033,2026-01-22,C0710,P085,ST024,5,8878.04,0.05,7193.26
S009034,2026-08-14,C0443,P042,ST004,1,10015.02,0.1,8431.76
S009035,2025-01-28,C0824,P025,ST003,8,1344.2,0.05,935.06
S009036,2025-04-21,C0281,P007,ST016,7,6982.21,0.02,5642.26
S009037,2026-09-25,C0652,P041,ST007,2,3097.03,0.0,2039.67
S009038,2026-12-18,C0952,P024,ST017,6,4129.6,0.1,2998.79
S009039,2025-03-19,C0481,P066,ST020,6,12522.49,0.1,10315.22
S009040,2025-05-27,C0671,P035,ST003,7,792.3,0.1,516.87
S009041,2026-08-09,C0937,P032,ST010,5,6043.7,0.02,5025.05
S009042,2025-06-22,C0500,P013,ST022,1,10004.85,0.02,6891.52
S009043,2026-02-22,C0043,P046,ST012,2,11426.52,0.02,7655.82
S009044,2025-08-15,C0453,P073,ST007,4,1443.28,0.05,1242.22
S009045,2026-04-19,C0799,P012,ST025,1,9103.06,0.05,5785.38
S009046,2025-07-31,C0320,P062,ST017,6,4227.08,0.0,2627.77
S009047,2025-07-29,C0253,P074,ST017,4,8305.8,0.1,5135.74
S009048,2025-03-11,C0722,P033,ST019,5,14250.8,0.05,9814.74
S009049,2026-09-30,C0619,P027,ST004,5,4939.99,0.05,3699.73
S009050,2025-03-15,C0885,P026,ST015,3,5185.22,0.05,3556.26
S009051,2026-12-01,C0544,P063,ST012,2,4565.63,0.0,3844.99
S009052,2025-04-21,C0952,P051,ST016,8,16023.12,0.05,10925.82
S009053,2026-12-09,C0325,P039,ST016,6,2472.64,0.0,2144.94
S009054,2025-07-30,C0971,P075,ST005,6,1104.82,0.05,738.97
S009055,2025-06-22,C0885,P061,ST016,1,6796.97,0.0,5605.37
S009056,2026-07-31,C0583,P061,ST002,1,8294.33,0.05,5605.37
S009057,2025-07-18,C0723,P030,ST021,7,15415.05,0.1,9460.8
S009058,2025-05-28,C0297,P007,ST004,8,8974.04,0.0,5642.26
S009059,2026-06-07,C0330,P084,ST010,5,6310.2,0.1,4325.72
S009060,2026-06-26,C0873,P007,ST013,1,7895.76,0.1,5642.26
S009061,2025-01-17,C0628,P007,ST003,2,8681.7,0.0,5642.26
S009062,2026-09-20,C0177,P022,ST008,7,6335.89,0.0,5050.21
S009063,2026-09-24,C0202,P073,ST023,3,1817.39,0.02,1242.22
S009064,2025-10-22,C0285,P067,ST016,8,13036.73,0.05,9162.6
S009065,2025-11-29,C0410,P046,ST011,2,10447.44,0.05,7655.82
S009066,2025-07-30,C0810,P038,ST006,7,6561.03,0.02,5677.06
S009067,2026-09-04,C0606,P055,ST010,7,14453.17,0.0,9400.32
S009068,2026-10-06,C0691,P081,ST015,1,2737.1,0.0,2254.47
S009069,2026-10-21,C0937,P046,ST010,1,11207.34,0.0,7655.82
S009070,2025-10-18,C0501,P072,ST019,3,10506.31,0.02,7885.7
S009071,2026-01-01,C0468,P035,ST004,5,666.13,0.05,516.87
S009072,2026-07-10,C0242,P056,ST025,7,10817.54,0.1,8673.46
S009073,2026-02-18,C0170,P090,ST004,8,1839.35,0.0,1222.08
S009074,2025-06-17,C0075,P019,ST018,1,749.0,0.02,612.11
S009075,2025-03-18,C0320,P044,ST015,8,5662.53,0.05,4727.0
S009076,2026-04-06,C0820,P021,ST013,2,4284.42,0.0,2771.37
S009077,2026-03-28,C0884,P073,ST012,2,1741.43,0.02,1242.22
S009078,2026-05-17,C0562,P077,ST009,5,6748.77,0.05,4125.87
S009079,2025-06-08,C0197,P038,ST003,2,8530.81,0.0,5677.06
S009080,2026-03-05,C0834,P005,ST025,6,10103.85,0.0,8535.69
S009081,2025-05-10,C0075,P068,ST018,1,10714.05,0.0,8703.69
S009082,2025-08-15,C0383,P045,ST004,6,4717.68,0.05,3792.77
S009083,2026-02-13,C0540,P073,ST007,7,1530.51,0.1,1242.22
S009084,2026-11-06,C0690,P052,ST005,8,11211.32,0.1,8471.56
S009085,2026-08-26,C0397,P018,ST012,4,6206.12,0.0,3821.41
S009086,2026-12-29,C0466,P066,ST018,8,14691.2,0.02,10315.22
S009087,2025-07-07,C0531,P038,ST005,7,8555.47,0.02,5677.06
S009088,2025-12-30,C0630,P004,ST014,1,12350.12,0.0,8062.0
S009089,2025-07-09,C0650,P075,ST017,5,904.25,0.05,738.97
S009090,2026-07-14,C0079,P018,ST023,1,5966.38,0.0,3821.41
S009091,2026-01-14,C0987,P085,ST012,7,11079.72,0.05,7193.26
S009092,2025-06-02,C0398,P088,ST002,4,8018.55,0.05,5917.07
S009093,2026-03-31,C0049,P034,ST021,1,3131.95,0.05,2211.93
S009094,2026-05-24,C0094,P056,ST017,3,11430.78,0.05,8673.46
S009095,2025-09-02,C0261,P048,ST006,8,1499.71,0.02,1279.89
S009096,2026-12-17,C0138,P016,ST011,5,8581.21,0.1,6754.56
S009097,2026-09-08,C0770,P087,ST008,3,18030.13,0.0,11513.07
S009098,2025-01-04,C0202,P044,ST024,8,6155.44,0.05,4727.0
S009099,2025-08-24,C0667,P038,ST019,4,9146.7,0.05,5677.06
S009100,2025-03-15,C0904,P020,ST019,7,8271.21,0.05,5381.43
S009101,2025-01-02,C0641,P080,ST001,1,10828.85,0.1,7154.82
S009102,2026-08-30,C0209,P080,ST016,3,8790.13,0.05,7154.82
S009103,2026-10-18,C0608,P010,ST011,2,2105.55,0.02,1595.73
S009104,2026-02-25,C0267,P042,ST007,2,11597.1,0.0,8431.76
S009105,2025-02-15,C0088,P035,ST011,7,642.69,0.0,516.87
S009106,2026-11-18,C0778,P066,ST004,3,14339.51,0.05,10315.22
S009107,2026-05-25,C0210,P087,ST001,4,17611.83,0.1,11513.07
S009108,2025-12-04,C0872,P041,ST015,2,2911.82,0.02,2039.67
S009109,2026-06-15,C0783,P071,ST014,6,9877.35,0.05,7113.15
S009110,2025-09-16,C0273,P029,ST005,5,8320.34,0.05,6795.13
S009111,2025-05-31,C0131,P070,ST004,2,11226.01,0.05,7620.88
S009112,2025-05-22,C0433,P053,ST010,6,5308.13,0.0,3373.97
S009113,2025-03-09,C0384,P037,ST017,6,13871.3,0.05,8737.72
S009114,2026-05-07,C0156,P086,ST023,4,737.94,0.0,517.95
S009115,2025-05-07,C0637,P065,ST017,8,2815.65,0.05,2327.08
S009116,2026-07-11,C0361,P053,ST021,2,4764.63,0.05,3373.97
S009117,2025-07-13,C0364,P076,ST012,7,8195.08,0.0,6054.39
S009118,2025-04-24,C0049,P087,ST018,3,17373.66,0.02,11513.07
S009119,2026-11-11,C0550,P043,ST011,2,6651.67,0.05,5492.34
S009120,2025-08-17,C0783,P044,ST017,7,5987.55,0.02,4727.0
S009121,2025-03-11,C0896,P073,ST014,6,1510.68,0.1,1242.22
S009122,2025-05-24,C0159,P047,ST020,8,6524.57,0.02,4501.3
S009123,2026-01-14,C0941,P078,ST005,1,2631.25,0.0,1948.16
S009124,2025-05-06,C0028,P018,ST019,6,4791.56,0.05,3821.41
S009125,2025-07-30,C0135,P045,ST019,2,4819.0,0.05,3792.77
S009126,2026-04-25,C0207,P015,ST022,5,12085.52,0.05,7707.94
S009127,2025-02-01,C0162,P034,ST002,6,3484.83,0.05,2211.93
S009128,2026-09-15,C0103,P075,ST004,4,1204.95,0.0,738.97
S009129,2026-04-25,C0271,P038,ST021,6,6682.78,0.0,5677.06
S009130,2026-06-28,C0332,P040,ST012,7,9143.93,0.05,6137.28
S009131,2025-04-12,C0883,P032,ST025,1,6054.34,0.0,5025.05
S009132,2026-09-13,C0483,P016,ST023,8,10143.33,0.0,6754.56
S009133,2026-06-03,C0980,P069,ST024,6,7595.07,0.02,5327.09
S009134,2026-06-22,C0127,P042,ST008,5,10234.85,0.05,8431.76
S009135,2025-03-28,C0349,P054,ST014,1,15776.1,0.02,11637.82
S009136,2026-08-27,C0032,P053,ST010,3,4016.75,0.0,3373.97
S009137,2026-03-10,C0784,P037,ST011,6,10569.67,0.0,8737.72
S009138,2026-11-15,C0746,P062,ST006,1,3877.2,0.05,2627.77
S009139,2026-06-11,C0253,P026,ST016,5,5857.47,0.1,3556.26
S009140,2025-03-17,C0737,P067,ST009,2,12511.12,0.05,9162.6
S009141,2026-12-14,C0635,P087,ST003,2,14106.36,0.0,11513.07
S009142,2026-11-29,C0342,P040,ST003,4,8410.33,0.05,6137.28
S009143,2026-04-13,C0643,P017,ST012,7,9246.1,0.02,6820.68
S009144,2025-07-10,C0937,P038,ST012,1,8811.76,0.0,5677.06
S009145,2025-05-12,C0187,P024,ST019,1,4113.23,0.05,2998.79
S009146,2025-10-09,C0175,P002,ST009,3,475.92,0.05,336.51
S009147,2025-07-20,C0114,P009,ST002,3,2522.99,0.0,1892.61
S009148,2026-06-09,C0264,P045,ST004,5,6169.5,0.05,3792.77
S009149,2025-04-06,C0946,P055,ST020,5,15332.9,0.0,9400.32
S009150,2025-09-28,C0815,P033,ST022,3,14269.94,0.15,9814.74
S009151,2025-09-27,C0474,P077,ST022,2,5680.9,0.02,4125.87
S009152,2026-08-24,C0501,P013,ST019,3,9572.82,0.0,6891.52
S009153,2026-07-16,C0991,P067,ST023,4,13560.41,0.05,9162.6
S009154,2025-02-15,C0865,P028,ST016,3,11763.27,0.0,8027.52
S009155,2025-03-10,C0207,P079,ST022,2,1893.54,0.0,1464.98
S009156,2025-02-25,C0395,P068,ST005,1,13415.97,0.02,8703.69
S009157,2026-11-23,C0696,P067,ST014,4,11978.55,0.05,9162.6
S009158,2026-06-04,C0646,P015,ST008,2,8976.87,0.05,7707.94
S009159,2025-12-10,C0629,P011,ST005,5,13053.97,0.05,8103.73
S009160,2025-11-03,C0822,P010,ST013,3,2501.35,0.02,1595.73
S009161,2026-11-26,C0038,P052,ST025,6,13618.59,0.1,8471.56
S009162,2026-03-19,C0005,P033,ST011,2,14301.28,0.0,9814.74
S009163,2025-09-26,C0475,P018,ST008,5,5535.91,0.0,3821.41
S009164,2026-01-18,C0553,P090,ST004,4,2010.91,0.0,1222.08
S009165,2026-04-28,C0698,P090,ST022,1,1821.25,0.0,1222.08
S009166,2026-01-31,C0368,P017,ST025,2,9833.1,0.1,6820.68
S009167,2025-12-15,C0542,P045,ST001,3,5178.31,0.02,3792.77
S009168,2026-06-13,C0466,P024,ST019,5,3551.43,0.02,2998.79
S009169,2026-03-21,C0884,P017,ST013,1,9423.28,0.05,6820.68
S009170,2026-01-26,C0562,P087,ST009,4,17736.66,0.02,11513.07
S009171,2026-01-18,C0411,P039,ST012,1,3324.85,0.05,2144.94
S009172,2025-12-21,C0044,P035,ST007,4,626.64,0.05,516.87
S009173,2026-10-22,C0512,P056,ST025,5,10288.09,0.0,8673.46
S009174,2025-10-05,C0544,P088,ST010,8,8322.34,0.15,5917.07
S009175,2025-10-23,C0811,P001,ST010,1,3273.52,0.0,2598.92
S009176,2026-04-04,C0021,P082,ST001,5,14164.35,0.15,11120.16
S009177,2026-01-29,C0464,P065,ST021,1,2759.45,0.05,2327.08
S009178,2025-09-16,C0028,P024,ST018,4,3527.73,0.05,2998.79
S009179,2025-09-25,C0674,P048,ST014,5,1617.88,0.0,1279.89
S009180,2026-06-06,C0435,P008,ST022,6,8377.32,0.1,6932.71
S009181,2025-12-02,C0551,P012,ST007,4,7450.36,0.02,5785.38
S009182,2026-03-14,C0051,P013,ST023,4,8971.71,0.0,6891.52
S009183,2025-07-31,C0581,P070,ST010,2,10137.62,0.15,7620.88
S009184,2026-07-12,C0122,P077,ST023,7,6764.26,0.05,4125.87
S009185,2026-05-29,C0912,P083,ST002,4,8747.36,0.1,7077.47
S009186,2025-11-15,C0358,P061,ST015,4,8046.57,0.1,5605.37
S009187,2025-11-08,C0692,P080,ST013,4,10434.25,0.02,7154.82
S009188,2025-05-05,C0317,P059,ST022,2,1638.33,0.0,1382.59
S009189,2025-05-18,C0391,P026,ST018,3,5645.83,0.05,3556.26
S009190,2026-06-16,C0809,P069,ST023,5,8647.48,0.05,5327.09
S009191,2025-01-10,C0810,P066,ST009,5,15738.03,0.0,10315.22
S009192,2026-05-06,C0521,P078,ST003,8,3190.81,0.02,1948.16
S009193,2025-07-25,C0002,P030,ST013,3,11063.41,0.1,9460.8
S009194,2026-06-09,C0552,P068,ST024,3,10171.53,0.05,8703.69
S009195,2025-05-06,C0924,P063,ST015,2,5413.18,0.0,3844.99
S009196,2026-01-19,C0184,P039,ST012,3,2868.6,0.05,2144.94
S009197,2025-01-30,C0289,P058,ST003,4,4040.47,0.0,3448.84
S009198,2025-01-28,C0372,P054,ST023,2,18540.42,0.0,11637.82
S009199,2025-09-18,C0420,P090,ST012,2,1783.5,0.05,1222.08
S009200,2025-07-05,C0281,P035,ST014,1,798.92,0.0,516.87
S009201,2025-07-18,C0146,P038,ST009,1,8945.39,0.1,5677.06
S009202,2025-01-29,C0881,P059,ST024,2,2264.83,0.05,1382.59
S009203,2025-10-08,C0057,P066,ST015,5,14008.73,0.05,10315.22
S009204,2026-07-06,C0603,P081,ST024,1,2603.65,0.02,2254.47
S009205,2025-12-08,C0739,P064,ST014,1,10180.79,0.0,7055.83
S009206,2026-07-04,C0577,P046,ST016,3,11933.8,0.02,7655.82
S009207,2025-04-07,C0634,P012,ST023,7,7895.08,0.0,5785.38
S009208,2026-05-30,C0569,P079,ST011,2,1898.88,0.02,1464.98
S009209,2026-05-31,C0364,P035,ST010,8,598.79,0.02,516.87
S009210,2025-10-17,C0350,P025,ST014,5,1300.16,0.0,935.06
S009211,2026-10-24,C0310,P004,ST015,7,11770.98,0.05,8062.0
S009212,2025-09-01,C0181,P085,ST025,3,9918.42,0.02,7193.26
S009213,2025-05-05,C0355,P067,ST018,2,13951.28,0.1,9162.6
S009214,2025-01-30,C0907,P036,ST001,1,2082.25,0.0,1308.06
S009215,2026-08-06,C0136,P035,ST009,7,670.56,0.0,516.87
S009216,2025-08-07,C0678,P006,ST012,5,13727.89,0.02,9423.57
S009217,2026-10-21,C0174,P053,ST006,4,3967.66,0.15,3373.97
S009218,2026-04-23,C0595,P034,ST004,6,3173.77,0.05,2211.93
S009219,2026-05-06,C0211,P072,ST017,2,9714.09,0.0,7885.7
S009220,2025-04-28,C0965,P062,ST002,3,3437.35,0.0,2627.77
S009221,2025-03-08,C0219,P082,ST013,3,13832.15,0.05,11120.16
S009222,2026-05-08,C0951,P002,ST002,6,486.87,0.05,336.51
S009223,2025-02-20,C0755,P078,ST019,4,2758.08,0.0,1948.16
S009224,2026-04-26,C0366,P084,ST021,1,6550.28,0.15,4325.72
S009225,2026-11-18,C0824,P040,ST003,7,7149.69,0.02,6137.28
S009226,2026-05-27,C0742,P074,ST014,3,7600.13,0.05,5135.74
S009227,2026-03-27,C0409,P022,ST018,7,5850.44,0.02,5050.21
S009228,2025-05-03,C0211,P039,ST014,6,3055.66,0.05,2144.94
S009229,2025-11-20,C0313,P033,ST021,7,11690.2,0.05,9814.74
S009230,2025-08-05,C0454,P034,ST015,3,3321.83,0.0,2211.93
S009231,2025-10-12,C0260,P040,ST012,7,9483.45,0.05,6137.28
S009232,2025-07-17,C0517,P050,ST024,6,13801.53,0.02,11552.3
S009233,2026-09-06,C0865,P036,ST016,7,1845.81,0.02,1308.06
S009234,2026-06-06,C0426,P064,ST020,6,8346.37,0.05,7055.83
S009235,2026-11-27,C0686,P012,ST002,4,7736.38,0.02,5785.38
S009236,2026-08-15,C0370,P077,ST001,1,6000.17,0.05,4125.87
S009237,2025-07-15,C0913,P068,ST005,3,13381.14,0.05,8703.69
S009238,2025-03-14,C0896,P011,ST014,7,12741.07,0.1,8103.73
S009239,2026-12-05,C0312,P072,ST022,7,12045.7,0.05,7885.7
S009240,2025-05-24,C0952,P031,ST014,6,10309.57,0.0,8055.68
S009241,2026-05-02,C0719,P044,ST008,7,5944.42,0.0,4727.0
S009242,2026-04-22,C0289,P086,ST002,7,690.28,0.0,517.95
S009243,2026-06-11,C0679,P001,ST014,8,4083.0,0.0,2598.92
S009244,2026-05-07,C0853,P009,ST020,6,2269.76,0.0,1892.61
S009245,2025-06-11,C0792,P019,ST006,5,981.72,0.0,612.11
S009246,2025-09-02,C0915,P076,ST006,5,8527.72,0.05,6054.39
S009247,2025-02-13,C0731,P087,ST021,4,15531.89,0.0,11513.07
S009248,2025-01-02,C0132,P062,ST002,2,3954.5,0.0,2627.77
S009249,2025-03-25,C0615,P068,ST021,8,11860.78,0.05,8703.69
S009250,2025-10-26,C0017,P083,ST006,4,8776.54,0.0,7077.47
S009251,2025-03-29,C0394,P023,ST014,3,15505.22,0.05,10277.49
S009252,2025-10-01,C0306,P006,ST019,1,10962.75,0.02,9423.57
S009253,2025-07-28,C0744,P072,ST011,4,12419.7,0.0,7885.7
S009254,2025-03-01,C0368,P004,ST025,7,12647.89,0.02,8062.0
S009255,2026-06-02,C0099,P054,ST003,4,14909.86,0.0,11637.82
S009256,2026-07-11,C0497,P031,ST021,6,11297.64,0.0,8055.68
S009257,2026-04-24,C0883,P079,ST022,2,1739.14,0.0,1464.98
S009258,2026-04-26,C0608,P063,ST013,7,5333.5,0.0,3844.99
S009259,2025-08-05,C0974,P035,ST023,7,731.98,0.05,516.87
S009260,2026-10-31,C0119,P085,ST001,3,11777.83,0.05,7193.26
S009261,2026-07-30,C0620,P047,ST012,4,6939.5,0.0,4501.3
S009262,2025-03-06,C0393,P004,ST008,4,11702.34,0.02,8062.0
S009263,2026-07-06,C0537,P072,ST025,2,11113.85,0.0,7885.7
S009264,2026-12-02,C0962,P006,ST008,1,15205.31,0.0,9423.57
S009265,2026-11-23,C0721,P071,ST021,8,10963.33,0.0,7113.15
S009266,2026-04-27,C0402,P052,ST013,3,13899.84,0.02,8471.56
S009267,2026-01-21,C0858,P024,ST002,2,4785.54,0.1,2998.79
S009268,2026-09-09,C0149,P014,ST011,6,12483.08,0.05,9238.74
S009269,2025-11-05,C0286,P024,ST021,4,3939.34,0.02,2998.79
S009270,2026-01-01,C0286,P062,ST018,3,3379.67,0.0,2627.77
S009271,2026-04-19,C0664,P055,ST015,8,12646.16,0.05,9400.32
S009272,2026-11-04,C0986,P065,ST013,4,3582.72,0.1,2327.08
S009273,2026-02-04,C0902,P008,ST020,2,8994.79,0.05,6932.71
S009274,2025-05-21,C0644,P071,ST016,2,9778.26,0.02,7113.15
S009275,2025-12-06,C0218,P024,ST018,3,4343.33,0.0,2998.79
S009276,2025-06-23,C0661,P071,ST018,4,10087.67,0.05,7113.15
S009277,2026-09-09,C0711,P019,ST005,4,930.71,0.0,612.11
S009278,2026-10-20,C0711,P075,ST002,4,1077.89,0.05,738.97
S009279,2026-07-09,C0879,P056,ST002,6,12212.88,0.02,8673.46
S009280,2025-09-05,C0927,P073,ST006,5,1954.38,0.0,1242.22
S009281,2026-10-29,C0014,P071,ST010,2,11736.68,0.05,7113.15
S009282,2025-06-21,C0895,P081,ST009,1,3059.12,0.0,2254.47
S009283,2025-05-07,C0727,P014,ST025,5,13538.66,0.1,9238.74
S009284,2026-07-01,C0956,P020,ST007,7,6867.12,0.05,5381.43
S009285,2025-08-07,C0766,P059,ST014,7,2154.09,0.02,1382.59
S009286,2025-07-24,C0783,P068,ST014,4,12692.34,0.0,8703.69
S009287,2025-06-16,C0021,P086,ST003,3,640.37,0.05,517.95
S009288,2026-06-15,C0771,P074,ST019,5,7057.66,0.05,5135.74
S009289,2026-01-18,C0984,P058,ST002,5,5083.88,0.0,3448.84
S009290,2025-12-12,C0164,P029,ST010,8,10750.68,0.1,6795.13
S009291,2026-02-22,C0389,P006,ST020,3,12634.27,0.0,9423.57
S009292,2026-04-04,C0236,P035,ST003,2,630.44,0.0,516.87
S009293,2025-01-25,C0476,P084,ST018,4,5203.88,0.0,4325.72
S009294,2025-10-05,C0748,P090,ST002,3,1810.4,0.0,1222.08
S009295,2026-09-30,C0159,P059,ST019,8,2234.25,0.02,1382.59
S009296,2025-06-12,C0219,P006,ST012,5,12794.03,0.1,9423.57
S009297,2025-12-04,C0956,P080,ST008,5,10660.3,0.0,7154.82
S009298,2026-06-26,C0078,P072,ST002,7,11318.12,0.1,7885.7
S009299,2026-06-07,C0442,P054,ST013,6,17549.2,0.02,11637.82
S009300,2026-12-29,C0838,P023,ST007,3,14517.34,0.0,10277.49
S009301,2026-10-17,C0054,P085,ST025,7,9715.01,0.05,7193.26
S009302,2026-09-30,C0265,P087,ST024,4,17871.35,0.0,11513.07
S009303,2026-10-03,C0553,P060,ST002,3,14565.71,0.05,10855.58
S009304,2026-07-20,C0900,P011,ST003,1,12684.43,0.05,8103.73
S009305,2026-08-04,C0998,P005,ST011,5,13204.24,0.02,8535.69
S009306,2025-10-08,C0180,P007,ST022,2,8879.85,0.02,5642.26
S009307,2025-12-29,C0641,P088,ST003,2,9161.07,0.0,5917.07
S009308,2025-07-05,C0247,P073,ST018,3,1962.35,0.05,1242.22
S009309,2026-06-09,C0906,P071,ST008,3,10001.16,0.02,7113.15
S009310,2026-08-15,C0529,P044,ST007,2,7356.94,0.05,4727.0
S009311,2025-12-24,C0942,P074,ST022,7,7910.01,0.1,5135.74
S009312,2026-07-28,C0634,P065,ST023,7,3608.53,0.0,2327.08
S009313,2025-04-22,C0004,P066,ST015,6,14599.03,0.0,10315.22
S009314,2025-03-17,C0251,P036,ST014,4,1705.01,0.05,1308.06
S009315,2025-07-29,C0339,P025,ST016,1,1194.4,0.02,935.06
S009316,2025-01-13,C0757,P036,ST002,5,1540.78,0.02,1308.06
S009317,2026-10-08,C0809,P082,ST024,7,14366.22,0.0,11120.16
S009318,2026-06-26,C0450,P057,ST005,3,8228.22,0.0,5530.0
S009319,2025-07-19,C0242,P067,ST024,6,14501.25,0.02,9162.6
S009320,2026-12-10,C0692,P014,ST013,7,11566.33,0.0,9238.74
S009321,2025-09-21,C0172,P040,ST008,1,7866.23,0.02,6137.28
S009322,2026-04-01,C0676,P022,ST022,7,6380.78,0.05,5050.21
S009323,2025-01-05,C0645,P037,ST024,7,10092.0,0.05,8737.72
S009324,2026-02-07,C0848,P032,ST001,1,7898.54,0.0,5025.05
S009325,2025-10-12,C0027,P049,ST022,5,2652.28,0.05,1636.57
S009326,2025-09-28,C0045,P075,ST019,7,917.21,0.1,738.97
S009327,2026-10-13,C0613,P044,ST005,6,6768.54,0.02,4727.0
S009328,2026-01-17,C0422,P049,ST004,6,2009.35,0.05,1636.57
S009329,2025-08-28,C0914,P076,ST001,6,9370.38,0.0,6054.39
S009330,2026-07-02,C0862,P020,ST012,6,8794.71,0.0,5381.43
S009331,2025-10-31,C0206,P057,ST020,3,7584.51,0.0,5530.0
S009332,2026-12-23,C0858,P043,ST001,3,8246.17,0.0,5492.34
S009333,2025-07-27,C0051,P048,ST024,8,1998.18,0.0,1279.89
S009334,2025-08-22,C0082,P081,ST010,7,2957.2,0.0,2254.47
S009335,2025-04-18,C0952,P023,ST015,4,16035.97,0.1,10277.49
S009336,2026-12-22,C0847,P075,ST009,8,974.69,0.05,738.97
S009337,2025-03-07,C0743,P062,ST023,1,4159.15,0.0,2627.77
S009338,2026-12-29,C0497,P023,ST019,3,16315.8,0.1,10277.49
S009339,2026-02-17,C0339,P006,ST015,3,11725.63,0.02,9423.57
S009340,2025-09-11,C0992,P017,ST013,3,10346.88,0.05,6820.68
S009341,2026-01-23,C0040,P014,ST021,5,11655.95,0.0,9238.74
S009342,2025-06-23,C0039,P090,ST023,5,1858.13,0.0,1222.08
S009343,2026-09-28,C0343,P050,ST016,4,14670.14,0.0,11552.3
S009344,2025-03-14,C0446,P080,ST016,6,9306.18,0.0,7154.82
S009345,2026-01-05,C0486,P004,ST007,6,12090.22,0.05,8062.0
S009346,2026-07-01,C0607,P058,ST009,3,4165.31,0.05,3448.84
S009347,2025-01-06,C0243,P073,ST019,6,1837.66,0.05,1242.22
S009348,2026-06-15,C0724,P042,ST015,8,9722.02,0.0,8431.76
S009349,2025-02-18,C0446,P037,ST015,4,13307.15,0.02,8737.72
S009350,2025-09-06,C0502,P082,ST019,1,15353.03,0.05,11120.16
S009351,2026-10-31,C0516,P022,ST008,7,8110.53,0.0,5050.21
S009352,2026-02-06,C0344,P024,ST007,1,3936.49,0.05,2998.79
S009353,2026-08-08,C0653,P036,ST008,3,1731.27,0.02,1308.06
S009354,2026-11-14,C0943,P043,ST024,5,6783.46,0.0,5492.34
S009355,2026-03-06,C0307,P080,ST023,5,10457.52,0.0,7154.82
S009356,2025-07-03,C0225,P038,ST014,8,7669.04,0.0,5677.06
S009357,2025-06-02,C0952,P077,ST014,3,6110.45,0.05,4125.87
S009358,2026-09-01,C0819,P023,ST012,8,15189.31,0.05,10277.49
S009359,2025-07-07,C0207,P033,ST023,4,15503.04,0.15,9814.74
S009360,2025-12-26,C0440,P052,ST009,5,13290.7,0.02,8471.56
S009361,2025-10-04,C0037,P006,ST011,3,12398.73,0.02,9423.57
S009362,2025-06-04,C0763,P063,ST001,2,4560.91,0.05,3844.99
S009363,2025-02-25,C0588,P084,ST001,4,6777.64,0.02,4325.72
S009364,2025-07-06,C0999,P081,ST002,5,3678.01,0.02,2254.47
S009365,2026-09-21,C0098,P006,ST018,3,12112.99,0.05,9423.57
S009366,2025-11-21,C0472,P067,ST015,6,11699.81,0.0,9162.6
S009367,2026-08-29,C0647,P040,ST018,1,10015.85,0.0,6137.28
S009368,2025-11-01,C0648,P041,ST008,1,3044.12,0.05,2039.67
S009369,2026-04-28,C0434,P068,ST019,8,11204.67,0.0,8703.69
S009370,2025-04-07,C0634,P042,ST024,3,11871.41,0.02,8431.76
S009371,2026-06-13,C0057,P032,ST015,1,8203.42,0.02,5025.05
S009372,2026-11-07,C0933,P009,ST011,7,2390.48,0.05,1892.61
S009373,2026-01-03,C0430,P073,ST010,8,1815.14,0.05,1242.22
S009374,2026-10-15,C0711,P052,ST001,4,11735.9,0.05,8471.56
S009375,2025-07-16,C0464,P059,ST021,1,1687.04,0.02,1382.59
S009376,2025-04-16,C0655,P044,ST003,4,6338.3,0.1,4727.0
S009377,2026-01-11,C0867,P043,ST022,4,7557.72,0.05,5492.34
S009378,2026-06-09,C0275,P062,ST002,4,3866.16,0.02,2627.77
S009379,2025-02-20,C0462,P025,ST019,5,1502.76,,935.06
S009380,2025-01-10,C0256,P020,ST012,4,6859.63,0.05,5381.43
S009381,2026-01-01,C0860,P090,ST008,7,1626.51,0.02,1222.08
S009382,2025-07-21,C0003,P001,ST024,1,3292.54,0.0,2598.92
S009383,2026-11-21,C0557,P079,ST020,2,2063.07,0.05,1464.98
S009384,2025-10-29,C0093,P090,ST024,4,1991.61,0.0,1222.08
S009385,2025-05-14,C0542,P026,ST003,3,5633.99,0.02,3556.26
S009386,2026-02-04,C0374,P082,ST006,3,17463.76,0.02,11120.16
S009387,2026-08-17,C0656,P016,ST009,8,11057.68,0.02,6754.56
S009388,2025-04-02,C0058,P028,ST024,8,13061.1,0.0,8027.52
S009389,2025-06-01,C0540,P087,ST008,7,15106.95,0.02,11513.07
S009390,2025-01-12,C0739,P022,ST015,3,6662.26,0.05,5050.21
S009391,2026-05-09,C0574,P009,ST022,6,2800.85,0.0,1892.61
S009392,2025-04-15,C0656,P029,ST008,2,10546.12,0.0,6795.13
S009393,2026-12-29,C0693,P017,ST009,8,9884.52,,6820.68
S009394,2025-06-04,C0843,P031,ST020,6,10987.33,0.05,8055.68
S009395,2026-05-11,C0064,P064,ST001,5,8893.5,0.05,7055.83
S009396,2026-02-01,C0988,P084,ST020,3,6355.57,0.02,4325.72
S009397,2025-08-09,C0884,P028,ST010,7,10177.23,0.05,8027.52
S009398,2025-06-17,C0305,P085,ST001,5,9040.18,0.0,7193.26
S009399,2025-11-15,C0425,P053,ST015,1,5049.46,0.05,3373.97
S009400,2026-01-04,C0190,P061,ST009,1,7201.98,0.02,5605.37
S009401,2025-12-01,C0137,P044,ST006,3,6563.73,0.02,4727.0
S009402,2025-01-27,C0961,P044,ST003,8,7684.02,0.05,4727.0
S009403,2025-11-02,C0574,P018,ST025,1,5814.62,0.02,3821.41
S009404,2026-01-24,C0229,P019,ST008,6,1001.17,0.02,612.11
S009405,2026-05-19,C0886,P004,ST007,8,12404.29,0.02,8062.0
S009406,2025-03-18,C0226,P029,ST008,7,9296.0,0.05,6795.13
S009407,2025-08-11,C0191,P065,ST021,1,3719.72,0.0,2327.08
S009408,2026-12-11,C0319,P089,ST020,8,13960.84,0.02,9447.14
S009409,2025-02-12,C0041,P058,ST022,5,4433.91,0.1,3448.84
S009410,2025-09-28,C0855,P075,ST023,8,1139.69,0.0,738.97
S009411,2025-05-08,C0397,P030,ST010,3,14639.29,0.0,9460.8
S009412,2025-07-08,C0438,P072,ST014,7,12179.35,0.0,7885.7
S009413,2026-02-14,C0056,P038,ST001,8,8954.85,0.02,5677.06
S009414,2026-03-10,C0267,P083,ST007,6,9560.45,0.05,7077.47
S009415,2026-04-27,C0370,P038,ST001,2,8196.38,0.02,5677.06
S009416,2025-11-05,C0414,P018,ST022,6,4721.89,0.0,3821.41
S009417,2025-01-06,C0745,P024,ST003,4,3732.23,0.0,2998.79
S009418,2026-01-04,C0995,P058,ST023,4,5400.1,0.05,3448.84
S009419,2025-03-12,C0824,P047,ST005,7,5531.73,0.0,4501.3
S009420,2026-02-19,C0266,P063,ST022,3,4955.4,0.0,3844.99
S009421,2026-10-01,C0460,P027,ST014,2,4351.59,0.05,3699.73
S009422,2026-07-18,C0770,P006,ST009,4,12341.69,0.0,9423.57
S009423,2025-06-19,C0340,P011,ST009,8,11845.53,0.02,8103.73
S009424,2026-03-01,C0960,P075,ST005,8,959.88,0.05,738.97
S009425,2026-10-05,C0923,P069,ST003,4,7076.05,0.02,5327.09
S009426,2026-06-22,C0594,P040,ST008,3,8815.39,0.1,6137.28
S009427,2025-07-13,C0761,P019,ST012,6,903.73,0.02,612.11
S009428,2026-02-12,C0029,P061,ST008,6,6549.58,0.02,5605.37
S009429,2026-09-16,C0780,P077,ST011,6,6343.61,0.05,4125.87
S009430,2026-09-22,C0220,P055,ST016,6,14332.12,0.05,9400.32
S009431,2025-03-16,C0697,P015,ST020,2,11884.44,0.0,7707.94
S009432,2025-07-07,C0122,P053,ST025,8,5512.71,0.0,3373.97
S009433,2026-10-02,C0757,P036,ST001,6,1598.08,0.0,1308.06
S009434,2025-01-19,C0846,P076,ST024,4,6987.44,0.05,6054.39
S009435,2025-09-06,C0999,P081,ST002,4,2860.63,0.02,2254.47
S009436,2025-06-29,C0103,P089,ST005,1,15183.29,0.1,9447.14
S009437,2026-01-06,C0834,P061,ST023,5,9173.72,0.05,5605.37
S009438,2025-01-10,C0420,P038,ST013,6,8138.28,0.05,5677.06
S009439,2025-05-02,C0457,P085,ST021,4,11494.41,0.05,7193.26
S009440,2026-08-05,C0313,P087,ST019,6,16441.97,0.0,11513.07
S009441,2025-02-18,C0343,P038,ST015,5,8585.02,0.1,5677.06
S009442,2025-09-27,C0173,P075,ST001,7,912.48,0.05,738.97
S009443,2025-03-03,C0323,P082,ST022,5,17341.23,0.1,11120.16
S009444,2025-08-14,C0176,P022,ST006,4,7767.85,0.0,5050.21
S009445,2026-01-25,C0251,P038,ST016,6,7716.16,0.0,5677.06
S009446,2026-01-13,C0329,P078,ST003,7,2835.51,0.02,1948.16
S009447,2025-01-26,C0187,P017,ST018,3,9714.69,0.0,6820.68
S009448,2025-03-02,C0131,P007,ST005,6,9032.18,0.0,5642.26
S009449,2025-07-16,C0550,P062,ST010,4,3363.82,0.05,2627.77
S009450,2026-08-11,C0978,P009,ST019,1,2388.78,0.05,1892.61
S009451,2025-11-21,C0333,P026,ST001,4,5301.77,0.05,3556.26
S009452,2026-09-09,C0577,P037,ST014,5,13398.16,0.1,8737.72
S009453,2026-11-07,C0502,P044,ST020,5,7221.32,0.02,4727.0
S009454,2026-07-23,C0367,P090,ST007,4,1706.76,0.0,1222.08
S009455,2025-06-10,C0190,P010,ST006,8,2286.78,0.05,1595.73
S009456,2025-02-22,C0622,P054,ST004,6,15748.88,0.05,11637.82
S009457,2025-07-07,C0877,P064,ST019,6,8930.73,0.05,7055.83
S009458,2026-07-14,C0755,P012,ST020,1,7367.89,0.02,5785.38
S009459,2026-06-06,C0442,P083,ST011,7,8283.58,0.02,7077.47
S009460,2026-07-02,C0724,P005,ST016,6,12110.65,0.0,8535.69
S009461,2026-07-05,C0372,P038,ST023,5,6768.18,0.05,5677.06
S009462,2025-04-16,C0577,P007,ST016,3,7992.35,0.1,5642.26
S009463,2026-02-17,C0590,P036,ST013,6,1623.48,,1308.06
S009464,2025-08-13,C0176,P043,ST006,1,6708.14,0.0,5492.34
S009465,2026-09-25,C0001,P082,ST011,8,13600.91,0.02,11120.16
S009466,2025-04-09,C0911,P078,ST020,8,3166.57,0.0,1948.16
S009467,2026-12-27,C0731,P059,ST018,7,2054.74,0.05,1382.59
S009468,2025-01-23,C0653,P023,ST007,2,13527.03,0.05,10277.49
S009469,2025-05-22,C0422,P015,ST004,6,9502.77,0.0,7707.94
S009470,2026-05-26,C0211,P066,ST016,1,13317.82,0.05,10315.22
S009471,2025-05-20,C0490,P007,ST020,8,6736.99,0.0,5642.26
S009472,2026-02-21,C0820,P077,ST013,8,5305.08,0.05,4125.87
S009473,2025-08-29,C0183,P071,ST009,1,10123.17,0.05,7113.15
S009474,2026-02-21,C0718,P039,ST023,8,2855.63,0.1,2144.94
S009475,2025-12-15,C0490,P045,ST021,5,6072.14,0.05,3792.77
S009476,2026-01-01,C0315,P013,ST003,1,8957.7,0.0,6891.52
S009477,2025-02-18,C0507,P061,ST004,7,6711.22,0.0,5605.37
S009478,2025-10-16,C0186,P001,ST016,5,3543.51,0.1,2598.92
S009479,2025-03-26,C0724,P069,ST016,1,8135.74,0.05,5327.09
S009480,2025-09-02,C0984,P076,ST002,6,9735.92,0.1,6054.39
S009481,2025-08-06,C0011,P052,ST023,7,12220.34,0.1,8471.56
S009482,2025-06-13,C0971,P089,ST004,8,12947.73,0.05,9447.14
S009483,2025-06-02,C0406,P063,ST013,7,5003.43,0.02,3844.99
S009484,2025-11-12,C0295,P076,ST003,4,9014.03,0.0,6054.39
S009485,2026-06-12,C0320,P007,ST017,4,7146.05,0.0,5642.26
S009486,2025-01-02,C0841,P085,ST023,7,10669.0,0.05,7193.26
S009487,2026-05-21,C0579,P075,ST017,7,856.33,0.1,738.97
S009488,2026-01-25,C0470,P026,ST012,8,5677.58,0.02,3556.26
S009489,2026-04-29,C0054,P006,ST024,2,14048.15,0.05,9423.57
S009490,2026-04-29,C0470,P044,ST012,2,5540.47,0.02,4727.0
S009491,2026-05-19,C0821,P033,ST012,2,13894.63,0.0,9814.74
S009492,2026-04-10,C0047,P020,ST006,8,8185.61,0.02,5381.43
S009493,2025-01-06,C0949,P011,ST013,3,12661.17,0.0,8103.73
S009494,2025-07-12,C0095,P078,ST023,5,3058.92,0.02,1948.16
S009495,2025-08-25,C0460,P082,ST017,7,15389.6,0.0,11120.16
S009496,2026-10-13,C0557,P038,ST021,8,8461.27,0.1,5677.06
S009497,2026-02-04,C0320,P002,ST015,8,538.97,0.0,336.51
S009498,2025-11-23,C0609,P058,ST020,4,4662.19,0.05,3448.84
S009499,2026-07-22,C0452,P083,ST011,5,10825.99,0.0,7077.47
S009500,2025-08-10,C0306,P013,ST020,2,8682.71,0.05,6891.52
S009501,2025-12-31,C0029,P005,ST009,4,12698.52,0.1,8535.69
S009502,2026-09-23,C0822,P013,ST010,5,9511.59,0.1,6891.52
S009503,2025-02-19,C0043,P050,ST011,8,14906.13,0.05,11552.3
S009504,2025-09-01,C0240,P020,ST021,2,8147.59,0.05,5381.43
S009505,2026-04-26,C0041,P061,ST024,1,7877.45,0.0,5605.37
S009506,2025-09-12,C0199,P063,ST004,8,6053.62,0.0,3844.99
S009507,2025-05-21,C0104,P087,ST010,7,15124.98,0.0,11513.07
S009508,2025-10-14,C0399,P038,ST002,3,8614.39,0.0,5677.06
S009509,2025-09-12,C0767,P029,ST012,6,8667.96,0.02,6795.13
S009510,2025-08-22,C0434,P071,ST018,1,11489.7,0.0,7113.15
S009511,2026-04-17,C0902,P082,ST019,3,13473.83,0.0,11120.16
S009512,2025-01-09,C0885,P019,ST017,5,799.09,0.0,612.11
S009513,2026-04-09,C0067,P052,ST001,7,11375.48,0.0,8471.56
S009514,2026-05-29,C0787,P048,ST001,7,1717.28,0.05,1279.89
S009515,2026-03-19,C0250,P035,ST022,2,689.61,0.0,516.87
S009516,2025-04-28,C0044,P080,ST009,7,11278.74,0.05,7154.82
S009517,2026-09-16,C0467,P085,ST022,2,11551.07,0.1,7193.26
S009518,2026-05-17,C0275,P036,ST002,8,2147.73,0.0,1308.06
S009519,2025-05-19,C0740,P020,ST016,6,7867.81,0.0,5381.43
S009520,2025-10-15,C0673,P019,ST022,4,741.81,0.05,612.11
S009521,2026-07-28,C0645,P001,ST024,4,3152.67,0.0,2598.92
S009522,2025-11-16,C0446,P088,ST017,3,8725.21,0.0,5917.07
S009523,2026-07-02,C0667,P017,ST020,2,9208.42,0.0,6820.68
S009524,2026-10-25,C0134,P008,ST017,5,11130.58,0.02,6932.71
S009525,2026-02-02,C0764,P070,ST012,4,11342.32,0.0,7620.88
S009526,2025-06-15,C0856,P030,ST011,8,11800.35,0.0,9460.8
S009527,2025-07-10,C0502,P059,ST019,1,1942.12,0.0,1382.59
S009528,2026-03-30,C0761,P013,ST013,2,9795.74,0.0,6891.52
S009529,2026-10-05,C0377,P075,ST009,2,1032.14,0.1,738.97
S009530,2025-11-30,C0585,P058,ST004,7,5454.11,0.05,3448.84
S009531,2025-02-08,C0542,P011,ST004,4,9575.32,0.0,8103.73
S009532,2025-11-13,C0206,P019,ST018,1,826.08,0.0,612.11
S009533,2025-04-11,C0067,P066,ST003,5,15064.14,0.1,10315.22
S009534,2026-10-29,C0157,P054,ST024,7,15761.14,0.02,11637.82
S009535,2026-04-05,C0558,P071,ST017,1,9560.72,0.05,7113.15
S009536,2025-02-13,C0505,P085,ST014,3,8418.02,0.0,7193.26
S009537,2025-11-01,C0938,P044,ST011,1,7325.96,0.05,4727.0
S009538,2025-06-17,C0162,P013,ST005,2,10905.31,0.1,6891.52
S009539,2025-06-11,C0815,P062,ST025,4,3217.05,0.0,2627.77
S009540,2026-11-10,C0044,P043,ST007,5,6923.85,0.05,5492.34
S009541,2025-08-26,C0711,P048,ST001,2,1936.42,0.02,1279.89
S009542,2026-10-11,C0081,P039,ST007,2,3006.52,0.0,2144.94
S009543,2025-04-25,C0426,P085,ST020,6,8292.31,0.0,7193.26
S009544,2025-05-09,C0795,P085,ST020,1,10956.43,0.02,7193.26
S009545,2026-04-22,C0703,P066,ST011,3,16042.7,0.0,10315.22
S009546,2025-08-22,C0708,P020,ST020,8,6630.6,0.05,5381.43
S009547,2025-06-06,C0851,P012,ST017,7,7383.0,0.05,5785.38
S009548,2026-02-01,C0562,P067,ST009,4,13938.75,0.05,9162.6
S009549,2026-03-09,C0849,P003,ST006,5,15111.49,0.02,9496.36
S009550,2025-07-01,C0213,P008,ST016,3,9300.76,0.02,6932.71
S009551,2026-09-28,C0452,P027,ST012,4,5734.13,0.05,3699.73
S009552,2025-08-07,C0683,P087,ST009,2,18949.72,0.0,11513.07
S009553,2025-12-22,C0501,P067,ST018,7,10890.17,0.05,9162.6
S009554,2025-07-15,C0571,P066,ST023,8,15615.63,0.1,10315.22
S009555,2025-08-09,C0851,P045,ST016,3,5914.53,0.0,3792.77
S009556,2026-11-21,C0591,P010,ST009,2,2591.45,0.05,1595.73
S009557,2026-03-19,C0070,P087,ST012,5,15796.77,0.02,11513.07
S009558,2025-09-03,C0139,P019,ST025,2,884.81,0.0,612.11
S009559,2025-05-02,C0974,P030,ST024,6,11540.67,0.02,9460.8
S009560,2025-08-23,C0680,P083,ST005,8,8820.61,0.0,7077.47
S009561,2026-07-08,C0672,P052,ST004,7,10115.57,0.05,8471.56
S009562,2025-03-27,C0742,P008,ST014,3,9988.17,0.05,6932.71
S009563,2025-03-07,C0831,P058,ST002,1,4671.66,0.02,3448.84
S009564,2025-07-28,C0679,P010,ST015,4,2441.52,0.0,1595.73
S009565,2026-03-29,C0089,P082,ST014,1,15992.48,0.05,11120.16
S009566,2025-11-16,C0896,P005,ST016,6,12429.64,0.05,8535.69
S009567,2026-12-12,C0788,P081,ST025,6,3355.16,0.0,2254.47
S009568,2025-04-02,C0353,P002,ST015,6,411.4,0.05,336.51
S009569,2026-06-05,C0374,P074,ST008,4,6034.4,0.05,5135.74
S009570,2025-09-29,C0784,P026,ST010,5,5474.48,0.05,3556.26
S009571,2026-02-28,C0623,P001,ST002,6,3280.76,0.05,2598.92
S009572,2025-06-13,C0222,P088,ST004,3,8146.8,0.05,5917.07
S009573,2025-04-12,C0706,P062,ST025,1,3482.84,0.0,2627.77
S009574,2025-07-14,C0358,P022,ST015,5,8205.16,0.0,5050.21
S009575,2025-05-05,C0346,P002,ST007,3,554.55,0.02,336.51
S009576,2026-02-24,C0484,P030,ST011,1,13581.39,0.0,9460.8
S009577,2026-01-16,C0732,P062,ST001,8,3154.84,0.0,2627.77
S009578,2025-04-18,C0158,P073,ST021,5,1594.43,0.05,1242.22
S009579,2026-06-21,C0664,P032,ST014,3,7469.08,0.02,5025.05
S009580,2025-05-22,C0682,P079,ST016,5,2272.23,0.02,1464.98
S009581,2026-05-02,C0534,P050,ST021,2,18213.31,0.0,11552.3
S009582,2026-12-04,C0737,P027,ST006,2,5940.09,0.0,3699.73
S009583,2026-04-17,C0411,P002,ST012,2,546.49,0.02,336.51
S009584,2026-09-26,C0162,P072,ST002,6,10239.43,0.1,7885.7
S009585,2026-10-30,C0936,P052,ST008,8,13934.9,0.05,8471.56
S009586,2025-02-06,C0976,P015,ST002,3,10895.79,0.0,7707.94
S009587,2025-05-13,C0708,P015,ST020,8,11446.43,0.0,7707.94
S009588,2025-11-07,C0740,P085,ST016,7,10183.13,0.05,7193.26
S009589,2026-12-01,C0488,P041,ST003,3,2436.71,0.15,2039.67
S009590,2026-09-07,C0496,P022,ST005,1,6666.04,0.02,5050.21
S009591,2026-04-06,C0528,P064,ST024,5,11523.99,0.0,7055.83
S009592,2026-03-01,C0390,P032,ST009,7,7272.46,0.0,5025.05
S009593,2026-05-14,C0392,P025,ST019,4,1475.64,0.0,935.06
S009594,2026-02-12,C0735,P046,ST021,7,10018.21,0.0,7655.82
S009595,2026-09-15,C0388,P042,ST022,8,9740.29,0.0,8431.76
S009596,2025-08-16,C0529,P070,ST006,7,10678.0,0.0,7620.88
S009597,2025-08-16,C0859,P034,ST024,2,3589.24,0.02,2211.93
S009598,2025-04-29,C0481,P020,ST021,7,6962.87,0.02,5381.43
S009599,2025-06-25,C0140,P024,ST022,3,3735.71,0.1,2998.79
S009600,2026-10-15,C0350,P001,ST014,5,3705.29,0.0,2598.92
S009601,2025-04-02,C0688,P065,ST005,4,2835.48,0.05,2327.08
S009602,2026-08-26,C0321,P053,ST015,5,4781.98,0.05,3373.97
S009603,2025-05-17,C0472,P009,ST014,3,2553.06,0.05,1892.61
S009604,2025-07-23,C0144,P047,ST002,3,5318.77,0.0,4501.3
S009605,2025-01-17,C0025,P085,ST013,1,8371.59,0.02,7193.26
S009606,2025-05-10,C0619,P007,ST001,5,7463.45,0.0,5642.26
S009607,2026-09-28,C0165,P046,ST023,4,10323.5,0.05,7655.82
S009608,2026-07-21,C0820,P007,ST013,1,6633.23,0.0,5642.26
S009609,2026-01-13,C0477,P025,ST021,2,1345.73,0.05,935.06
S009610,2025-10-16,C0358,P015,ST014,4,10128.74,0.0,7707.94
S009611,2026-01-16,C0399,P081,ST004,7,3523.12,0.0,2254.47
S009612,2026-12-13,C0171,P087,ST010,5,13784.66,0.1,11513.07
S009613,2025-10-06,C0313,P088,ST020,6,8014.11,0.0,5917.07
S009614,2026-09-17,C0847,P052,ST006,5,13464.24,0.0,8471.56
S009615,2025-03-21,C0973,P042,ST014,8,11977.63,0.0,8431.76
S009616,2025-05-14,C0388,P023,ST024,5,12565.47,0.05,10277.49
S009617,2026-05-02,C0033,P066,ST005,2,15415.48,0.02,10315.22
S009618,2025-01-18,C0802,P048,ST022,5,1715.08,0.05,1279.89
S009619,2026-04-18,C0839,P033,ST010,6,14773.14,0.05,9814.74
S009620,2025-11-07,C0910,P064,ST005,1,8682.03,0.02,7055.83
S009621,2026-08-03,C0924,P009,ST017,6,3111.99,0.0,1892.61
S009622,2025-08-03,C0406,P014,ST013,2,10705.11,0.0,9238.74
S009623,2026-12-14,C0651,P035,ST005,5,698.77,0.0,516.87
S009624,2025-06-19,C0906,P003,ST009,3,11816.37,0.05,9496.36
S009625,2026-11-22,C0877,P051,ST021,5,17121.96,0.05,10925.82
S009626,2025-09-09,C0400,P013,ST024,4,7933.68,0.0,6891.52
S009627,2026-07-16,C0269,P023,ST004,1,16041.19,0.0,10277.49
S009628,2026-11-08,C0021,P023,ST005,5,13753.76,0.05,10277.49
S009629,2025-09-15,C0323,P045,ST025,4,6054.73,0.02,3792.77
S009630,2025-05-10,C0426,P014,ST020,6,12333.33,0.0,9238.74
S009631,2025-10-31,C0391,P017,ST019,4,9540.85,0.0,6820.68
S009632,2025-01-29,C0742,P073,ST016,8,2017.76,0.0,1242.22
S009633,2025-01-01,C0112,P011,ST024,6,9661.0,0.05,8103.73
S009634,2025-09-16,C0225,P014,ST015,6,14147.69,0.02,9238.74
S009635,2025-02-15,C0243,P030,ST020,5,13055.21,0.05,9460.8
S009636,2025-04-19,C0089,P009,ST017,7,2418.42,0.05,1892.61
S009637,2026-12-20,C0087,P036,ST003,5,1810.65,0.0,1308.06
S009638,2025-12-06,C0542,P043,ST003,3,6773.52,0.0,5492.34
S009639,2026-11-18,C0964,P012,ST023,1,7381.86,0.05,5785.38
S009640,2025-10-16,C0327,P003,ST017,3,15521.85,0.15,9496.36
S009641,2026-07-05,C0450,P063,ST004,1,6288.17,0.0,3844.99
S009642,2026-10-12,C0740,P025,ST016,3,1365.93,0.02,935.06
S009643,2025-06-26,C0723,P083,ST018,3,8927.65,0.05,7077.47
S009644,2025-03-24,C0338,P026,ST017,5,5481.6,0.05,3556.26
S009645,2026-05-08,C0509,P015,ST020,1,12223.74,0.02,7707.94
S009646,2025-01-23,C0620,P011,ST013,1,12186.89,0.0,8103.73
S009647,2026-05-30,C0853,P006,ST020,5,12454.66,0.0,9423.57
S009648,2025-03-02,C0990,P047,ST024,4,6231.69,0.0,4501.3
S009649,2025-04-14,C0347,P006,ST013,6,15462.0,0.0,9423.57
S009650,2026-04-04,C0796,P086,ST005,8,846.32,0.05,517.95
S009651,2026-04-24,C0533,P032,ST022,6,7444.33,0.0,5025.05
S009652,2026-03-03,C0320,P048,ST016,3,1513.92,0.02,1279.89
S009653,2026-05-07,C0198,P059,ST020,8,2008.85,0.0,1382.59
S009654,2026-04-02,C0001,P011,ST011,2,13019.85,0.1,8103.73
S009655,2025-04-30,C0325,P035,ST015,5,611.45,0.0,516.87
S009656,2026-12-05,C0608,P050,ST012,5,18953.28,0.05,11552.3
S009657,2025-01-05,C0404,P065,ST024,3,3475.27,0.02,2327.08
S009658,2026-11-08,C0567,P016,ST020,8,8121.23,0.05,6754.56
S009659,2025-12-04,C0002,P060,ST010,2,14652.96,0.05,10855.58
S009660,2026-03-17,C0505,P041,ST015,2,2996.34,0.0,2039.67
S009661,2025-01-10,C0098,P082,ST021,1,14215.9,0.0,11120.16
S009662,2025-02-26,C0762,P084,ST003,1,6144.92,0.02,4325.72
S009663,2025-06-14,C0649,P058,ST019,2,4834.41,0.05,3448.84
S009664,2026-02-02,C0470,P028,ST010,4,9333.27,0.0,8027.52
S009665,2026-10-16,C0669,P053,ST010,3,5504.12,0.0,3373.97
S009666,2026-05-07,C0563,P046,ST001,7,9992.84,0.02,7655.82
S009667,2025-07-20,C0938,P036,ST011,8,1520.12,0.0,1308.06
S009668,2025-02-15,C0907,P060,ST005,2,12825.87,0.05,10855.58
S009669,2025-04-11,C0084,P006,ST024,4,11348.33,0.0,9423.57
S009670,2026-06-29,C0943,P008,ST025,6,9911.35,0.0,6932.71
S009671,2026-05-22,C0204,P006,ST014,4,14156.33,0.05,9423.57
S009672,2025-10-15,C0703,P053,ST013,1,5159.81,0.1,3373.97
S009673,2026-05-02,C0022,P008,ST023,2,9752.12,0.02,6932.71
S009674,2025-03-13,C0870,P019,ST013,3,861.38,0.0,612.11
S009675,2026-02-05,C0782,P011,ST024,3,12928.22,0.0,8103.73
S009676,2026-10-22,C0788,P045,ST025,3,4787.81,0.02,3792.77
S009677,2025-11-18,C0041,P036,ST024,5,1847.37,0.02,1308.06
S009678,2025-06-27,C0023,P067,ST003,2,10615.93,0.02,9162.6
S009679,2026-03-02,C0633,P065,ST017,7,3612.81,0.02,2327.08
S009680,2025-06-01,C0094,P088,ST016,8,8856.21,0.05,5917.07
S009681,2026-07-03,C0197,P002,ST002,1,534.85,0.05,336.51
S009682,2026-02-17,C0016,P030,ST019,6,12528.98,0.0,9460.8
S009683,2025-02-19,C0076,P052,ST021,4,10441.48,0.0,8471.56
S009684,2026-06-13,C0515,P005,ST022,5,12300.16,0.05,8535.69
S009685,2026-09-09,C0353,P061,ST017,3,7618.0,0.05,5605.37
S009686,2025-05-08,C0517,P028,ST023,3,13021.72,0.0,8027.52
S009687,2025-07-08,C0636,P071,ST025,5,8633.49,0.05,7113.15
S009688,2026-03-12,C0076,P046,ST021,8,9897.47,0.02,7655.82
S009689,2026-08-02,C0438,P002,ST016,7,507.26,0.0,336.51
S009690,2026-01-31,C0155,P058,ST023,4,4891.42,0.02,3448.84
S009691,2026-04-27,C0340,P037,ST008,2,11139.11,0.02,8737.72
S009692,2025-08-16,C0350,P056,ST016,4,9975.48,0.05,8673.46
S009693,2025-02-11,C0730,P019,ST002,8,1005.13,0.15,612.11
S009694,2026-08-10,C0602,P074,ST002,3,8049.85,0.05,5135.74
S009695,2025-03-09,C0887,P050,ST025,4,13538.11,0.0,11552.3
S009696,2026-01-20,C0661,P083,ST021,8,9822.2,0.0,7077.47
S009697,2026-09-28,C0547,P012,ST010,3,7061.96,0.0,5785.38
S009698,2026-12-02,C0465,P024,ST025,5,4524.12,0.02,2998.79
S009699,2026-07-07,C0202,P054,ST023,3,13582.3,0.02,11637.82
S009700,2025-02-04,C0394,P025,ST014,4,1102.06,0.0,935.06
S009701,2026-02-09,C0379,P067,ST002,5,11162.17,0.02,9162.6
S009702,2026-03-16,C0945,P013,ST023,1,8577.02,0.02,6891.52
S009703,2026-12-04,C0108,P015,ST006,5,11817.95,0.05,7707.94
S009704,2026-12-12,C0923,P071,ST002,2,11344.51,0.15,7113.15
S009705,2025-10-18,C0004,P082,ST015,7,14555.65,0.0,11120.16
S009706,2026-08-19,C0644,P078,ST017,5,2615.35,0.0,1948.16
S009707,2026-04-25,C0456,P009,ST001,2,2202.44,0.0,1892.61
S009708,2025-10-23,C0978,P023,ST018,4,16614.85,0.0,10277.49
S009709,2025-03-22,C0847,P061,ST009,2,8407.61,0.1,5605.37
S009710,2026-12-24,C0053,P063,ST002,3,6118.9,0.02,3844.99
S009711,2025-05-02,C0015,P016,ST005,4,8301.21,0.02,6754.56
S009712,2026-07-08,C0171,P068,ST011,2,11738.16,0.0,8703.69
S009713,2025-04-03,C0579,P015,ST017,6,10873.24,0.0,7707.94
S009714,2026-07-03,C0622,P072,ST002,4,9393.83,0.0,7885.7
S009715,2025-09-10,C0072,P010,ST014,6,2119.49,0.0,1595.73
S009716,2026-06-19,C0011,P056,ST022,1,11003.5,0.02,8673.46
S009717,2026-10-18,C0275,P050,ST004,7,18799.43,0.05,11552.3
S009718,2025-05-22,C0822,P085,ST010,4,9009.13,0.02,7193.26
S009719,2025-06-03,C0418,P057,ST011,7,7015.43,0.0,5530.0
S009720,2026-10-27,C0719,P049,ST008,1,2532.27,0.05,1636.57
S009721,2026-05-07,C0567,P009,ST021,2,2698.53,0.0,1892.61
S009722,2025-05-29,C0857,P034,ST015,4,3018.72,0.0,2211.93
S009723,2025-07-16,C0352,P032,ST015,7,6460.44,0.05,5025.05
S009724,2025-11-25,C0846,P001,ST023,1,3288.82,0.05,2598.92
S009725,2026-12-11,C0135,P027,ST018,3,5636.19,0.05,3699.73
S009726,2025-07-28,C0410,P017,ST013,1,10070.8,0.0,6820.68
S009727,2025-06-04,C0664,P066,ST015,5,13168.8,0.0,10315.22
S009728,2025-12-05,C0707,P079,ST009,8,2402.55,0.05,1464.98
S009729,2025-02-20,C0300,P078,ST016,2,3099.71,0.02,1948.16
S009730,2025-10-12,C0573,P055,ST021,2,13147.28,0.0,9400.32
S009731,2026-12-21,C0590,P054,ST010,2,18189.62,0.0,11637.82
S009732,2026-10-06,C0738,P041,ST007,5,2700.83,0.1,2039.67
S009733,2026-10-09,C0128,P073,ST005,3,1982.86,0.05,1242.22
S009734,2025-06-04,C0461,P031,ST012,1,9989.71,0.0,8055.68
S009735,2025-07-23,C0019,P056,ST020,5,11568.98,0.0,8673.46
S009736,2025-06-08,C0678,P058,ST011,3,5291.56,0.05,3448.84
S009737,2026-05-18,C0656,P030,ST007,5,15174.46,0.0,9460.8
S009738,2026-02-06,C0335,P039,ST001,5,2814.75,0.0,2144.94
S009739,2025-02-03,C0608,P018,ST011,1,6072.83,0.1,3821.41
S009740,2026-03-17,C0479,P038,ST003,3,7614.06,0.0,5677.06
S009741,2025-07-21,C0308,P013,ST015,6,8513.07,0.0,6891.52
S009742,2025-08-21,C0698,P027,ST024,8,5504.12,0.0,3699.73
S009743,2026-03-19,C0862,P057,ST011,1,8334.41,0.0,5530.0
S009744,2026-09-26,C0575,P012,ST019,2,7736.0,0.1,5785.38
S009745,2026-04-04,C0030,P024,ST023,8,3942.69,0.0,2998.79
S009746,2026-06-16,C0830,P068,ST003,7,11289.38,0.05,8703.69
S009747,2025-06-24,C0507,P049,ST001,4,2527.26,0.05,1636.57
S009748,2026-12-18,C0382,P010,ST009,6,2613.33,0.0,1595.73
S009749,2026-06-10,C0748,P034,ST002,1,2814.92,0.05,2211.93
S009750,2026-01-13,C0337,P051,ST012,8,14014.26,0.05,10925.82
S009751,2025-04-06,C0432,P045,ST025,8,6050.19,0.02,3792.77
S009752,2025-05-26,C0563,P069,ST003,1,7053.35,0.05,5327.09
S009753,2026-12-21,C0499,P086,ST018,7,665.93,0.05,517.95
S009754,2026-03-02,C0058,P017,ST024,2,9043.68,0.0,6820.68
S009755,2026-11-13,C0021,P001,ST002,7,4061.51,0.02,2598.92
S009756,2025-05-13,C0911,P049,ST020,8,2588.61,0.0,1636.57
S009757,2026-04-04,C0081,P043,ST009,1,6535.61,0.0,5492.34
S009758,2025-11-12,C0577,P069,ST015,6,7097.43,0.0,5327.09
S009759,2026-09-09,C0650,P060,ST015,3,16885.65,0.05,10855.58
S009760,2026-06-04,C0388,P076,ST023,3,7066.5,0.02,6054.39
S009761,2025-07-04,C0841,P057,ST022,7,6978.34,0.05,5530.0
S009762,2026-03-09,C0152,P047,ST003,3,6491.98,0.0,4501.3
S009763,2025-07-22,C0245,P008,ST008,3,9193.28,0.05,6932.71
S009764,2025-04-30,C0281,P027,ST015,1,4992.88,0.0,3699.73
S009765,2026-09-25,C0462,P074,ST020,3,7480.19,0.05,5135.74
S009766,2026-05-05,C0371,P077,ST003,6,5610.62,0.02,4125.87
S009767,2025-06-18,C0076,P072,ST020,5,12763.6,0.02,7885.7
S009768,2025-10-20,C0482,P032,ST012,5,7736.98,0.1,5025.05
S009769,2025-10-13,C0040,P031,ST018,8,10501.4,0.05,8055.68
S009770,2026-01-13,C0989,P050,ST014,7,16015.79,0.0,11552.3
S009771,2026-07-31,C0260,P029,ST012,3,8500.4,0.05,6795.13
S009772,2026-12-25,C0420,P055,ST011,6,15147.81,0.05,9400.32
S009773,2025-02-08,C0134,P004,ST016,8,11450.12,0.02,8062.0
S009774,2025-04-05,C0619,P075,ST004,4,914.46,0.05,738.97
S009775,2025-02-18,C0054,P088,ST022,6,7726.12,0.0,5917.07
S009776,2025-05-27,C0942,P084,ST022,5,6969.67,0.1,4325.72
S009777,2025-03-13,C0234,P039,ST007,7,2988.87,0.15,2144.94
S009778,2025-10-29,C0180,P077,ST022,7,5214.32,0.05,4125.87
S009779,2025-07-08,C0598,P048,ST006,7,1748.25,0.1,1279.89
S009780,2026-05-03,C0727,P034,ST024,2,2955.29,0.0,2211.93
S009781,2026-08-09,C0123,P020,ST008,2,8530.0,0.15,5381.43
S009782,2025-05-16,C0156,P055,ST022,7,11879.88,0.02,9400.32
S009783,2025-06-20,C0370,P025,ST005,5,1404.95,0.02,935.06
S009784,2025-10-27,C0796,P030,ST002,1,13585.0,0.0,9460.8
S009785,2025-08-21,C0235,P028,ST003,5,12344.15,0.02,8027.52
S009786,2025-03-18,C0669,P090,ST013,1,1542.76,0.02,1222.08
S009787,2025-02-05,C0665,P015,ST003,3,12376.98,0.02,7707.94
S009788,2025-01-16,C0014,P023,ST010,4,16379.99,0.0,10277.49
S009789,2026-10-07,C0653,P089,ST006,3,13455.22,0.0,9447.14
S009790,2026-09-16,C0230,P027,ST022,7,5504.34,0.02,3699.73
S009791,2026-10-29,C0748,P013,ST001,7,10160.68,0.02,6891.52
S009792,2026-06-17,C0572,P018,ST019,7,5624.78,0.0,3821.41
S009793,2025-02-05,C0774,P003,ST024,2,11981.13,0.05,9496.36
S009794,2026-02-11,C0564,P038,ST022,2,7964.6,0.02,5677.06
S009795,2026-07-17,C0484,P004,ST011,4,13176.6,0.0,8062.0
S009796,2025-05-31,C0424,P068,ST014,3,13302.93,0.05,8703.69
S009797,2025-01-15,C0966,P058,ST018,5,5622.68,0.05,3448.84
S009798,2026-01-03,C0650,P008,ST014,6,9590.69,0.05,6932.71
S009799,2026-07-06,C0740,P080,ST016,7,9956.07,0.05,7154.82
S009800,2026-12-16,C0286,P004,ST018,7,12136.04,0.1,8062.0
S009801,2025-06-08,C0924,P064,ST016,3,10254.69,0.02,7055.83
S009802,2025-03-11,C0508,P005,ST011,3,11041.97,0.05,8535.69
S009803,2026-09-24,C0339,P023,ST014,5,12203.5,0.0,10277.49
S009804,2026-07-14,C0367,P033,ST007,2,15422.34,0.05,9814.74
S009805,2026-10-03,C0425,P054,ST017,5,17218.23,0.05,11637.82
S009806,2025-10-04,C0546,P016,ST007,4,8522.65,0.0,6754.56
S009807,2025-08-12,C0162,P065,ST002,5,3500.4,0.02,2327.08
S009808,2025-09-12,C0447,P079,ST004,6,1818.96,0.15,1464.98
S009809,2026-11-16,C0648,P070,ST009,4,10547.03,0.02,7620.88
S009810,2025-06-30,C0295,P017,ST004,3,9328.26,0.05,6820.68
S009811,2026-03-28,C0357,P008,ST013,5,11390.52,0.0,6932.71
S009812,2025-06-08,C0632,P025,ST015,2,1277.26,0.02,935.06
S009813,2026-11-06,C0883,P050,ST025,8,16771.49,0.0,11552.3
S009814,2025-07-02,C0914,P025,ST004,3,1488.32,0.05,935.06
S009815,2026-03-25,C0585,P087,ST005,8,17875.72,0.02,11513.07
S009816,2026-12-25,C0700,P046,ST011,1,12330.15,0.0,7655.82
S009817,2025-03-22,C0807,P073,ST018,1,1940.23,0.05,1242.22
S009818,2026-12-09,C0690,P083,ST001,5,8287.3,0.15,7077.47
S009819,2026-02-15,C0318,P072,ST012,8,10866.73,0.02,7885.7
S009820,2025-10-03,C0994,P028,ST019,2,11245.62,0.0,8027.52
S009821,2025-03-24,C0764,P050,ST013,7,17318.37,0.05,11552.3
S009822,2025-04-10,C0825,P044,ST024,6,5769.03,0.05,4727.0
S009823,2026-07-30,C0313,P069,ST018,3,7801.0,0.05,5327.09
S009824,2026-06-02,C0830,P046,ST002,5,9360.38,0.05,7655.82
S009825,2025-01-11,C0973,P062,ST017,3,3218.57,0.05,2627.77
S009826,2025-08-03,C0025,P078,ST013,4,2736.06,0.0,1948.16
S009827,2025-06-27,C0350,P011,ST015,8,13345.1,0.05,8103.73
S009828,2025-06-26,C0986,P086,ST013,4,803.71,0.0,517.95
S009829,2025-04-14,C0860,P026,ST008,8,5782.66,0.02,3556.26
S009830,2025-02-20,C0590,P023,ST010,5,13096.42,0.1,10277.49
S009831,2025-11-07,C0419,P012,ST017,8,6657.45,0.05,5785.38
S009832,2025-12-04,C0536,P015,ST009,8,12515.14,0.0,7707.94
S009833,2025-03-29,C0504,P081,ST003,7,3122.08,0.05,2254.47
S009834,2026-01-09,C0425,P067,ST016,5,14884.96,0.05,9162.6
S009835,2026-01-22,C0092,P020,ST009,8,7747.64,0.05,5381.43
S009836,2026-12-07,C0072,P086,ST017,8,717.26,0.15,517.95
S009837,2025-05-20,C0786,P030,ST005,2,12672.42,0.15,9460.8
S009838,2025-06-03,C0432,P021,ST025,7,4233.64,0.0,2771.37
S009839,2025-02-28,C0089,P077,ST015,3,5291.28,0.1,4125.87
S009840,2026-03-23,C0555,P010,ST025,8,2358.19,0.02,1595.73
S009841,2025-01-27,C0703,P080,ST011,8,9696.04,0.0,7154.82
S009842,2026-12-17,C0050,P064,ST005,3,9320.68,0.02,7055.83
S009843,2026-03-04,C0901,P045,ST004,6,4802.58,0.05,3792.77
S009844,2026-11-20,C0014,P063,ST012,6,6224.11,0.0,3844.99
S009845,2026-03-22,C0464,P008,ST021,4,7995.85,0.02,6932.71
S009846,2025-09-19,C0337,P003,ST010,6,12319.2,0.05,9496.36
S009847,2026-05-21,C0662,P021,ST008,6,4096.72,0.1,2771.37
S009848,2025-12-28,C0798,P026,ST003,5,5829.23,0.0,3556.26
S009849,2026-06-28,C0291,P035,ST025,7,693.33,0.05,516.87
S009850,2025-07-11,C0470,P035,ST013,1,686.41,0.02,516.87
S009851,2026-08-23,C0559,P086,ST017,6,728.76,0.05,517.95
S009852,2026-11-29,C0718,P020,ST024,7,8193.84,0.05,5381.43
S009853,2026-09-24,C0716,P079,ST012,6,1801.34,0.05,1464.98
S009854,2026-04-29,C0293,P035,ST019,2,762.09,0.05,516.87
S009855,2025-02-15,C0765,P088,ST024,3,7332.78,0.0,5917.07
S009856,2025-10-26,C0980,P024,ST022,4,3962.58,0.05,2998.79
S009857,2026-07-29,C0147,P059,ST002,4,2090.66,0.02,1382.59
S009858,2026-10-02,C0145,P009,ST017,2,2427.67,0.02,1892.61
S009859,2026-05-27,C0334,P052,ST004,8,11844.81,0.0,8471.56
S009860,2025-09-25,C0478,P017,ST008,6,8144.65,0.02,6820.68
S009861,2025-06-09,C0724,P061,ST016,6,8635.41,0.05,5605.37
S009862,2026-11-05,C0871,P007,ST015,8,8856.51,0.05,5642.26
S009863,2025-09-02,C0743,P030,ST022,2,11700.47,0.0,9460.8
S009864,2026-11-26,C0174,P066,ST006,7,14103.46,0.05,10315.22
S009865,2025-02-13,C0166,P037,ST013,4,11936.36,0.05,8737.72
S009866,2026-10-17,C0865,P057,ST014,2,7473.03,0.0,5530.0
S009867,2025-12-15,C0939,P072,ST014,3,9306.43,0.05,7885.7
S009868,2025-02-10,C0679,P048,ST017,4,1702.7,0.0,1279.89
S009869,2025-09-24,C0619,P047,ST002,3,7124.13,0.02,4501.3
S009870,2026-03-26,C0172,P016,ST007,3,10418.99,0.05,6754.56
S009871,2025-12-29,C0817,P038,ST020,4,9060.95,0.0,5677.06
S009872,2025-02-19,C0079,P087,ST024,5,17522.67,0.02,11513.07
S009873,2025-06-17,C0353,P038,ST016,6,8753.22,0.05,5677.06
S009874,2026-08-17,C0028,P018,ST018,5,5895.19,0.0,3821.41
S009875,2025-01-14,C0897,P082,ST007,5,18282.29,0.02,11120.16
S009876,2026-09-07,C0119,P014,ST005,1,13886.44,0.05,9238.74
S009877,2026-02-18,C0471,P039,ST011,4,2666.21,0.0,2144.94
S009878,2026-09-06,C0966,P066,ST020,5,15846.12,0.1,10315.22
S009879,2026-01-31,C0908,P043,ST021,6,8052.45,0.1,5492.34
S009880,2026-04-19,C0129,P030,ST001,6,14961.42,0.02,9460.8
S009881,2025-04-18,C0263,P023,ST018,5,11949.67,0.02,10277.49
S009882,2025-03-06,C0055,P089,ST001,5,12638.03,0.0,9447.14
S009883,2026-02-21,C0648,P067,ST006,4,13860.98,0.05,9162.6
S009884,2025-10-04,C0793,P034,ST008,6,3369.42,0.05,2211.93
S009885,2025-05-27,C0608,P006,ST012,4,14796.15,0.05,9423.57
S009886,2026-12-13,C0632,P022,ST014,5,6046.16,0.0,5050.21
S009887,2026-05-16,C0229,P072,ST009,5,10638.39,0.0,7885.7
S009888,2026-03-18,C0867,P087,ST024,7,17920.66,0.02,11513.07
S009889,2025-11-02,C0822,P052,ST012,5,11276.83,0.02,8471.56
S009890,2025-05-21,C0644,P050,ST017,4,14178.16,0.02,11552.3
S009891,2026-12-18,C0168,P059,ST014,5,1750.7,0.05,1382.59
S009892,2026-09-16,C0430,P061,ST012,6,8896.48,0.02,5605.37
S009893,2026-12-24,C0463,P001,ST022,2,4013.37,0.0,2598.92
S009894,2026-10-28,C0644,P009,ST015,5,3095.08,0.0,1892.61
S009895,2026-10-10,C0932,P048,ST016,2,1992.58,0.05,1279.89
S009896,2025-06-11,C0550,P075,ST012,8,1192.2,0.05,738.97
S009897,2025-04-01,C0036,P081,ST004,8,3235.25,0.15,2254.47
S009898,2025-08-12,C0242,P050,ST024,2,18206.04,0.0,11552.3
S009899,2026-02-01,C0586,P030,ST005,5,13152.71,0.02,9460.8
S009900,2026-06-23,C0934,P059,ST024,7,2027.45,0.0,1382.59
S009901,2026-08-01,C0368,P023,ST022,4,13157.6,0.05,10277.49
S009902,2026-11-22,C0898,P085,ST009,2,9097.43,0.0,7193.26
S009903,2026-04-13,C0529,P046,ST009,8,9364.33,0.02,7655.82
S009904,2025-03-04,C0152,P012,ST005,7,7585.94,0.0,5785.38
S009905,2025-05-03,C0954,P028,ST004,7,10096.82,0.0,8027.52
S009906,2025-04-17,C0440,P017,ST008,5,9966.97,0.1,6820.68
S009907,2026-03-29,C0852,P018,ST018,7,5788.5,0.05,3821.41
S009908,2025-11-24,C0176,P080,ST008,7,8931.53,0.0,7154.82
S009909,2025-06-26,C0392,P088,ST019,5,9673.86,0.02,5917.07
S009910,2026-10-12,C0384,P029,ST015,2,9420.15,0.05,6795.13
S009911,2025-05-11,C0305,P029,ST002,3,8434.65,0.0,6795.13
S009912,2026-11-07,C0943,P053,ST024,3,5281.8,0.0,3373.97
S009913,2026-02-04,C0737,P017,ST007,7,9260.3,0.05,6820.68
S009914,2025-02-15,C0512,P085,ST025,4,9007.53,0.05,7193.26
S009915,2025-06-03,C0652,P003,ST007,8,15395.93,0.0,9496.36
S009916,2026-12-06,C0248,P064,ST022,5,9622.09,0.1,7055.83
S009917,2026-01-28,C0700,P013,ST011,3,8315.48,0.02,6891.52
S009918,2026-02-04,C0593,P077,ST001,8,5349.93,0.05,4125.87
S009919,2025-01-25,C0999,P079,ST001,4,1861.13,0.0,1464.98
S009920,2025-08-20,C0799,P072,ST022,1,11504.74,0.0,7885.7
S009921,2025-10-25,C0853,P087,ST018,6,16807.44,0.02,11513.07
S009922,2025-07-20,C0458,P066,ST014,1,12916.52,0.05,10315.22
S009923,2026-01-30,C0662,P001,ST009,8,3858.98,0.15,2598.92
S009924,2025-08-23,C0869,P029,ST019,7,10971.81,0.05,6795.13
S009925,2026-11-13,C0356,P049,ST013,1,1883.8,0.02,1636.57
S009926,2026-11-21,C0782,P025,ST025,1,1460.18,0.05,935.06
S009927,2026-08-30,C0766,P075,ST014,1,1198.26,0.0,738.97
S009928,2025-04-15,C0038,P070,ST024,5,11565.61,0.05,7620.88
S009929,2026-01-31,C0952,P071,ST014,5,11203.92,0.0,7113.15
S009930,2026-03-20,C0988,P066,ST020,8,16479.96,0.02,10315.22
S009931,2025-12-08,C0718,P013,ST024,4,9299.13,0.1,6891.52
S009932,2025-02-26,C0974,P032,ST022,4,7668.03,0.02,5025.05
S009933,2026-01-31,C0162,P059,ST003,4,2043.61,0.0,1382.59
S009934,2025-04-18,C0281,P074,ST014,6,7100.01,0.05,5135.74
S009935,2025-12-22,C0477,P027,ST018,5,4374.33,0.05,3699.73
S009936,2026-07-22,C0393,P061,ST007,3,7911.03,0.1,5605.37
S009937,2026-09-13,C0183,P090,ST007,8,1559.44,0.05,1222.08
S009938,2026-03-06,C0738,P034,ST008,5,2688.14,0.05,2211.93
S009939,2026-02-19,C0795,P069,ST021,7,7141.83,0.02,5327.09
S009940,2026-07-06,C0637,P050,ST014,2,16775.24,0.0,11552.3
S009941,2026-11-14,C0584,P011,ST022,3,10218.8,0.1,8103.73
S009942,2026-07-18,C0659,P079,ST019,4,1716.69,0.05,1464.98
S009943,2026-06-26,C0097,P072,ST010,7,11777.42,0.0,7885.7
S009944,2026-08-02,C0147,P040,ST001,4,8445.98,0.05,6137.28
S009945,2025-11-21,C0558,P045,ST014,5,5317.93,0.1,3792.77
S009946,2025-12-17,C0144,P012,ST003,1,7294.93,0.0,5785.38
S009947,2026-09-22,C0134,P076,ST016,8,9984.58,0.0,6054.39
S009948,2026-06-05,C0203,P006,ST020,1,13963.8,0.02,9423.57
S009949,2025-04-17,C0930,P029,ST008,3,8070.95,0.0,6795.13
S009950,2026-10-14,C0520,P004,ST006,4,12042.71,0.05,8062.0
S009951,2025-05-13,C0660,P076,ST021,8,9584.32,0.05,6054.39
S009952,2025-10-19,C0870,P005,ST012,4,9925.16,0.05,8535.69
S009953,2025-12-02,C0086,P084,ST025,4,6033.41,0.1,4325.72
S009954,2025-04-21,C0408,P037,ST004,5,14406.75,0.02,8737.72
S009955,2025-07-20,C0395,P004,ST005,7,11345.67,0.1,8062.0
S009956,2025-12-03,C0742,P074,ST015,1,8003.57,0.0,5135.74
S009957,2025-01-06,C0688,P050,ST001,3,15112.97,0.02,11552.3
S009958,2026-01-22,C0903,P082,ST014,6,14692.02,0.1,11120.16
S009959,2026-10-11,C0010,P016,ST005,7,8552.93,0.0,6754.56
S009960,2025-06-20,C0301,P075,ST024,5,932.13,0.0,738.97
S009961,2026-08-11,C0196,P038,ST017,2,7232.68,0.05,5677.06
S009962,2026-04-22,C0975,P065,ST025,3,3420.07,0.05,2327.08
S009963,2026-08-12,C0783,P027,ST014,1,5450.8,0.02,3699.73
S009964,2025-06-06,C0814,P021,ST005,1,3232.42,0.02,2771.37
S009965,2026-08-03,C0937,P058,ST012,2,4978.9,0.05,3448.84
S009966,2025-03-25,C0898,P011,ST008,8,11420.06,0.1,8103.73
S009967,2026-08-19,C0325,P007,ST014,8,6495.95,0.0,5642.26
S009968,2026-12-12,C0025,P049,ST011,5,2346.38,0.05,1636.57
S009969,2025-06-21,C0305,P002,ST004,6,395.65,0.0,336.51
S009970,2025-07-13,C0259,P057,ST012,8,8580.87,0.02,5530.0
S009971,2026-08-19,C0937,P084,ST010,6,6784.82,0.1,4325.72
S009972,2026-04-29,C0176,P083,ST009,1,9088.38,0.05,7077.47
S009973,2025-03-26,C0943,P028,ST023,2,11889.51,0.05,8027.52
S009974,2026-09-13,C0761,P008,ST012,5,10307.54,0.05,6932.71
S009975,2025-08-29,C0674,P004,ST015,8,11677.71,0.1,8062.0
S009976,2026-01-08,C0010,P066,ST005,1,13760.19,0.05,10315.22
S009977,2026-03-16,C0700,P028,ST013,8,11256.04,0.05,8027.52
S009978,2026-05-22,C0434,P027,ST018,6,4283.52,0.0,3699.73
S009979,2026-01-17,C0286,P003,ST018,6,12660.21,0.05,9496.36
S009980,2025-09-04,C0770,P074,ST008,7,6625.5,0.0,5135.74
S009981,2026-10-04,C0827,P004,ST025,8,9352.43,0.02,8062.0
S009982,2026-08-18,C0648,P063,ST009,4,5507.38,0.0,3844.99
S009983,2026-08-03,C0979,P050,ST004,5,16452.93,0.02,11552.3
S009984,2026-08-28,C0990,P037,ST024,4,11732.49,0.0,8737.72
S009985,2025-06-19,C0708,P007,ST020,8,6648.72,0.0,5642.26
S009986,2025-04-10,C0451,P018,ST023,1,5180.77,0.02,3821.41
S009987,2025-05-27,C0495,P005,ST003,8,12592.42,0.05,8535.69
S009988,2025-08-18,C0168,P053,ST016,1,4195.34,0.1,3373.97
S009989,2026-10-18,C0969,P047,ST024,7,5472.23,0.05,4501.3
S009990,2026-10-21,C0641,P030,ST003,4,14369.97,0.02,9460.8
S009991,2026-04-07,C0465,P013,ST022,5,9228.16,0.0,6891.52
S009992,2025-01-13,C0171,P050,ST013,1,15772.38,0.05,11552.3
S009993,2026-09-03,C0460,P033,ST014,3,13785.12,0.0,9814.74
S009994,2025-01-09,C0251,P054,ST015,4,14373.1,0.0,11637.82
S009995,2026-08-08,C0645,P055,ST024,6,13761.51,0.0,9400.32
S009996,2026-12-24,C0658,P007,ST005,7,9063.46,0.05,5642.26
S009997,2025-11-09,C0965,P058,ST004,4,4062.8,0.0,3448.84
S009998,2025-04-15,C0120,P073,ST016,4,2014.83,0.05,1242.22
S009999,2026-02-20,C0659,P073,ST018,3,1784.09,0.05,1242.22
S010000,2025-06-24,C0344,P063,ST006,4,5770.06,0.05,3844.99
S010001,2026-05-22,C0433,P057,ST010,2,8927.84,0.05,5530.0
S010002,2026-04-30,C0213,P061,ST014,6,9130.4,0.02,5605.37
S010003,2025-04-01,C0434,P049,ST020,8,2348.69,0.02,1636.57
S010004,2025-11-16,C0354,P050,ST007,7,16362.01,0.1,11552.3
S010005,2026-05-06,C0651,P070,ST001,7,11664.57,0.1,7620.88
S010006,2025-04-25,C0771,P032,ST020,5,6087.12,0.1,5025.05
S010007,2025-07-01,C0804,P003,ST009,2,14427.93,0.05,9496.36
S010008,2025-01-02,C0795,P083,ST019,5,10375.16,0.1,7077.47
S010009,2026-01-23,C0460,P032,ST017,8,8204.86,0.05,5025.05
S010010,2026-11-25,C0570,P041,ST011,8,3139.13,0.0,2039.67
S010011,2025-05-12,C0039,P066,ST024,5,13930.36,0.0,10315.22
S010012,2026-06-24,C0324,P075,ST009,3,1018.26,0.05,738.97
S010013,2026-12-11,C0606,P034,ST012,5,3393.65,0.05,2211.93
S010014,2025-07-01,C0355,P071,ST019,2,8962.74,0.05,7113.15
S010015,2026-06-22,C0218,P071,ST020,4,10863.45,0.02,7113.15
S010016,2026-09-28,C0266,P034,ST022,3,2857.52,0.0,2211.93
S010017,2025-01-25,C0443,P002,ST004,6,527.51,0.02,336.51
S010018,2025-05-24,C0350,P012,ST014,2,8359.49,0.15,5785.38
S010019,2025-03-28,C0367,P077,ST009,6,6368.14,0.05,4125.87
S010020,2026-11-17,C0310,P004,ST015,1,12240.49,0.1,8062.0
S010021,2025-07-29,C0049,P004,ST018,5,10855.3,0.15,8062.0
S010022,2025-04-12,C0070,P013,ST010,3,9826.9,0.0,6891.52
S010023,2025-07-08,C0524,P007,ST003,7,7296.91,0.0,5642.26
S010024,2026-01-03,C0454,P012,ST017,6,8587.94,0.05,5785.38
S010025,2026-11-06,C0783,P071,ST014,3,8858.41,0.05,7113.15
S010026,2025-02-15,C0328,P049,ST023,2,1904.19,0.1,1636.57
S010027,2026-03-26,C0750,P006,ST021,4,11848.03,0.0,9423.57
S010028,2025-08-11,C0272,P066,ST017,3,15506.48,0.1,10315.22
S010029,2025-11-10,C0224,P030,ST002,4,12327.07,,9460.8
S010030,2026-05-03,C0187,P024,ST019,5,3675.1,0.0,2998.79
S010031,2025-04-15,C0477,P031,ST019,7,11263.42,0.0,8055.68
S010032,2026-10-16,C0184,P014,ST011,8,11204.57,0.0,9238.74
S010033,2026-11-05,C0127,P089,ST008,1,14133.25,0.0,9447.14
S010034,2026-12-13,C0209,P046,ST014,1,9038.85,0.1,7655.82
S010035,2025-02-01,C0454,P018,ST016,6,4540.63,0.02,3821.41
S010036,2026-07-25,C0203,P032,ST020,4,6354.35,0.0,5025.05
S010037,2025-06-04,C0773,P083,ST024,8,10921.23,0.0,7077.47
S010038,2025-12-27,C0391,P084,ST020,2,5155.75,0.02,4325.72
S010039,2025-12-26,C0228,P068,ST019,1,11951.56,0.05,8703.69
S010040,2025-11-20,C0925,P060,ST006,2,14681.7,0.1,10855.58
S010041,2025-06-25,C0321,P072,ST014,6,12700.12,0.1,7885.7
S010042,2025-12-04,C0443,P050,ST001,1,16555.37,0.0,11552.3
S010043,2026-10-19,C0060,P039,ST007,1,3389.71,0.0,2144.94
S010044,2025-11-25,C0291,P046,ST024,6,11185.08,0.0,7655.82
S010045,2026-05-10,C0302,P025,ST005,2,1198.22,0.02,935.06
S010046,2026-10-14,C0927,P012,ST006,1,9171.95,0.05,5785.38
S010047,2026-10-01,C0110,P086,ST013,7,816.96,0.0,517.95
S010048,2025-02-24,C0372,P001,ST024,1,3632.37,0.0,2598.92
S010049,2025-03-14,C0080,P006,ST007,6,11609.16,0.05,9423.57
S010050,2025-08-11,C0631,P056,ST002,6,12906.17,0.0,8673.46
S010051,2026-11-03,C0747,P067,ST006,4,13423.66,0.0,9162.6
S010052,2025-12-18,C0379,P060,ST004,4,16241.85,0.1,10855.58
S010053,2025-02-28,C0327,P069,ST015,7,8549.73,0.05,5327.09
S010054,2026-04-15,C0236,P082,ST003,2,17858.39,0.05,11120.16
S010055,2026-07-17,C0005,P064,ST012,6,10966.86,0.02,7055.83
S010056,2025-07-25,C0845,P040,ST002,6,7856.39,0.1,6137.28
S010057,2025-04-28,C0821,P069,ST011,2,7237.06,0.05,5327.09
S010058,2025-07-06,C0718,P016,ST022,8,10462.21,0.0,6754.56
S010059,2026-04-21,C0827,P083,ST022,1,11325.58,0.05,7077.47
S010060,2026-11-28,C0794,P029,ST020,6,8900.65,0.05,6795.13
S010061,2025-11-05,C0367,P039,ST006,8,2651.31,0.05,2144.94
S010062,2025-09-08,C0480,P025,ST001,5,1310.04,0.05,935.06
S010063,2026-06-04,C0675,P046,ST005,4,12523.61,0.0,7655.82
S010064,2025-07-09,C0915,P073,ST007,1,1496.42,0.1,1242.22
S010065,2026-04-19,C0220,P030,ST017,1,11665.89,0.0,9460.8
S010066,2026-03-06,C0053,P030,ST002,3,11728.55,0.02,9460.8
S010067,2026-01-14,C0995,P035,ST022,7,625.61,0.15,516.87
S010068,2025-10-18,C0130,P024,ST005,3,4866.65,0.02,2998.79
S010069,2026-10-10,C0407,P065,ST009,7,3049.87,0.05,2327.08
S010070,2025-01-25,C0997,P040,ST013,8,8979.42,0.0,6137.28
S010071,2026-03-05,C0134,P085,ST014,8,8808.88,0.15,7193.26
S010072,2026-05-03,C0900,P032,ST004,2,7429.15,0.1,5025.05
S010073,2025-01-08,C0239,P084,ST006,5,5747.09,0.1,4325.72
S010074,2025-05-12,C0930,P067,ST007,1,14506.2,0.05,9162.6
S010075,2026-05-20,C0151,P042,ST022,3,12850.98,0.05,8431.76
S010076,2026-12-18,C0434,P078,ST021,4,2440.61,0.0,1948.16
S010077,2025-03-29,C0726,P054,ST023,4,15350.44,0.05,11637.82
S010078,2026-02-12,C0352,P041,ST014,7,2427.03,0.0,2039.67
S010079,2025-02-24,C0136,P003,ST008,6,14252.23,0.02,9496.36
S010080,2026-04-30,C0742,P025,ST015,8,1419.75,0.05,935.06
S010081,2026-02-14,C0256,P050,ST012,4,14695.17,0.0,11552.3
S010082,2025-07-30,C0516,P012,ST007,2,8005.12,0.05,5785.38
S010083,2026-01-09,C0508,P029,ST010,1,9497.87,0.0,6795.13
S010084,2025-11-23,C0605,P022,ST012,1,7035.25,0.05,5050.21
S010085,2026-07-20,C0880,P089,ST012,1,13004.24,0.0,9447.14
S010086,2025-04-24,C0900,P071,ST002,2,10034.61,0.02,7113.15
S010087,2026-02-08,C0522,P051,ST023,3,15769.1,0.05,10925.82
S010088,2025-12-06,C0031,P029,ST006,2,8615.29,0.02,6795.13
S010089,2026-06-06,C0004,P083,ST015,4,8781.21,0.02,7077.47
S010090,2026-02-18,C0444,P089,ST008,6,13872.31,0.05,9447.14
S010091,2026-10-10,C0041,P003,ST025,8,14979.77,0.0,9496.36
S010092,2026-07-11,C0747,P028,ST006,1,11409.24,0.0,8027.52
S010093,2025-12-09,C0060,P059,ST006,3,1704.78,0.05,1382.59
S010094,2025-10-21,C0489,P065,ST013,1,3631.13,0.15,2327.08
S010095,2025-11-30,C0341,P089,ST009,5,13057.69,0.1,9447.14
S010096,2026-12-28,C0791,P012,ST006,7,7007.56,0.05,5785.38
S010097,2026-12-29,C0565,P068,ST006,8,13420.75,0.1,8703.69
S010098,2025-06-22,C0489,P045,ST011,4,4637.98,0.0,3792.77
S010099,2026-08-19,C0207,P066,ST025,5,16060.84,0.05,10315.22
S010100,2026-07-16,C0451,P005,ST024,3,9932.4,0.05,8535.69
S010101,2025-06-19,C0788,P031,ST022,8,11592.21,0.05,8055.68
S010102,2026-01-11,C0669,P067,ST013,2,13682.82,0.05,9162.6
S010103,2025-01-08,C0383,P056,ST001,1,13813.04,0.1,8673.46
S010104,2025-11-01,C0589,P033,ST010,4,15890.4,0.0,9814.74
S010105,2025-08-14,C0811,P032,ST013,1,8025.75,0.0,5025.05
S010106,2025-04-23,C0742,P026,ST015,7,5275.42,0.0,3556.26
S010107,2025-11-29,C0337,P084,ST011,2,5018.53,0.05,4325.72
S010108,2025-09-25,C0650,P068,ST015,5,11588.38,0.0,8703.69
S010109,2025-12-31,C0167,P054,ST006,4,17942.18,0.05,11637.82
S010110,2026-12-29,C0574,P023,ST023,6,14398.33,0.05,10277.49
S010111,2026-07-20,C0327,P023,ST015,4,13080.2,0.02,10277.49
S010112,2026-02-16,C0826,P088,ST013,6,7604.48,0.05,5917.07
S010113,2026-02-14,C0531,P059,ST004,2,2016.61,0.1,1382.59
S010114,2025-08-18,C0139,P006,ST022,6,14056.77,0.05,9423.57
S010115,2025-01-24,C0086,P044,ST025,7,7080.92,0.02,4727.0
S010116,2025-04-10,C0810,P014,ST008,7,14011.11,0.02,9238.74
S010117,2026-10-07,C0008,P083,ST012,5,10214.92,0.05,7077.47
S010118,2025-11-15,C0115,P055,ST005,7,10880.64,0.15,9400.32
S010119,2025-05-07,C0425,P016,ST015,7,10619.94,0.0,6754.56
S010120,2026-07-27,C0044,P051,ST007,5,16064.05,0.0,10925.82
S010121,2025-05-15,C0922,P048,ST015,5,1993.96,0.0,1279.89
S010122,2026-09-23,C0674,P041,ST017,5,2821.13,0.0,2039.67
S010123,2026-04-13,C0708,P079,ST019,2,1706.27,0.05,1464.98
S010124,2025-05-31,C0962,P077,ST008,6,5266.06,0.1,4125.87
S010125,2025-04-26,C0973,P046,ST014,7,9036.43,0.05,7655.82
S010126,2025-02-11,C0787,P049,ST005,7,2651.87,0.02,1636.57
S010127,2025-04-29,C0339,P057,ST016,1,6367.35,0.05,5530.0
S010128,2025-10-05,C0037,P013,ST013,8,10832.97,0.0,6891.52
S010129,2026-09-05,C0800,P067,ST004,8,13509.85,0.0,9162.6
S010130,2026-02-01,C0861,P037,ST001,5,12518.83,0.15,8737.72
S010131,2025-05-28,C0198,P062,ST020,5,4323.93,0.05,2627.77
S010132,2026-09-25,C0807,P022,ST021,2,8013.03,0.1,5050.21
S010133,2025-09-03,C0094,P059,ST015,8,1966.7,0.0,1382.59
S010134,2026-04-01,C0653,P036,ST007,4,1855.16,0.1,1308.06
S010135,2025-04-03,C0803,P086,ST003,5,841.62,0.0,517.95
S010136,2026-02-19,C0061,P010,ST021,5,2255.45,0.05,1595.73
S010137,2025-05-05,C0696,P047,ST016,3,5904.37,0.0,4501.3
S010138,2026-10-21,C0766,P048,ST017,3,1832.21,0.05,1279.89
S010139,2025-01-05,C0382,P033,ST008,7,12658.74,0.0,9814.74
S010140,2025-01-30,C0021,P036,ST002,7,2083.31,0.0,1308.06
S010141,2026-09-02,C0532,P040,ST016,8,7134.48,0.05,6137.28
S010142,2025-04-04,C0063,P013,ST013,8,10646.22,0.05,6891.52
S010143,2026-07-06,C0463,P010,ST022,1,1999.76,0.02,1595.73
S010144,2026-04-03,C0369,P025,ST012,1,1418.74,0.0,935.06
S010145,2025-03-19,C0976,P080,ST004,8,8962.9,0.0,7154.82
S010146,2025-04-09,C0538,P025,ST010,7,1473.29,0.05,935.06
S010147,2026-04-30,C0025,P081,ST012,8,3595.02,0.0,2254.47
S010148,2026-07-15,C0573,P008,ST021,1,9780.27,0.1,6932.71
S010149,2026-12-10,C0117,P070,ST019,4,10281.15,0.15,7620.88
S010150,2025-08-20,C0267,P088,ST009,1,7955.55,0.05,5917.07
S010151,2025-04-15,C0281,P004,ST014,5,12236.53,0.05,8062.0
S010152,2026-05-01,C0204,P058,ST016,2,4668.59,0.02,3448.84
S010153,2025-01-06,C0195,P078,ST003,7,2380.47,0.05,1948.16
S010154,2026-11-06,C0384,P054,ST014,4,16760.38,0.02,11637.82
S010155,2026-08-27,C0950,P013,ST012,6,9923.54,0.0,6891.52
S010156,2026-06-03,C0366,P058,ST021,2,4638.63,0.0,3448.84
S010157,2026-02-22,C0922,P053,ST016,5,4497.68,0.05,3373.97
S010158,2026-03-09,C0823,P038,ST005,4,7757.85,0.1,5677.06
S010159,2025-08-19,C0871,P046,ST016,2,9991.39,0.0,7655.82
S010160,2026-06-23,C0726,P062,ST025,6,3584.99,0.0,2627.77
S010161,2026-11-10,C0268,P066,ST024,4,12899.46,0.05,10315.22
S010162,2025-10-09,C0027,P042,ST025,4,13863.47,0.05,8431.76
S010163,2025-04-10,C0959,P036,ST025,6,2135.48,0.1,1308.06
S010164,2025-03-05,C0564,P071,ST025,2,10807.53,0.0,7113.15
S010165,2026-08-22,C0603,P063,ST023,2,4738.06,0.0,3844.99
S010166,2025-05-09,C0818,P009,ST012,2,2668.65,0.02,1892.61
S010167,2026-06-26,C0105,P063,ST014,8,4807.19,0.0,3844.99
S010168,2025-06-03,C0924,P051,ST017,4,13968.43,0.02,10925.82
S010169,2026-07-31,C0913,P069,ST005,6,8743.45,0.05,5327.09
S010170,2025-08-22,C0606,P023,ST011,3,12735.9,0.0,10277.49
S010171,2026-10-18,C0942,P089,ST022,8,15556.73,0.05,9447.14
S010172,2025-06-07,C0799,P072,ST023,8,12913.89,0.05,7885.7
S010173,2026-03-04,C0320,P061,ST014,5,7535.88,0.05,5605.37
S010174,2025-06-10,C0145,P029,ST016,4,8886.98,0.05,6795.13
S010175,2026-01-29,C0510,P084,ST005,6,5150.34,0.0,4325.72
S010176,2026-08-01,C0014,P021,ST013,1,3774.11,0.0,2771.37
S010177,2026-07-23,C0644,P027,ST014,4,6027.19,0.1,3699.73
S010178,2025-08-31,C0012,P037,ST024,5,10669.46,0.05,8737.72
S010179,2025-12-17,C0361,P060,ST021,7,17105.37,0.0,10855.58
S010180,2026-05-07,C0701,P032,ST001,1,5885.1,0.05,5025.05
S010181,2025-07-07,C0953,P005,ST007,7,13997.22,0.0,8535.69
S010182,2025-02-16,C0429,P025,ST006,3,1512.61,0.0,935.06
S010183,2025-08-18,C0145,P044,ST014,8,7559.22,0.0,4727.0
S010184,2026-05-21,C0026,P045,ST006,4,5123.31,0.1,3792.77
S010185,2026-03-16,C0746,P077,ST007,7,4904.43,0.05,4125.87
S010186,2025-03-07,C0757,P022,ST001,1,8315.31,0.0,5050.21
S010187,2025-02-25,C0677,P018,ST023,6,6027.88,0.0,3821.41
S010188,2025-01-17,C0540,P007,ST009,7,6925.08,0.05,5642.26
S010189,2025-04-28,C0320,P024,ST014,7,3842.85,0.02,2998.79
S010190,2025-01-31,C0339,P050,ST015,6,15652.36,0.02,11552.3
S010191,2026-02-10,C0596,P042,ST021,6,12118.39,0.1,8431.76
S010192,2026-12-21,C0892,P052,ST019,4,12337.42,0.0,8471.56
S010193,2025-06-28,C0472,P039,ST014,2,2664.31,0.1,2144.94
S010194,2025-12-20,C0073,P052,ST003,7,13741.39,0.0,8471.56
S010195,2025-11-23,C0410,P053,ST011,2,5339.95,0.02,3373.97
S010196,2026-12-25,C0970,P052,ST005,3,11182.42,0.02,8471.56
S010197,2025-02-18,C0303,P018,ST020,6,4399.78,0.0,3821.41
S010198,2026-06-27,C0955,P011,ST015,6,11193.52,0.05,8103.73
S010199,2025-03-11,C0784,P010,ST011,5,2597.37,0.0,1595.73
S010200,2025-12-30,C0055,P018,ST003,6,5262.86,0.0,3821.41
S010201,2025-10-25,C0919,P084,ST013,3,5408.27,0.02,4325.72
S010202,2025-07-02,C0461,P078,ST012,2,2805.99,0.05,1948.16
S010203,2026-07-17,C0679,P038,ST016,8,7460.59,0.05,5677.06
S010204,2025-07-31,C0627,P048,ST005,4,1864.33,0.0,1279.89
S010205,2025-09-01,C0774,P066,ST022,5,12152.21,0.0,10315.22
S010206,2025-03-15,C0008,P090,ST012,4,1515.89,0.05,1222.08
S010207,2026-07-17,C0764,P009,ST013,3,2211.25,0.02,1892.61
S010208,2025-01-05,C0568,P004,ST019,3,9589.35,0.1,8062.0
S010209,2025-03-29,C0330,P039,ST011,5,2530.46,0.05,2144.94
S010210,2025-10-06,C0637,P056,ST014,2,11139.25,0.02,8673.46
S010211,2026-04-09,C0032,P090,ST010,7,1944.47,0.0,1222.08
S010212,2025-12-29,C0554,P068,ST007,3,14076.05,0.05,8703.69
S010213,2025-05-10,C0343,P007,ST017,2,8123.37,0.0,5642.26
S010214,2025-12-23,C0756,P008,ST024,4,9918.32,0.02,6932.71
S010215,2026-02-20,C0857,P010,ST017,2,2549.69,0.0,1595.73
S010216,2026-01-05,C0881,P004,ST022,8,10200.17,0.0,8062.0
S010217,2025-02-13,C0911,P087,ST020,5,18495.77,0.0,11513.07
S010218,2025-07-06,C0351,P049,ST021,8,2130.86,0.05,1636.57
S010219,2025-03-27,C0311,P035,ST004,6,652.88,0.05,516.87
S010220,2026-11-18,C0912,P047,ST003,7,7310.09,0.1,4501.3
S010221,2026-01-22,C0449,P055,ST003,4,14019.35,0.05,9400.32
S010222,2025-11-08,C0235,P080,ST003,7,9691.93,0.05,7154.82
S010223,2026-07-18,C0899,P032,ST011,3,7140.36,0.1,5025.05
S010224,2026-05-22,C0791,P073,ST006,7,1904.18,0.1,1242.22
S010225,2025-08-05,C0758,P058,ST004,8,4827.77,0.1,3448.84
S010226,2025-03-02,C0682,P035,ST017,5,773.75,0.0,516.87
S010227,2025-05-02,C0180,P020,ST024,8,6565.35,0.1,5381.43
S010228,2025-05-02,C0486,P079,ST009,5,1962.36,0.0,1464.98
S010229,2025-10-16,C0593,P002,ST002,1,419.54,0.02,336.51
S010230,2026-01-29,C0455,P084,ST005,5,6905.59,0.0,4325.72
S010231,2026-05-05,C0369,P012,ST013,2,9307.1,0.0,5785.38
S010232,2026-11-08,C0104,P025,ST013,1,1121.18,0.0,935.06
S010233,2025-06-11,C0069,P015,ST004,1,10320.6,0.0,7707.94
S010234,2025-04-19,C0430,P011,ST012,8,10745.41,0.0,8103.73
S010235,2026-03-31,C0855,P029,ST023,1,9917.44,0.0,6795.13
S010236,2025-03-31,C0531,P087,ST005,7,16495.75,0.05,11513.07
S010237,2025-09-09,C0475,P016,ST009,7,9158.94,0.05,6754.56
S010238,2025-10-16,C0694,P063,ST020,3,6208.36,0.0,3844.99
S010239,2025-01-16,C0079,P003,ST025,8,13865.69,0.05,9496.36
S010240,2026-05-07,C0771,P020,ST019,5,7829.76,0.1,5381.43
S010241,2025-07-13,C0119,P048,ST005,3,1668.9,0.0,1279.89
S010242,2026-06-04,C0117,P083,ST018,3,10496.16,0.05,7077.47
S010243,2025-09-21,C0848,P045,ST005,4,6136.65,0.05,3792.77
S010244,2025-06-06,C0191,P042,ST018,3,13293.0,0.05,8431.76
S010245,2025-03-27,C0734,P054,ST009,5,18687.01,0.1,11637.82
S010246,2025-10-12,C0141,P065,ST005,6,3650.71,0.0,2327.08
S010247,2026-03-22,C0782,P038,ST022,7,9321.91,0.05,5677.06
S010248,2025-08-13,C0288,P065,ST025,5,3424.84,0.05,2327.08
S010249,2026-12-02,C0177,P056,ST006,8,13459.73,0.0,8673.46
S010250,2026-09-11,C0970,P015,ST003,1,11866.43,0.0,7707.94
S010251,2026-05-16,C0011,P078,ST024,5,2485.72,0.05,1948.16
S010252,2026-10-06,C0325,P022,ST017,4,8091.28,0.05,5050.21
S010253,2025-12-16,C0272,P012,ST017,2,7010.48,0.0,5785.38
S010254,2026-01-28,C0950,P005,ST012,5,9842.27,0.02,8535.69
S010255,2026-10-20,C0646,P014,ST008,5,11334.13,0.0,9238.74
S010256,2026-08-21,C0225,P060,ST017,6,13519.17,0.0,10855.58
S010257,2025-04-23,C0574,P051,ST023,3,17262.27,0.02,10925.82
S010258,2025-05-07,C0847,P064,ST007,1,8685.1,0.0,7055.83
S010259,2025-06-21,C0182,P035,ST013,3,689.13,0.02,516.87
S010260,2025-10-31,C0400,P028,ST024,2,11515.81,0.1,8027.52
S010261,2026-12-16,C0788,P011,ST025,8,10296.16,0.05,8103.73
S010262,2025-10-28,C0369,P005,ST012,8,13807.35,0.0,8535.69
S010263,2026-03-26,C0927,P049,ST009,6,2497.78,0.0,1636.57
S010264,2026-04-09,C0025,P067,ST011,6,12730.0,0.05,9162.6
S010265,2025-10-09,C0930,P016,ST008,1,10423.41,0.02,6754.56
S010266,2025-03-23,C0077,P068,ST005,2,13758.44,0.02,8703.69
S010267,2025-09-19,C0041,P086,ST022,7,839.91,0.02,517.95
S010268,2025-02-18,C0695,P084,ST021,4,6303.91,0.05,4325.72
S010269,2026-06-08,C0798,P039,ST004,4,2594.63,0.05,2144.94
S010270,2025-05-31,C0683,P065,ST006,3,2684.67,0.15,2327.08
S010271,2026-07-10,C0347,P059,ST012,6,2018.73,0.05,1382.59
S010272,2025-02-24,C0041,P048,ST023,5,1562.75,0.0,1279.89
S010273,2025-11-19,C0438,P056,ST016,1,12186.94,0.02,8673.46
S010274,2026-02-09,C0516,P028,ST008,3,10264.51,0.0,8027.52
S010275,2025-01-23,C0878,P025,ST023,8,1310.99,0.05,935.06
S010276,2025-10-01,C0740,P079,ST016,6,1906.69,0.0,1464.98
S010277,2026-03-19,C0040,P079,ST021,6,2313.45,0.02,1464.98
S010278,2026-10-29,C0189,P076,ST014,6,8928.46,0.0,6054.39
S010279,2026-03-24,C0664,P090,ST016,3,1636.72,0.02,1222.08
S010280,2025-05-04,C0217,P002,ST020,7,505.99,0.0,336.51
S010281,2025-12-04,C0756,P039,ST022,2,3201.21,0.1,2144.94
S010282,2026-02-07,C0242,P011,ST025,5,12040.42,0.1,8103.73
S010283,2026-07-14,C0243,P083,ST020,7,9644.67,0.0,7077.47
S010284,2025-02-24,C0500,P014,ST024,7,12899.87,0.0,9238.74
S010285,2026-12-17,C0559,P001,ST017,5,3934.41,0.05,2598.92
S010286,2025-03-13,C0354,P075,ST009,5,1051.99,0.0,738.97
S010287,2025-06-09,C0633,P001,ST014,3,3960.93,0.0,2598.92
S010288,2026-08-22,C0254,P060,ST018,2,17655.31,0.05,10855.58
S010289,2025-01-08,C0615,P042,ST021,7,12190.48,,8431.76
S010290,2026-08-16,C0384,P058,ST017,4,4572.86,0.0,3448.84
S010291,2025-03-18,C0489,P054,ST010,5,14208.88,0.05,11637.82
S010292,2025-05-24,C0544,P058,ST013,3,5531.77,0.02,3448.84
S010293,2025-08-19,C0407,P020,ST009,3,6925.22,0.1,5381.43
S010294,2025-08-24,C0909,P017,ST023,4,8733.72,0.0,6820.68
S010295,2026-03-18,C0071,P080,ST018,2,11357.91,0.0,7154.82
S010296,2025-10-28,C0606,P038,ST011,1,8127.06,0.05,5677.06
S010297,2026-10-24,C0438,P071,ST017,3,9170.84,0.05,7113.15
S010298,2025-03-11,C0610,P055,ST022,8,14496.14,0.02,9400.32
S010299,2026-07-15,C0577,P060,ST014,1,14460.79,0.0,10855.58
S010300,2025-01-08,C0232,P066,ST001,7,14691.31,0.1,10315.22
S010301,2026-10-23,C0736,P073,ST023,6,1531.72,0.0,1242.22
S010302,2026-07-11,C0726,P043,ST024,3,7346.42,0.1,5492.34
S010303,2026-12-12,C0568,P010,ST018,5,2468.42,0.1,1595.73
S010304,2026-06-11,C0672,P031,ST003,1,12346.44,0.05,8055.68
S010305,2025-05-28,C0149,P069,ST012,7,8609.35,0.1,5327.09
S010306,2026-01-19,C0227,P015,ST020,4,9629.22,0.0,7707.94
S010307,2025-09-14,C0486,P047,ST006,1,6957.66,0.0,4501.3
S010308,2025-01-01,C0270,P081,ST024,2,2991.63,0.0,2254.47
S010309,2026-02-22,C0125,P038,ST022,8,6661.92,0.0,5677.06
S010310,2026-11-06,C0844,P010,ST011,4,1882.52,0.0,1595.73
S010311,2026-04-17,C0202,P024,ST023,2,4793.58,0.05,2998.79
S010312,2025-10-27,C0770,P005,ST009,4,12783.26,0.05,8535.69
S010313,2025-10-25,C0169,P052,ST005,2,11204.62,0.02,8471.56
S010314,2026-11-07,C0426,P037,ST021,6,12787.73,0.02,8737.72
S010315,2026-07-20,C0651,P024,ST002,1,4546.9,0.02,2998.79
S010316,2025-08-18,C0388,P023,ST022,4,14038.97,0.05,10277.49
S010317,2026-09-21,C0352,P069,ST017,7,8101.04,0.0,5327.09
S010318,2025-06-01,C0004,P027,ST017,6,4276.51,0.0,3699.73
S010319,2026-01-23,C0757,P055,ST002,5,14613.58,0.02,9400.32
S010320,2025-06-01,C0367,P028,ST006,5,12342.47,0.05,8027.52
S010321,2025-01-05,C0927,P069,ST006,8,8756.15,,5327.09
S010322,2026-01-05,C0278,P072,ST020,7,9184.04,0.05,7885.7
S010323,2025-08-03,C0072,P016,ST014,1,7925.06,0.0,6754.56
S010324,2025-01-18,C0496,P055,ST004,6,11439.26,0.0,9400.32
S010325,2025-05-20,C0572,P021,ST021,1,3318.78,0.05,2771.37
S010326,2026-08-28,C0738,P035,ST007,2,681.74,0.0,516.87
S010327,2026-12-07,C0015,P034,ST004,8,3351.68,0.0,2211.93
S010328,2026-05-10,C0743,P042,ST022,3,9875.71,0.0,8431.76
S010329,2026-08-18,C0898,P004,ST009,5,10707.33,0.1,8062.0
S010330,2025-03-11,C0631,P073,ST004,8,1451.68,0.1,1242.22
S010331,2025-07-05,C0543,P022,ST004,5,6846.06,0.0,5050.21
S010332,2025-03-15,C0691,P010,ST017,7,2066.86,0.05,1595.73
S010333,2026-11-19,C0863,P004,ST005,5,10262.03,0.0,8062.0
S010334,2025-05-01,C0127,P035,ST008,3,814.7,0.1,516.87
S010335,2026-01-29,C0423,P009,ST025,2,2711.74,0.05,1892.61
S010336,2025-01-02,C0246,P030,ST024,7,15401.96,0.0,9460.8
S010337,2026-05-09,C0266,P010,ST024,5,1992.4,0.05,1595.73
S010338,2025-12-14,C0107,P010,ST015,5,1973.26,0.02,1595.73
S010339,2026-02-27,C0717,P031,ST018,1,13177.06,0.1,8055.68
S010340,2026-01-30,C1000,P087,ST020,2,16084.52,0.05,11513.07
S010341,2025-03-21,C0718,P022,ST024,1,6922.2,0.05,5050.21
S010342,2026-12-23,C0460,P004,ST016,3,9710.28,0.0,8062.0
S010343,2025-07-09,C0460,P050,ST017,7,16901.56,,11552.3
S010344,2025-11-12,C0186,P012,ST014,3,7902.23,0.02,5785.38
S010345,2025-08-01,C0677,P085,ST023,6,9227.69,0.05,7193.26
S010346,2026-01-25,C0182,P038,ST010,4,9350.81,0.1,5677.06
S010347,2026-08-27,C0736,P009,ST024,2,2904.31,0.0,1892.61
S010348,2025-12-04,C0739,P036,ST015,3,2084.53,0.02,1308.06
S010349,2025-02-25,C0092,P083,ST007,7,9777.43,0.1,7077.47
S010350,2026-06-05,C0613,P045,ST002,5,5046.71,0.05,3792.77
S010351,2025-10-22,C0766,P056,ST015,4,11145.07,0.05,8673.46
S010352,2026-11-15,C0798,P071,ST003,1,10749.16,0.05,7113.15
S010353,2025-03-21,C0057,P011,ST014,6,9414.72,0.02,8103.73
S010354,2025-02-27,C0577,P058,ST016,5,4845.23,0.02,3448.84
S010355,2026-03-22,C0389,P080,ST018,3,10786.03,0.0,7154.82
S010356,2026-08-27,C0927,P058,ST007,7,5600.53,0.05,3448.84
S010357,2026-11-23,C0551,P041,ST009,3,2703.51,0.02,2039.67
S010358,2025-08-27,C0949,P071,ST010,4,9618.31,0.05,7113.15
S010359,2026-03-30,C0176,P001,ST008,4,3420.77,0.0,2598.92
S010360,2026-06-17,C0543,P029,ST005,2,8758.83,0.02,6795.13
S010361,2026-09-29,C0580,P022,ST025,2,7141.04,0.05,5050.21
S010362,2025-12-07,C0536,P078,ST008,6,3082.19,0.0,1948.16
S010363,2025-07-16,C0852,P024,ST021,2,4403.2,0.05,2998.79
S010364,2026-08-14,C0469,P074,ST018,5,6508.47,0.02,5135.74
S010365,2026-04-19,C0339,P035,ST016,3,684.19,0.05,516.87
S010366,2025-10-06,C0393,P019,ST006,5,1001.48,0.0,612.11
S010367,2026-02-08,C0375,P084,ST006,2,5788.81,0.0,4325.72
S010368,2026-06-08,C0508,P054,ST012,7,15844.25,0.05,11637.82
S010369,2025-08-13,C0546,P045,ST008,3,5358.37,0.1,3792.77
S010370,2025-03-07,C0153,P048,ST024,5,1672.98,0.02,1279.89
S010371,2026-05-09,C0651,P048,ST001,7,1565.86,0.0,1279.89
S010372,2026-12-21,C0219,P001,ST013,5,3235.54,0.1,2598.92
S010373,2026-09-05,C0361,P057,ST018,5,7660.66,0.05,5530.0
S010374,2025-01-03,C0498,P077,ST018,6,6151.79,0.1,4125.87
S010375,2026-10-06,C0014,P075,ST010,5,1055.82,0.05,738.97
S010376,2025-07-10,C0462,P062,ST020,1,3592.43,0.0,2627.77
S010377,2026-01-29,C0369,P002,ST013,4,450.47,0.0,336.51
S010378,2025-12-19,C0626,P044,ST005,3,6812.49,0.1,4727.0
S010379,2025-06-09,C0935,P046,ST022,2,10845.65,0.02,7655.82
S010380,2025-12-11,C0308,P024,ST015,2,4820.69,0.0,2998.79
S010381,2025-10-22,C0612,P015,ST009,7,9529.91,0.02,7707.94
S010382,2025-02-14,C0564,P069,ST023,8,7947.59,0.05,5327.09
S010383,2026-05-05,C0458,P019,ST014,5,849.15,0.05,612.11
S010384,2026-09-13,C0011,P064,ST025,4,9309.75,0.0,7055.83
S010385,2026-01-03,C0281,P075,ST017,1,1145.67,0.05,738.97
S010386,2026-09-23,C0847,P032,ST008,6,7688.11,0.0,5025.05
S010387,2025-04-04,C0317,P046,ST024,5,10544.15,0.05,7655.82
S010388,2025-07-11,C0714,P040,ST023,2,8403.92,,6137.28
S010389,2025-11-26,C0499,P018,ST018,6,5684.05,0.0,3821.41
S010390,2026-06-27,C0301,P004,ST023,4,11987.1,0.1,8062.0
S010391,2026-12-20,C0555,P063,ST025,5,4553.35,0.05,3844.99
S010392,2025-10-29,C0471,P083,ST011,6,11552.09,0.0,7077.47
S010393,2026-09-14,C0402,P052,ST010,8,10488.0,0.05,8471.56
S010394,2025-09-14,C0044,P001,ST006,4,4252.74,0.02,2598.92
S010395,2025-04-24,C0287,P076,ST003,5,7721.86,0.1,6054.39
S010396,2025-05-11,C0763,P035,ST005,3,761.68,0.02,516.87
S010397,2026-11-23,C0799,P051,ST023,5,13379.42,0.0,10925.82
S010398,2026-04-28,C0040,P005,ST019,5,12216.78,0.0,8535.69
S010399,2025-11-20,C0940,P041,ST006,8,3215.49,0.05,2039.67
S010400,2025-03-17,C0573,P004,ST019,8,11744.26,0.02,8062.0
S010401,2025-04-27,C0559,P008,ST015,2,9907.95,0.0,6932.71
S010402,2025-06-08,C0815,P009,ST022,2,2572.48,0.02,1892.61
S010403,2026-12-25,C0941,P022,ST004,8,6077.39,0.0,5050.21
S010404,2025-12-20,C0057,P035,ST015,5,806.91,0.05,516.87
S010405,2026-01-01,C0340,P062,ST009,8,3578.24,0.1,2627.77
S010406,2026-12-24,C0779,P076,ST008,2,8307.33,0.1,6054.39
S010407,2025-05-02,C0376,P006,ST005,5,10859.98,0.0,9423.57
S010408,2025-07-15,C0444,P022,ST006,7,6347.41,0.05,5050.21
S010409,2025-12-30,C0372,P042,ST025,4,12132.52,0.0,8431.76
S010410,2026-12-26,C0106,P066,ST023,5,16616.86,0.0,10315.22
S010411,2025-09-28,C0105,P073,ST015,5,1992.52,0.0,1242.22
S010412,2026-12-19,C0074,P065,ST021,2,3001.8,0.1,2327.08
S010413,2025-09-15,C0089,P085,ST017,5,9747.32,0.0,7193.26
S010414,2025-11-02,C0394,P052,ST017,7,12693.36,0.05,8471.56
S010415,2026-06-12,C0621,P001,ST021,8,3838.93,0.02,2598.92
S010416,2025-06-23,C0104,P023,ST012,1,16666.75,0.05,10277.49
S010417,2026-05-12,C0174,P058,ST008,1,4198.92,0.0,3448.84
S010418,2025-04-18,C0278,P023,ST021,8,11944.28,0.02,10277.49
S010419,2025-11-06,C0710,P003,ST022,3,12725.09,0.0,9496.36
S010420,2026-02-09,C0251,P044,ST016,7,6533.79,0.0,4727.0
S010421,2026-09-09,C0182,P074,ST011,4,8358.3,0.05,5135.74
S010422,2026-05-19,C0176,P037,ST008,1,12069.22,0.02,8737.72
S010423,2026-02-21,C0107,P061,ST014,3,9216.12,0.02,5605.37
S010424,2025-07-05,C0719,P055,ST007,4,14027.26,0.15,9400.32
S010425,2025-10-29,C0913,P040,ST004,8,9687.25,0.05,6137.28
S010426,2026-05-24,C0238,P020,ST013,6,7864.24,0.0,5381.43
S010427,2025-03-04,C0955,P048,ST016,6,1624.77,0.05,1279.89
S010428,2025-07-31,C0081,P078,ST009,3,2923.28,0.0,1948.16
S010429,2026-01-01,C0907,P089,ST003,7,12133.74,0.0,9447.14
S010430,2026-02-17,C0010,P067,ST004,6,12174.79,0.0,9162.6
S010431,2026-08-22,C0042,P063,ST023,8,5682.39,0.1,3844.99
S010432,2026-08-15,C0319,P061,ST018,2,6464.87,0.0,5605.37
S010433,2025-04-09,C0423,P056,ST022,4,10437.32,0.05,8673.46
S010434,2025-02-03,C0378,P044,ST018,7,7649.6,0.05,4727.0
S010435,2026-05-02,C0468,P059,ST005,5,2176.14,0.0,1382.59
S010436,2026-03-11,C0711,P045,ST004,5,5267.34,0.0,3792.77
S010437,2026-08-29,C0593,P073,ST001,6,1662.94,0.02,1242.22
S010438,2025-03-20,C0359,P083,ST009,6,9301.52,0.02,7077.47
S010439,2026-03-22,C0342,P040,ST003,1,9702.5,0.0,6137.28
S010440,2026-03-02,C0325,P040,ST014,3,7526.35,0.02,6137.28
S010441,2026-07-24,C0883,P034,ST023,3,3603.28,0.05,2211.93
S010442,2025-07-18,C0386,P048,ST007,6,1880.51,0.1,1279.89
S010443,2026-04-02,C0055,P049,ST003,1,2698.44,0.05,1636.57
S010444,2026-05-28,C0140,P070,ST024,8,10512.13,0.02,7620.88
S010445,2026-09-16,C0792,P074,ST007,1,8406.95,0.02,5135.74
S010446,2026-01-22,C0209,P046,ST017,7,9369.58,0.0,7655.82
S010447,2026-09-24,C0808,P088,ST024,5,7416.74,0.05,5917.07
S010448,2026-07-21,C0590,P059,ST013,4,1898.39,0.02,1382.59
S010449,2025-12-05,C0127,P049,ST009,4,2576.36,0.1,1636.57
S010450,2025-01-27,C0350,P079,ST014,8,2253.25,0.05,1464.98
S010451,2026-09-19,C0834,P031,ST023,8,9848.59,0.15,8055.68
S010452,2026-08-17,C0559,P064,ST016,6,9195.18,0.0,7055.83
S010453,2026-10-09,C0416,P013,ST005,1,8933.26,0.1,6891.52
S010454,2025-11-19,C0856,P089,ST010,5,14890.5,0.05,9447.14
S010455,2026-10-08,C0294,P068,ST024,3,11205.55,0.05,8703.69
S010456,2026-06-21,C0818,P044,ST012,1,5572.88,0.1,4727.0
S010457,2025-01-02,C0640,P055,ST025,3,12790.02,0.0,9400.32
S010458,2025-05-05,C0835,P040,ST006,1,8086.33,0.05,6137.28
S010459,2025-03-04,C0647,P082,ST018,3,13850.32,0.0,11120.16
S010460,2025-11-04,C0659,P009,ST018,2,2799.39,0.02,1892.61
S010461,2026-08-10,C0590,P024,ST011,6,4522.46,0.02,2998.79
S010462,2026-10-21,C0358,P060,ST015,3,14650.5,0.1,10855.58
S010463,2026-04-14,C0862,P001,ST011,6,3759.15,0.0,2598.92
S010464,2026-11-05,C0121,P085,ST004,4,10474.23,0.1,7193.26
S010465,2026-01-10,C0803,P032,ST002,2,6837.05,0.05,5025.05
S010466,2025-07-07,C0196,P008,ST015,8,8861.53,0.05,6932.71
S010467,2026-01-05,C0211,P050,ST016,5,16792.16,0.05,11552.3
S010468,2026-09-09,C0594,P085,ST006,6,8443.05,0.05,7193.26
S010469,2025-05-13,C0883,P059,ST023,8,2275.03,0.0,1382.59
S010470,2026-08-21,C0675,P013,ST003,8,8024.3,0.0,6891.52
S010471,2026-05-31,C0662,P080,ST007,6,11496.03,0.02,7154.82
S010472,2026-12-15,C0656,P070,ST008,1,12494.74,0.1,7620.88
S010473,2025-04-07,C0320,P013,ST015,2,11011.93,0.15,6891.52
S010474,2026-11-23,C0508,P008,ST012,3,9279.98,0.02,6932.71
S010475,2026-12-15,C0381,P012,ST023,1,9300.51,0.0,5785.38
S010476,2026-04-19,C0541,P026,ST001,7,5004.99,0.02,3556.26
S010477,2026-04-19,C0071,P015,ST020,4,12386.11,0.0,7707.94
S010478,2026-06-06,C0105,P071,ST017,1,10795.63,0.02,7113.15
S010479,2025-11-11,C0700,P066,ST012,8,14957.72,0.1,10315.22
S010480,2026-01-17,C0442,P076,ST011,7,8546.37,0.02,6054.39
S010481,2025-09-04,C0354,P066,ST007,3,16030.82,0.02,10315.22
S010482,2026-03-31,C0878,P030,ST025,3,14335.5,0.02,9460.8
S010483,2026-02-28,C0725,P048,ST003,6,1511.38,0.02,1279.89
S010484,2025-06-18,C0992,P056,ST012,8,14223.61,0.0,8673.46
S010485,2026-09-23,C0787,P022,ST004,6,8277.58,0.02,5050.21
S010486,2026-06-22,C0591,P072,ST007,1,11549.46,0.1,7885.7
S010487,2026-01-31,C0338,P059,ST017,3,1901.05,0.02,1382.59
S010488,2025-12-22,C0801,P027,ST002,6,4808.95,0.02,3699.73
S010489,2025-12-06,C0077,P005,ST003,3,13518.67,0.0,8535.69
S010490,2025-04-10,C0940,P013,ST009,3,9336.99,0.05,6891.52
S010491,2026-12-19,C0081,P082,ST006,2,13133.6,0.1,11120.16
S010492,2026-04-23,C0280,P024,ST025,2,4795.41,0.0,2998.79
S010493,2026-01-12,C0667,P004,ST019,8,10920.84,0.0,8062.0
S010494,2026-11-04,C0962,P032,ST006,6,7772.4,0.02,5025.05
S010495,2025-10-05,C0206,P027,ST018,1,4958.77,0.02,3699.73
S010496,2026-01-14,C0007,P077,ST006,7,5194.36,0.02,4125.87
S010497,2025-09-14,C0225,P004,ST017,2,10334.78,0.0,8062.0
S010498,2025-09-07,C0816,P007,ST025,5,7775.79,0.0,5642.26
S010499,2026-01-29,C0606,P025,ST013,4,1321.63,0.05,935.06
S010500,2025-04-03,C0042,P040,ST024,1,9324.32,0.0,6137.28
S010501,2025-02-20,C0413,P087,ST004,4,17180.99,0.05,11513.07
S010502,2025-05-12,C0311,P023,ST001,4,14666.82,0.0,10277.49
S010503,2026-04-16,C0886,P087,ST008,2,17916.17,0.02,11513.07
S010504,2025-07-19,C0648,P085,ST007,4,10388.12,0.02,7193.26
S010505,2025-11-19,C0002,P073,ST013,3,1587.28,0.0,1242.22
S010506,2026-10-05,C0817,P020,ST020,2,8519.41,0.0,5381.43
S010507,2025-10-23,C0543,P017,ST003,3,10393.47,0.02,6820.68
S010508,2025-01-09,C0951,P037,ST001,3,13119.68,0.05,8737.72
S010509,2025-01-14,C0683,P081,ST009,6,3214.17,0.02,2254.47
S010510,2025-10-18,C0445,P050,ST022,1,15076.91,0.1,11552.3
S010511,2025-10-26,C0697,P080,ST021,4,10564.98,0.1,7154.82
S010512,2026-06-05,C0546,P066,ST009,8,14003.9,0.05,10315.22
S010513,2025-11-29,C0811,P002,ST012,8,543.1,0.05,336.51
S010514,2025-05-26,C0089,P059,ST014,8,2231.5,0.05,1382.59
S010515,2025-06-23,C0925,P027,ST008,6,4366.79,0.0,3699.73
S010516,2026-09-24,C0157,P032,ST025,6,6737.98,0.1,5025.05
S010517,2026-01-31,C0794,P089,ST021,4,13107.55,0.05,9447.14
S010518,2025-08-07,C0981,P034,ST021,3,2905.2,0.05,2211.93
S010519,2025-11-17,C0682,P018,ST017,2,5115.66,0.02,3821.41
S010520,2025-11-28,C0158,P055,ST020,6,11691.76,0.0,9400.32
S010521,2025-06-06,C0001,P004,ST013,6,11667.16,0.05,8062.0
S010522,2026-05-02,C0090,P020,ST001,1,7979.0,0.0,5381.43
S010523,2025-04-12,C0626,P069,ST003,5,7446.58,0.0,5327.09
S010524,2025-05-02,C0241,P018,ST011,8,5833.77,0.0,3821.41
S010525,2026-10-09,C0080,P043,ST006,2,7915.34,0.0,5492.34
S010526,2026-04-07,C0954,P009,ST001,7,2793.13,0.1,1892.61
S010527,2026-10-18,C0751,P027,ST008,2,4551.41,0.0,3699.73
S010528,2025-08-14,C0933,P086,ST012,7,737.8,0.05,517.95
S010529,2025-11-24,C0704,P003,ST006,2,14099.91,0.05,9496.36
S010530,2025-11-19,C0616,P085,ST004,8,9025.12,0.0,7193.26
S010531,2026-10-25,C0585,P085,ST002,7,9716.96,0.15,7193.26
S010532,2025-11-28,C0384,P082,ST015,3,13948.48,0.02,11120.16
S010533,2026-10-14,C0557,P083,ST018,6,10589.06,0.0,7077.47
S010534,2025-05-20,C0786,P087,ST005,3,13465.81,0.02,11513.07
S010535,2026-04-13,C0574,P021,ST023,8,3419.55,0.15,2771.37
S010536,2025-07-29,C0436,P042,ST010,8,10083.83,0.02,8431.76
S010537,2025-02-19,C0037,P024,ST012,6,3974.22,0.0,2998.79
S010538,2025-12-30,C0381,P036,ST024,6,1810.46,0.02,1308.06
S010539,2026-07-21,C0878,P059,ST022,3,1743.66,,1382.59
S010540,2026-04-10,C0009,P065,ST012,2,3156.46,0.1,2327.08
S010541,2025-03-07,C0666,P041,ST001,6,2580.23,0.02,2039.67
S010542,2025-03-29,C0096,P046,ST021,7,9121.61,0.05,7655.82
S010543,2026-04-20,C0383,P010,ST005,5,2110.69,0.0,1595.73
S010544,2025-12-04,C0081,P078,ST007,3,3002.93,0.1,1948.16
S010545,2025-06-02,C0283,P016,ST002,7,9963.25,0.0,6754.56
S010546,2025-09-05,C0233,P012,ST006,5,8624.38,0.02,5785.38
S010547,2026-09-07,C0300,P001,ST017,6,3780.76,0.05,2598.92
S010548,2025-08-28,C0203,P077,ST021,3,5211.73,0.1,4125.87
S010549,2026-12-13,C0429,P080,ST008,3,10108.7,0.1,7154.82
S010550,2026-10-08,C0062,P011,ST023,2,10967.25,0.05,8103.73
S010551,2025-06-14,C0372,P043,ST025,1,6814.63,0.02,5492.34
S010552,2025-01-06,C0694,P073,ST018,5,1972.71,0.0,1242.22
S010553,2026-09-22,C0349,P013,ST014,8,10552.13,0.02,6891.52
S010554,2026-04-17,C0475,P055,ST006,2,15200.65,0.05,9400.32
S010555,2025-11-18,C0361,P003,ST021,7,13211.3,0.02,9496.36
S010556,2025-07-03,C0418,P025,ST011,3,1285.88,0.02,935.06
S010557,2026-03-31,C0006,P063,ST002,6,5020.11,0.1,3844.99
S010558,2026-07-18,C0982,P025,ST005,5,1446.58,0.02,935.06
S010559,2025-04-06,C0429,P007,ST007,6,7011.56,0.1,5642.26
S010560,2025-09-09,C0953,P063,ST006,5,5504.49,0.1,3844.99
S010561,2025-02-14,C0609,P015,ST019,6,11066.1,0.0,7707.94
S010562,2026-11-26,C0170,P058,ST002,7,4186.49,0.1,3448.84
S010563,2026-01-24,C0217,P004,ST020,8,11314.52,0.0,8062.0
S010564,2025-08-30,C0545,P067,ST015,8,13286.41,0.02,9162.6
S010565,2025-02-09,C0974,P087,ST022,8,13452.77,0.0,11513.07
S010566,2026-10-20,C0623,P084,ST004,2,6101.54,0.05,4325.72
S010567,2025-05-21,C0265,P031,ST024,6,11294.07,0.05,8055.68
S010568,2026-09-12,C0117,P086,ST020,1,797.75,0.05,517.95
S010569,2025-04-25,C0290,P011,ST021,1,9574.51,0.05,8103.73
S010570,2025-05-06,C0607,P027,ST009,4,4504.95,0.0,3699.73
S010571,2025-09-03,C0261,P001,ST007,7,3209.92,0.0,2598.92
S010572,2026-11-24,C0793,P019,ST008,8,893.85,0.0,612.11
S010573,2026-04-23,C0669,P006,ST012,3,14180.56,0.05,9423.57
S010574,2025-03-21,C0263,P018,ST021,6,5618.18,0.02,3821.41
S010575,2025-07-06,C0591,P089,ST008,2,11849.9,0.0,9447.14
S010576,2025-07-01,C0655,P032,ST005,8,6115.89,0.0,5025.05
S010577,2025-11-08,C0485,P060,ST023,4,16339.24,0.05,10855.58
S010578,2026-12-09,C0467,P015,ST024,2,11057.58,0.02,7707.94
S010579,2026-06-17,C0360,P047,ST012,2,6546.11,0.02,4501.3
S010580,2025-01-20,C0810,P066,ST006,1,14731.12,0.02,10315.22
S010581,2026-02-05,C0073,P038,ST003,8,8666.91,0.0,5677.06
S010582,2025-10-26,C0834,P078,ST025,1,2742.72,0.05,1948.16
S010583,2026-12-16,C0249,P007,ST001,5,7564.73,0.0,5642.26
S010584,2025-07-19,C0955,P016,ST016,2,10776.01,0.1,6754.56
S010585,2025-06-06,C0654,P069,ST005,7,6786.32,0.02,5327.09
S010586,2026-12-30,C0747,P075,ST008,6,1157.66,0.0,738.97
S010587,2026-02-13,C0729,P061,ST004,4,8256.89,0.02,5605.37
S010588,2025-09-05,C0467,P001,ST025,8,3821.01,0.05,2598.92
S010589,2026-07-11,C0969,P025,ST025,1,1241.54,0.05,935.06
S010590,2026-05-18,C0789,P057,ST015,8,7540.44,0.05,5530.0
S010591,2026-09-02,C0906,P060,ST009,2,16204.24,0.05,10855.58
S010592,2026-10-03,C0844,P018,ST013,3,5821.72,0.05,3821.41
S010593,2026-07-31,C0196,P088,ST014,3,7499.44,0.05,5917.07
S010594,2025-10-29,C0198,P047,ST019,6,7265.59,0.05,4501.3
S010595,2025-04-14,C0558,P084,ST016,5,5138.25,0.05,4325.72
S010596,2025-12-23,C0761,P044,ST013,7,6395.87,0.0,4727.0
S010597,2025-03-27,C0091,P032,ST003,4,7088.76,0.0,5025.05
S010598,2026-08-02,C0245,P045,ST007,3,5272.49,0.05,3792.77
S010599,2026-07-07,C0268,P054,ST025,7,14450.56,0.02,11637.82
S010600,2025-10-12,C0607,P077,ST009,3,5412.98,0.05,4125.87
S010601,2026-01-17,C0343,P041,ST017,7,2860.38,0.0,2039.67
S010602,2026-02-12,C0881,P079,ST025,1,1840.77,0.05,1464.98
S010603,2025-10-05,C0873,P054,ST012,3,15047.69,0.0,11637.82
S010604,2026-11-03,C0137,P084,ST006,1,6684.87,0.02,4325.72
S010605,2025-01-06,C0324,P061,ST007,2,9072.65,0.02,5605.37
S010606,2026-07-22,C0694,P019,ST018,3,968.81,0.1,612.11
S010607,2026-02-03,C0339,P060,ST016,1,15694.8,0.02,10855.58
S010608,2026-04-27,C0691,P016,ST017,8,10286.53,0.0,6754.56
S010609,2026-11-17,C0005,P054,ST013,7,16246.35,0.0,11637.82
S010610,2025-03-02,C0521,P054,ST005,1,15486.26,0.1,11637.82
S010611,2026-03-28,C0121,P025,ST001,4,1351.17,0.1,935.06
S010612,2025-09-29,C0670,P020,ST023,8,6626.16,0.0,5381.43
S010613,2026-04-05,C0140,P001,ST023,6,3577.27,0.1,2598.92
S010614,2025-11-28,C0463,P075,ST022,8,1066.08,0.0,738.97
S010615,2026-04-09,C0912,P045,ST004,7,4997.37,0.02,3792.77
S010616,2025-01-13,C0532,P044,ST015,4,7714.39,0.0,4727.0
S010617,2025-02-08,C0185,P063,ST025,6,5641.23,0.0,3844.99
S010618,2026-08-26,C0728,P047,ST019,7,6868.83,0.1,4501.3
S010619,2026-04-11,C0965,P087,ST002,6,18403.6,0.05,11513.07
S010620,2026-11-17,C0856,P049,ST013,5,2284.82,0.1,1636.57
S010621,2026-02-02,C0047,P077,ST006,5,5347.0,0.02,4125.87
S010622,2025-11-18,C0630,P084,ST014,2,6599.22,0.02,4325.72
S010623,2026-01-20,C0319,P015,ST018,1,9486.77,0.0,7707.94
S010624,2025-02-10,C0724,P014,ST014,4,14153.86,0.05,9238.74
S010625,2026-03-05,C0562,P082,ST007,4,13262.86,0.05,11120.16
S010626,2026-07-16,C0405,P041,ST005,4,2720.02,0.02,2039.67
S010627,2026-09-25,C0751,P042,ST009,2,12776.65,0.0,8431.76
S010628,2026-02-02,C0126,P061,ST002,4,7777.41,0.05,5605.37
S010629,2025-04-29,C0196,P025,ST016,8,1307.06,0.02,935.06
S010630,2026-04-18,C0559,P001,ST016,5,3790.39,0.05,2598.92
S010631,2026-03-04,C0949,P085,ST013,3,9478.43,0.1,7193.26
S010632,2026-11-22,C0435,P054,ST022,8,18779.97,0.02,11637.82
S010633,2025-01-28,C0127,P062,ST009,3,3889.58,0.02,2627.77
S010634,2025-09-26,C0510,P030,ST003,4,14648.62,0.05,9460.8
S010635,2026-04-16,C0019,P074,ST018,6,7214.5,0.0,5135.74
S010636,2026-08-05,C0382,P036,ST009,5,1660.43,0.05,1308.06
S010637,2026-07-25,C0123,P031,ST006,1,12074.24,0.02,8055.68
S010638,2026-04-07,C0805,P086,ST013,8,638.22,0.1,517.95
S010639,2026-11-20,C0107,P041,ST014,6,3145.25,0.05,2039.67
S010640,2026-08-04,C0423,P047,ST025,3,5987.54,,4501.3
S010641,2025-09-07,C0089,P084,ST015,4,6416.42,0.05,4325.72
S010642,2025-11-30,C0725,P058,ST004,8,5349.2,0.0,3448.84
S010643,2026-10-31,C0795,P090,ST021,2,1770.3,0.05,1222.08
S010644,2025-01-28,C0539,P035,ST003,8,804.85,0.0,516.87
S010645,2026-09-20,C0269,P015,ST003,1,9243.4,0.05,7707.94
S010646,2026-10-10,C0693,P024,ST006,2,3793.14,0.05,2998.79
S010647,2026-01-24,C0899,P045,ST011,8,4709.09,0.02,3792.77
S010648,2025-10-17,C0268,P031,ST023,3,10076.52,0.05,8055.68
S010649,2025-06-07,C0148,P015,ST008,8,11083.47,0.1,7707.94
S010650,2026-08-14,C0771,P029,ST020,3,9722.71,0.15,6795.13
S010651,2026-08-24,C0060,P022,ST009,7,8181.15,0.0,5050.21
S010652,2025-04-30,C0922,P020,ST014,5,7776.37,0.02,5381.43
S010653,2026-08-02,C0032,P029,ST010,2,10324.37,0.02,6795.13
S010654,2026-06-17,C0463,P063,ST024,6,5366.47,0.05,3844.99
S010655,2026-10-20,C0976,P082,ST002,5,15619.46,0.02,11120.16
S010656,2026-01-18,C0533,P033,ST024,2,13727.48,0.02,9814.74
S010657,2025-01-26,C0598,P020,ST008,5,8476.22,0.02,5381.43
S010658,2026-09-20,C0225,P021,ST017,4,4469.72,0.05,2771.37
S010659,2025-07-30,C0198,P064,ST021,6,8642.08,0.0,7055.83
S010660,2026-06-13,C0850,P063,ST021,2,4566.23,0.05,3844.99
S010661,2025-12-15,C0161,P015,ST020,5,9024.84,0.0,7707.94
S010662,2026-01-21,C0255,P060,ST005,6,14139.07,0.05,10855.58
S010663,2025-12-22,C0507,P001,ST001,4,3938.6,0.1,2598.92
S010664,2025-08-07,C0307,P050,ST024,5,13523.98,0.0,11552.3
S010665,2026-05-19,C0212,P009,ST001,4,2783.45,0.1,1892.61
S010666,2026-10-01,C0836,P063,ST015,7,5101.73,0.0,3844.99
S010667,2026-06-04,C0923,P003,ST003,1,11011.69,0.05,9496.36
S010668,2025-05-10,C0407,P021,ST008,5,3850.61,0.0,2771.37
S010669,2026-01-04,C0585,P049,ST003,1,2495.53,0.1,1636.57
S010670,2026-09-23,C0351,P019,ST019,7,925.07,0.1,612.11
S010671,2026-05-14,C0092,P073,ST008,1,1699.82,0.02,1242.22
S010672,2026-01-06,C0421,P010,ST004,8,2588.6,0.05,1595.73
S010673,2026-10-07,C0918,P038,ST005,5,8433.23,0.0,5677.06
S010674,2025-09-17,C0677,P012,ST023,4,7408.31,0.0,5785.38
S010675,2025-06-29,C0941,P081,ST002,2,3214.4,0.0,2254.47
S010676,2026-02-26,C0750,P006,ST020,2,12643.62,0.05,9423.57
S010677,2026-04-08,C0493,P072,ST004,8,11116.84,0.02,7885.7
S010678,2026-09-02,C0258,P079,ST008,6,1934.19,0.05,1464.98
S010679,2025-01-31,C0684,P032,ST019,8,6677.64,0.0,5025.05
S010680,2025-06-17,C0985,P044,ST012,6,6990.19,0.0,4727.0
S010681,2025-09-24,C0837,P042,ST010,8,12510.97,0.0,8431.76
S010682,2026-12-15,C0994,P073,ST018,3,1814.72,0.1,1242.22
S010683,2025-09-11,C0325,P084,ST016,4,5050.29,0.05,4325.72
S010684,2026-09-12,C0736,P060,ST022,3,17420.66,0.05,10855.58
S010685,2025-01-26,C0870,P021,ST010,3,3492.67,0.05,2771.37
S010686,2025-06-05,C0673,P037,ST023,2,12444.83,0.0,8737.72
S010687,2025-10-07,C0934,P078,ST023,2,2486.13,0.1,1948.16
S010688,2025-03-26,C0308,P066,ST014,7,12122.78,0.02,10315.22
S010689,2025-05-19,C0687,P036,ST016,4,2145.17,0.02,1308.06
S010690,2026-08-01,C0424,P005,ST015,6,13032.74,0.0,8535.69
S010691,2026-07-28,C0337,P045,ST011,2,5801.21,0.1,3792.77
S010692,2025-08-13,C0824,P043,ST004,6,8497.2,0.0,5492.34
S010693,2025-05-04,C0666,P047,ST001,6,7160.92,0.05,4501.3
S010694,2025-10-27,C0373,P005,ST003,1,10989.17,0.02,8535.69
S010695,2026-03-25,C0872,P082,ST017,1,17157.91,0.05,11120.16
S010696,2025-06-11,C0338,P043,ST014,1,6406.0,0.05,5492.34
S010697,2026-12-20,C0752,P057,ST022,3,7749.92,0.0,5530.0
S010698,2026-07-19,C0044,P035,ST007,7,716.96,0.1,516.87
S010699,2026-11-11,C0360,P025,ST010,4,1357.87,0.05,935.06
S010700,2026-05-02,C0108,P087,ST009,1,16526.58,0.02,11513.07
S010701,2025-02-08,C0078,P039,ST003,7,3047.99,0.0,2144.94
S010702,2026-04-08,C0914,P073,ST005,1,1597.85,0.0,1242.22
S010703,2026-12-17,C0866,P062,ST008,4,3072.87,0.0,2627.77
S010704,2025-01-18,C0030,P032,ST024,4,6357.06,0.0,5025.05
S010705,2025-03-01,C0203,P039,ST021,5,3053.12,0.0,2144.94
S010706,2025-01-11,C0051,P085,ST022,3,9250.91,0.0,7193.26
S010707,2025-08-07,C0175,P044,ST008,1,5512.39,0.1,4727.0
S010708,2025-07-03,C0652,P014,ST009,6,12509.67,0.05,9238.74
S010709,2026-03-18,C0205,P033,ST018,7,15077.23,0.0,9814.74
S010710,2026-08-30,C0367,P044,ST008,2,6623.99,0.05,4727.0
S010711,2025-08-16,C0358,P032,ST015,3,7518.95,0.02,5025.05
S010712,2025-10-27,C0555,P035,ST023,5,785.27,0.05,516.87
S010713,2026-12-19,C0697,P060,ST018,8,16481.21,0.02,10855.58
S010714,2026-11-08,C0899,P083,ST013,8,9383.01,0.05,7077.47
S010715,2026-05-17,C0756,P019,ST025,3,831.08,0.05,612.11
S010716,2025-10-17,C0986,P049,ST010,3,2498.83,0.05,1636.57
S010717,2025-03-21,C0717,P053,ST018,2,4355.88,0.0,3373.97
S010718,2026-02-22,C0328,P064,ST023,2,10416.61,0.1,7055.83
S010719,2026-10-26,C0800,P060,ST004,5,14547.01,0.0,10855.58
S010720,2025-03-30,C0287,P016,ST003,7,9185.32,0.0,6754.56
S010721,2025-09-17,C0524,P076,ST005,5,9795.94,0.05,6054.39
S010722,2025-10-27,C0489,P010,ST013,4,2452.2,0.05,1595.73
S010723,2026-04-24,C0861,P037,ST004,6,13977.66,0.05,8737.72
S010724,2025-07-26,C0286,P036,ST019,4,1778.44,0.1,1308.06
S010725,2026-11-21,C0720,P002,ST012,1,403.23,0.05,336.51
S010726,2026-06-17,C0499,P069,ST019,7,7591.49,0.0,5327.09
S010727,2026-12-19,C0533,P082,ST023,6,16176.6,0.05,11120.16
S010728,2025-11-04,C0547,P037,ST011,1,12206.51,0.0,8737.72
S010729,2026-01-12,C0243,P077,ST020,7,6264.59,0.0,4125.87
S010730,2025-01-14,C0011,P037,ST025,1,12084.3,0.05,8737.72
S010731,2025-07-11,C0617,P084,ST008,2,5382.61,0.02,4325.72
S010732,2025-11-04,C0627,P017,ST003,5,9346.6,0.0,6820.68
S010733,2025-08-29,C0427,P032,ST018,5,6785.41,0.0,5025.05
S010734,2026-12-10,C0877,P078,ST019,2,2404.14,0.05,1948.16
S010735,2025-11-07,C0525,P038,ST008,2,8752.75,0.05,5677.06
S010736,2025-11-26,C0691,P044,ST016,8,7116.41,0.0,4727.0
S010737,2025-11-13,C0409,P077,ST020,4,6105.33,0.02,4125.87
S010738,2025-11-11,C0121,P013,ST002,6,9453.95,0.0,6891.52
S010739,2025-04-02,C0364,P053,ST012,6,5413.02,0.05,3373.97
S010740,2026-07-07,C0991,P076,ST024,2,7429.75,0.05,6054.39
S010741,2026-01-30,C0350,P078,ST016,3,2252.65,0.05,1948.16
S010742,2026-05-11,C0199,P007,ST005,4,8439.45,0.05,5642.26
S010743,2026-06-19,C0365,P065,ST010,8,2944.65,0.0,2327.08
S010744,2026-11-21,C0126,P070,ST001,4,9900.43,0.02,7620.88
S010745,2025-11-13,C0657,P023,ST003,5,16617.89,0.0,10277.49
S010746,2025-09-11,C0047,P070,ST006,3,12333.95,0.02,7620.88
S010747,2026-03-14,C0575,P025,ST021,7,1307.52,0.05,935.06
S010748,2025-04-10,C0824,P028,ST002,2,13191.83,0.02,8027.52
S010749,2026-03-06,C0716,P078,ST013,2,2978.13,0.05,1948.16
S010750,2025-10-25,C0135,P016,ST020,1,10922.81,0.1,6754.56
S010751,2026-03-11,C0101,P061,ST025,6,7030.63,0.05,5605.37
S010752,2026-04-17,C0446,P004,ST015,4,12022.27,0.0,8062.0
S010753,2025-11-27,C0819,P069,ST013,1,7431.33,0.02,5327.09
S010754,2026-08-29,C0581,P003,ST011,2,11355.17,0.05,9496.36
S010755,2025-06-05,C0493,P038,ST004,2,9319.07,0.05,5677.06
S010756,2025-10-28,C0750,P070,ST018,6,9802.42,0.02,7620.88
S010757,2025-05-23,C0052,P049,ST005,7,2621.68,0.0,1636.57
S010758,2025-02-26,C0214,P012,ST017,4,7578.2,0.0,5785.38
S010759,2026-01-12,C0230,P026,ST025,6,5380.77,0.0,3556.26
S010760,2026-06-24,C0271,P061,ST021,5,8859.37,0.05,5605.37
S010761,2026-03-13,C0734,P004,ST008,1,11188.98,0.0,8062.0
S010762,2026-03-20,C0669,P067,ST011,8,14676.16,0.05,9162.6
S010763,2025-02-28,C0799,P036,ST024,8,1800.07,0.05,1308.06
S010764,2025-03-15,C0786,P013,ST002,8,9707.23,0.02,6891.52
S010765,2025-11-25,C0897,P055,ST008,4,13782.75,0.0,9400.32
S010766,2026-05-21,C0394,P016,ST017,1,9525.23,0.0,6754.56
S010767,2026-06-27,C0944,P073,ST023,2,1498.37,0.02,1242.22
S010768,2026-06-18,C0177,P070,ST008,1,10297.6,0.0,7620.88
S010769,2026-05-08,C0268,P084,ST023,8,5005.58,0.02,4325.72
S010770,2026-11-14,C0020,P053,ST020,5,4737.76,0.02,3373.97
S010771,2026-06-29,C0749,P010,ST002,6,2028.18,0.0,1595.73
S010772,2025-08-17,C0862,P035,ST011,1,650.71,0.1,516.87
S010773,2026-08-28,C0552,P032,ST022,7,6161.3,0.05,5025.05
S010774,2026-08-11,C0902,P025,ST018,4,1153.34,0.05,935.06
S010775,2025-07-16,C0292,P078,ST019,6,2517.1,0.05,1948.16
S010776,2025-10-04,C0258,P012,ST006,2,7180.71,0.02,5785.38
S010777,2025-08-08,C0620,P066,ST011,6,14059.4,0.05,10315.22
S010778,2025-03-20,C0563,P075,ST002,7,1179.51,0.0,738.97
S010779,2025-01-03,C0676,P080,ST023,7,11137.62,0.02,7154.82
S010780,2025-09-23,C0810,P076,ST007,6,9875.93,0.0,6054.39
S010781,2025-08-17,C0161,P002,ST019,5,420.45,0.02,336.51
S010782,2026-11-04,C0855,P082,ST024,4,16478.85,0.02,11120.16
S010783,2025-06-25,C0251,P077,ST014,4,5686.06,0.05,4125.87
S010784,2026-10-14,C0494,P078,ST007,8,2949.09,0.02,1948.16
S010785,2025-06-20,C0899,P017,ST013,3,8713.61,0.0,6820.68
S010786,2026-11-18,C0466,P080,ST019,6,10670.36,0.0,7154.82
S010787,2026-01-13,C0738,P022,ST007,4,8224.52,0.1,5050.21
S010788,2026-03-17,C0454,P044,ST017,4,6371.36,0.05,4727.0
S010789,2026-04-21,C0535,P004,ST017,1,11211.64,0.02,8062.0
S010790,2025-02-25,C0969,P060,ST022,2,16867.87,0.1,10855.58
S010791,2025-01-04,C0589,P015,ST010,4,11418.48,0.0,7707.94
S010792,2025-06-29,C0902,P004,ST018,7,12473.73,0.05,8062.0
S010793,2025-09-20,C0901,P066,ST004,4,12125.36,0.0,10315.22
S010794,2026-03-14,C0358,P039,ST016,5,2660.29,0.02,2144.94
S010795,2026-09-18,C0328,P032,ST024,7,6956.48,0.02,5025.05
S010796,2025-04-21,C0934,P035,ST025,4,657.28,0.0,516.87
S010797,2026-04-08,C0199,P067,ST001,6,14146.82,0.05,9162.6
S010798,2025-07-15,C0702,P082,ST019,2,13649.99,0.02,11120.16
S010799,2026-11-12,C0029,P046,ST009,4,12283.19,0.05,7655.82
S010800,2026-07-01,C0237,P037,ST022,3,14005.05,0.0,8737.72
S010801,2025-07-02,C0133,P083,ST003,2,10789.27,0.0,7077.47
S010802,2025-01-20,C0658,P051,ST001,2,17465.74,0.0,10925.82
S010803,2025-01-25,C0746,P071,ST008,5,9680.55,,7113.15
S010804,2026-02-19,C0506,P054,ST025,8,17303.4,0.02,11637.82
S010805,2025-01-09,C0551,P046,ST009,4,9642.4,0.0,7655.82
S010806,2026-11-05,C0081,P047,ST008,6,6902.78,0.05,4501.3
S010807,2025-08-18,C0904,P070,ST021,1,10488.01,0.0,7620.88
S010808,2026-12-11,C0509,P083,ST021,7,9579.19,0.02,7077.47
S010809,2025-01-04,C0908,P002,ST019,8,505.98,0.15,336.51
S010810,2026-04-25,C0752,P030,ST022,2,13237.09,0.02,9460.8
S010811,2026-06-17,C0037,P071,ST011,3,10779.53,0.05,7113.15
S010812,2026-03-01,C0713,P048,ST023,7,1611.74,0.0,1279.89
S010813,2026-07-12,C0078,P073,ST005,1,2010.43,0.0,1242.22
S010814,2026-11-29,C1000,P084,ST020,8,5404.66,0.05,4325.72
S010815,2026-07-22,C0485,P043,ST025,7,7809.59,0.0,5492.34
S010816,2026-11-28,C0178,P026,ST020,1,5346.28,0.0,3556.26
S010817,2026-10-18,C0260,P085,ST011,5,9614.78,0.1,7193.26
S010818,2025-05-26,C0924,P022,ST016,7,6775.22,0.0,5050.21
S010819,2026-08-07,C0534,P076,ST020,5,7983.9,0.05,6054.39
S010820,2026-06-06,C0726,P024,ST023,8,3657.26,0.0,2998.79
S010821,2025-07-18,C0347,P074,ST011,2,6621.03,0.02,5135.74
S010822,2026-10-15,C0634,P048,ST023,2,1978.95,0.02,1279.89
S010823,2026-01-03,C0465,P050,ST023,5,13568.69,0.02,11552.3
S010824,2026-09-01,C0358,P027,ST015,2,5293.64,0.05,3699.73
S010825,2025-08-07,C0605,P075,ST013,1,960.05,0.0,738.97
S010826,2025-08-02,C0771,P068,ST019,2,10661.01,0.0,8703.69
S010827,2026-06-11,C0972,P040,ST010,4,9408.97,0.02,6137.28
S010828,2025-11-26,C0003,P056,ST022,5,10717.05,0.0,8673.46
S010829,2026-01-05,C0988,P023,ST020,5,15116.77,0.1,10277.49
S010830,2026-07-06,C0380,P045,ST024,6,5439.26,0.05,3792.77
S010831,2025-06-01,C0849,P054,ST009,2,13637.1,0.0,11637.82
S010832,2026-01-30,C0921,P020,ST024,6,7838.4,0.05,5381.43
S010833,2026-07-08,C0824,P021,ST001,6,4182.53,0.05,2771.37
S010834,2026-04-20,C0420,P014,ST010,5,13857.61,0.02,9238.74
S010835,2026-01-08,C0644,P008,ST015,7,10650.63,0.02,6932.71
S010836,2025-05-04,C0740,P081,ST017,6,3001.38,0.05,2254.47
S010837,2025-01-06,C0971,P015,ST004,3,11391.56,0.0,7707.94
S010838,2025-10-26,C0321,P020,ST015,7,8609.98,0.1,5381.43
S010839,2026-10-11,C0121,P072,ST001,3,10086.39,0.0,7885.7
S010840,2026-07-11,C0072,P017,ST017,7,9915.66,0.0,6820.68
S010841,2025-11-24,C0738,P075,ST006,8,1166.01,0.0,738.97
S010842,2026-03-16,C0972,P073,ST011,2,1617.07,0.1,1242.22
S010843,2026-07-26,C0407,P054,ST008,8,17687.65,0.0,11637.82
S010844,2025-09-09,C0441,P009,ST010,1,3047.99,0.1,1892.61
S010845,2026-09-04,C0061,P079,ST021,4,1747.33,0.0,1464.98
S010846,2026-03-17,C0820,P045,ST011,5,4886.99,0.0,3792.77
S010847,2025-11-20,C0574,P009,ST025,4,2820.18,0.05,1892.61
S010848,2025-09-23,C0137,P015,ST006,5,10160.61,0.0,7707.94
S010849,2026-06-06,C0209,P082,ST016,7,13691.53,0.0,11120.16
S010850,2026-07-03,C0476,P061,ST021,1,6504.32,0.0,5605.37
S010851,2025-08-18,C0124,P050,ST003,3,14691.81,0.0,11552.3
S010852,2025-02-01,C0547,P012,ST011,3,6893.36,0.02,5785.38
S010853,2026-05-27,C0036,P075,ST001,3,1095.85,0.05,738.97
S010854,2025-09-23,C0555,P023,ST022,5,14021.68,0.02,10277.49
S010855,2026-03-14,C0127,P007,ST008,1,7793.42,0.0,5642.26
S010856,2025-09-13,C0926,P008,ST025,1,8748.33,0.05,6932.71
S010857,2025-02-16,C0882,P043,ST021,8,7065.9,0.1,5492.34
S010858,2026-03-06,C0647,P037,ST020,2,13265.73,0.0,8737.72
S010859,2025-06-21,C0025,P045,ST011,8,6251.11,0.02,3792.77
S010860,2026-06-12,C0662,P004,ST006,6,10013.77,0.05,8062.0
S010861,2025-12-13,C0980,P051,ST022,6,16102.2,0.05,10925.82
S010862,2025-12-17,C0227,P001,ST018,2,3835.01,0.0,2598.92
S010863,2025-01-12,C0466,P028,ST021,1,12300.86,0.0,8027.52
S010864,2025-03-23,C0429,P077,ST008,4,6436.84,0.0,4125.87
S010865,2026-12-22,C0664,P090,ST016,5,1491.53,0.0,1222.08
S010866,2026-03-14,C0533,P080,ST025,3,10075.97,0.02,7154.82
S010867,2026-12-22,C0243,P057,ST019,3,6963.12,0.02,5530.0
S010868,2026-05-25,C0837,P058,ST013,7,4280.08,0.0,3448.84
S010869,2025-04-17,C0424,P040,ST017,6,7134.65,0.02,6137.28
S010870,2025-10-27,C0180,P067,ST023,1,12364.46,0.05,9162.6
S010871,2026-06-25,C0445,P022,ST023,4,6056.64,0.1,5050.21
S010872,2025-07-20,C0065,P073,ST003,8,1826.96,0.05,1242.22
S010873,2026-01-12,C0340,P055,ST006,3,13906.2,0.05,9400.32
S010874,2025-03-21,C0837,P042,ST011,6,13792.37,0.02,8431.76
S010875,2026-09-27,C0696,P007,ST014,7,6978.07,0.0,5642.26
S010876,2025-03-21,C0186,P002,ST014,3,433.84,0.05,336.51
S010877,2025-05-06,C0001,P084,ST013,4,5111.73,0.05,4325.72
S010878,2025-09-08,C0856,P017,ST010,3,8083.89,0.1,6820.68
S010879,2025-12-28,C0151,P090,ST024,8,1483.07,0.02,1222.08
S010880,2025-10-13,C0594,P082,ST009,1,14312.84,0.1,11120.16
S010881,2026-06-20,C0604,P014,ST002,3,15048.68,0.1,9238.74
S010882,2026-03-01,C0256,P057,ST011,5,9027.75,0.05,5530.0
S010883,2025-07-29,C0598,P063,ST006,3,5371.03,0.02,3844.99
S010884,2026-01-09,C0127,P043,ST006,7,7268.99,0.0,5492.34
S010885,2025-07-24,C0410,P058,ST012,6,5378.64,0.05,3448.84
S010886,2026-02-09,C0612,P023,ST007,5,14731.4,0.02,10277.49
S010887,2025-04-03,C0839,P048,ST012,5,1949.19,0.0,1279.89
S010888,2026-08-08,C0976,P088,ST005,8,7630.72,0.15,5917.07
S010889,2026-05-28,C0566,P021,ST014,3,3253.53,0.05,2771.37
S010890,2026-06-10,C0844,P059,ST012,3,1821.3,0.0,1382.59
S010891,2026-12-31,C0972,P052,ST011,2,13497.81,0.02,8471.56
S010892,2026-07-11,C0470,P070,ST010,3,11032.55,0.0,7620.88
S010893,2025-09-20,C0606,P046,ST012,7,9066.48,0.02,7655.82
S010894,2026-04-05,C0811,P038,ST011,7,8070.53,0.1,5677.06
S010895,2026-06-30,C0695,P072,ST019,7,11941.3,0.1,7885.7
S010896,2026-08-02,C0082,P074,ST013,5,8025.72,0.0,5135.74
S010897,2026-06-03,C0273,P037,ST004,8,13211.02,0.05,8737.72
S010898,2026-02-16,C0229,P049,ST009,7,2098.89,0.1,1636.57
S010899,2026-04-07,C0837,P004,ST013,7,11907.8,0.1,8062.0
S010900,2025-12-17,C0595,P043,ST003,8,7361.77,0.0,5492.34
S010901,2025-02-07,C0005,P060,ST012,8,12972.45,0.05,10855.58
S010902,2025-03-11,C0349,P005,ST017,7,10941.45,0.02,8535.69
S010903,2026-03-12,C0605,P085,ST013,8,9052.7,0.0,7193.26
S010904,2025-01-06,C0989,P071,ST016,2,11107.88,0.02,7113.15
S010905,2025-05-14,C0850,P028,ST020,8,13156.63,0.0,8027.52
S010906,2025-12-14,C0608,P057,ST012,8,6709.75,0.05,5530.0
S010907,2025-01-09,C0683,P019,ST007,4,929.07,0.0,612.11
S010908,2025-05-02,C0358,P034,ST014,6,2698.14,0.0,2211.93
S010909,2026-02-04,C0613,P003,ST004,3,13279.5,0.1,9496.36
S010910,2025-11-30,C0767,P024,ST010,8,4583.51,0.15,2998.79
S010911,2025-10-19,C0429,P016,ST007,3,9428.61,0.05,6754.56
S010912,2025-10-13,C0537,P053,ST024,8,4366.8,0.05,3373.97
S010913,2026-03-04,C0384,P015,ST017,3,11328.36,0.0,7707.94
S010914,2026-07-28,C0426,P064,ST020,6,10701.56,0.02,7055.83
S010915,2026-08-18,C0158,P024,ST019,3,3466.26,0.02,2998.79
S010916,2025-08-11,C0162,P039,ST005,5,3502.32,0.15,2144.94
S010917,2026-02-16,C0104,P067,ST010,5,12934.94,0.0,9162.6
S010918,2026-12-03,C0133,P038,ST002,2,8952.98,0.0,5677.06
S010919,2026-08-28,C0261,P068,ST007,4,10916.35,0.05,8703.69
S010920,2026-09-03,C0441,P062,ST012,3,3705.46,0.05,2627.77
S010921,2026-03-20,C0730,P007,ST003,6,9206.49,0.02,5642.26
S010922,2026-10-28,C0186,P006,ST014,1,11572.13,0.0,9423.57
S010923,2025-10-07,C0889,P010,ST018,5,2403.99,0.0,1595.73
S010924,2025-04-10,C0220,P035,ST014,5,614.76,0.05,516.87
S010925,2025-12-16,C0757,P021,ST001,1,4061.36,0.0,2771.37
S010926,2025-11-25,C0887,P029,ST023,8,9447.69,0.0,6795.13
S010927,2026-03-15,C0616,P085,ST003,3,9346.53,0.0,7193.26
S010928,2025-04-08,C0273,P075,ST002,1,926.34,0.05,738.97
S010929,2026-11-13,C0898,P069,ST006,1,6341.95,0.05,5327.09
S010930,2025-10-31,C0663,P066,ST022,5,12637.29,0.05,10315.22
S010931,2025-08-25,C0502,P090,ST020,4,1669.47,0.05,1222.08
S010932,2026-05-05,C0055,P009,ST001,4,2869.39,0.02,1892.61
S010933,2025-02-02,C0128,P010,ST002,8,2498.34,0.05,1595.73
S010934,2025-05-03,C0811,P028,ST012,8,10446.23,0.05,8027.52
S010935,2026-12-22,C0987,P071,ST010,4,11700.41,0.05,7113.15
S010936,2026-05-24,C0016,P046,ST021,6,9193.27,0.02,7655.82
S010937,2026-04-15,C0803,P045,ST004,4,4909.95,0.0,3792.77
S010938,2026-08-02,C0307,P032,ST022,2,6240.01,0.05,5025.05
S010939,2025-10-03,C0227,P048,ST018,2,1810.82,0.1,1279.89
S010940,2025-07-04,C0378,P022,ST021,4,7055.81,0.0,5050.21
S010941,2026-12-26,C0591,P063,ST007,2,5583.91,0.02,3844.99
S010942,2025-04-28,C0344,P070,ST008,5,9623.97,0.0,7620.88
S010943,2026-10-09,C0196,P060,ST014,1,16959.99,0.02,10855.58
S010944,2026-09-03,C0067,P029,ST003,2,7815.99,0.0,6795.13
S010945,2025-04-02,C0787,P065,ST001,8,2717.72,0.05,2327.08
S010946,2026-02-03,C0829,P050,ST013,1,14019.0,0.02,11552.3
S010947,2025-11-19,C0295,P002,ST002,1,481.64,0.05,336.51
S010948,2026-03-02,C0062,P007,ST023,8,6541.16,0.0,5642.26
S010949,2026-02-05,C0447,P022,ST002,8,6123.73,0.0,5050.21
S010950,2026-08-19,C0636,P031,ST022,1,11690.49,0.1,8055.68
S010951,2026-07-06,C0013,P001,ST002,3,4092.08,0.1,2598.92
S010952,2025-10-24,C0786,P084,ST001,6,5897.16,0.05,4325.72
S010953,2025-06-15,C0477,P017,ST019,1,10546.74,0.1,6820.68
S010954,2026-06-07,C0725,P020,ST005,6,8614.64,0.0,5381.43
S010955,2026-03-29,C0865,P081,ST014,3,3642.48,0.0,2254.47
S010956,2026-04-07,C0229,P005,ST009,2,10151.2,0.05,8535.69
S010957,2025-04-23,C0844,P022,ST011,2,7515.14,0.0,5050.21
S010958,2026-06-16,C0394,P077,ST014,6,4958.0,0.05,4125.87
S010959,2025-08-09,C0072,P065,ST016,7,3546.12,0.0,2327.08
S010960,2025-07-02,C0870,P034,ST010,2,2840.37,0.05,2211.93
S010961,2025-07-20,C0518,P028,ST009,4,12523.35,0.02,8027.52
S010962,2025-02-15,C0350,P038,ST016,2,8104.64,0.05,5677.06
S010963,2025-09-21,C0521,P008,ST001,2,8956.96,0.15,6932.71
S010964,2026-03-24,C0236,P001,ST003,2,3046.76,0.05,2598.92
S010965,2025-03-02,C0719,P025,ST008,4,1099.85,0.0,935.06
S010966,2025-03-22,C0411,P063,ST010,6,4616.29,0.02,3844.99
S010967,2026-07-18,C0257,P062,ST025,3,3126.27,0.02,2627.77
S010968,2026-12-31,C0238,P008,ST012,8,11110.66,0.05,6932.71
S010969,2026-04-10,C0648,P050,ST008,7,16599.89,0.05,11552.3
S010970,2026-09-28,C0716,P061,ST011,1,8570.25,0.0,5605.37
S010971,2026-09-15,C0237,P028,ST022,2,10378.55,0.0,8027.52
S010972,2026-02-16,C0779,P033,ST007,6,15819.63,0.05,9814.74
S010973,2026-06-16,C0681,P016,ST005,5,8884.47,0.02,6754.56
S010974,2025-10-12,C0233,P044,ST007,8,5638.62,0.05,4727.0
S010975,2026-02-03,C0343,P051,ST015,5,17503.41,0.05,10925.82
S010976,2026-03-24,C0263,P078,ST018,3,3047.03,0.02,1948.16
S010977,2026-04-06,C0075,P034,ST018,7,3012.76,0.02,2211.93
S010978,2026-06-23,C0914,P017,ST005,4,8610.52,0.02,6820.68
S010979,2025-04-26,C0297,P026,ST001,1,4215.85,0.02,3556.26
S010980,2026-03-18,C0559,P076,ST015,2,7621.94,0.05,6054.39
S010981,2025-08-15,C0714,P028,ST025,8,13181.26,0.05,8027.52
S010982,2025-06-01,C0943,P069,ST022,1,8612.85,0.05,5327.09
S010983,2026-07-29,C0779,P057,ST008,5,7514.47,0.05,5530.0
S010984,2025-05-06,C0127,P004,ST008,8,13016.74,0.1,8062.0
S010985,2026-10-27,C0561,P061,ST004,6,6831.89,0.05,5605.37
S010986,2026-10-13,C0202,P006,ST023,6,13888.09,0.1,9423.57
S010987,2025-07-04,C0008,P069,ST013,7,7837.82,0.1,5327.09
S010988,2025-05-21,C0734,P077,ST008,8,6043.96,0.05,4125.87
S010989,2026-05-05,C0474,P030,ST023,2,14158.32,0.05,9460.8
S010990,2026-07-01,C0454,P090,ST017,4,1426.28,0.1,1222.08
S010991,2026-03-01,C0669,P050,ST010,2,16844.47,0.0,11552.3
S010992,2025-05-25,C0603,P078,ST024,6,2834.56,0.0,1948.16
S010993,2026-01-27,C0842,P051,ST021,8,14332.84,0.05,10925.82
S010994,2025-06-24,C0947,P039,ST021,7,3417.16,0.02,2144.94
S010995,2026-06-01,C0998,P074,ST011,1,7718.65,0.05,5135.74
S010996,2025-10-16,C0189,P032,ST015,3,6312.64,0.0,5025.05
S010997,2025-08-31,C0614,P018,ST011,6,4790.05,0.05,3821.41
S010998,2025-02-22,C0807,P017,ST021,4,9921.83,0.05,6820.68
S010999,2026-07-19,C0004,P089,ST017,4,13444.4,0.1,9447.14
S011000,2026-03-21,C0577,P032,ST017,4,7644.15,0.0,5025.05
S011001,2026-02-25,C0072,P070,ST017,2,9479.37,0.02,7620.88
S011002,2026-04-12,C0783,P086,ST014,4,835.91,0.0,517.95
S011003,2025-08-15,C0973,P021,ST017,2,4502.57,0.05,2771.37
S011004,2026-04-19,C0453,P050,ST009,7,15962.99,0.05,11552.3
S011005,2025-03-28,C0190,P050,ST008,8,16226.9,0.0,11552.3
S011006,2026-06-07,C0022,P082,ST023,2,17515.69,0.1,11120.16
S011007,2026-01-02,C0072,P075,ST015,5,1165.2,0.0,738.97
S011008,2025-02-04,C0176,P049,ST007,3,2289.58,0.05,1636.57
S011009,2025-02-13,C0295,P031,ST001,4,12286.17,0.0,8055.68
S011010,2026-05-30,C0245,P051,ST009,6,15894.75,0.02,10925.82
S011011,2025-06-23,C0120,P045,ST014,4,5855.8,0.1,3792.77
S011012,2025-10-25,C0630,P044,ST017,3,7739.11,0.0,4727.0
S011013,2025-06-21,C0207,P051,ST024,3,14878.49,0.02,10925.82
S011014,2026-06-03,C0210,P035,ST001,1,675.23,0.0,516.87
S011015,2025-03-27,C0766,P078,ST014,5,2968.01,0.0,1948.16
S011016,2025-03-03,C0670,P040,ST025,6,9321.01,0.0,6137.28
S011017,2026-04-02,C0033,P016,ST001,8,8921.67,0.05,6754.56
S011018,2026-12-17,C0310,P023,ST015,4,14069.35,0.0,10277.49
S011019,2026-12-09,C0448,P018,ST009,7,5191.93,0.05,3821.41
S011020,2025-07-24,C0170,P023,ST005,2,13090.23,0.05,10277.49
S011021,2025-09-07,C0167,P074,ST007,5,6683.96,0.02,5135.74
S011022,2025-08-24,C0447,P068,ST001,4,11725.48,0.15,8703.69
S011023,2026-01-31,C0596,P080,ST018,8,9755.37,0.05,7154.82
S011024,2026-10-15,C0425,P048,ST015,5,1941.92,0.05,1279.89
S011025,2025-03-30,C0402,P002,ST013,2,393.38,0.0,336.51
S011026,2026-12-09,C0089,P076,ST016,6,7878.68,0.1,6054.39
S011027,2025-12-15,C0343,P071,ST015,6,9640.54,0.05,7113.15
S011028,2025-04-17,C0179,P042,ST007,4,12877.23,0.05,8431.76
S011029,2026-03-18,C0772,P051,ST023,3,17365.15,0.1,10925.82
S011030,2025-06-01,C0491,P055,ST025,1,11999.05,0.05,9400.32
S011031,2026-09-08,C0672,P027,ST001,4,5713.12,0.02,3699.73
S011032,2025-09-27,C0472,P017,ST015,6,10520.65,0.0,6820.68
S011033,2025-09-16,C0443,P017,ST005,5,8234.07,0.02,6820.68
S011034,2025-04-27,C0179,P058,ST009,7,3966.26,0.1,3448.84
S011035,2026-05-31,C0514,P030,ST001,6,15005.13,0.0,9460.8
S011036,2026-07-05,C0786,P065,ST003,7,3211.22,0.05,2327.08
S011037,2026-09-19,C0844,P029,ST010,7,7837.62,0.02,6795.13
S011038,2025-01-25,C0012,P053,ST022,1,4042.9,0.05,3373.97
S011039,2025-07-21,C0352,P068,ST017,5,14273.56,0.0,8703.69
S011040,2026-12-12,C0375,P055,ST009,5,11018.09,0.0,9400.32
S011041,2026-11-24,C0181,P037,ST022,6,13266.18,0.05,8737.72
S011042,2025-12-20,C0868,P080,ST009,8,9281.71,0.05,7154.82
S011043,2026-08-17,C0065,P088,ST003,6,7959.57,0.1,5917.07
S011044,2025-07-15,C0645,P050,ST022,3,13783.45,0.02,11552.3
S011045,2025-09-13,C0458,P061,ST015,2,8424.65,0.02,5605.37
S011046,2025-05-01,C0951,P021,ST004,6,4459.23,0.0,2771.37
S011047,2025-11-04,C0474,P080,ST023,7,11721.06,0.05,7154.82
S011048,2026-01-08,C0998,P032,ST012,7,8078.24,0.0,5025.05
S011049,2026-12-17,C0224,P046,ST005,2,9818.58,0.02,7655.82
S011050,2026-06-17,C0147,P086,ST003,8,788.43,0.0,517.95
S011051,2026-10-09,C0690,P090,ST001,7,1773.41,0.1,1222.08
S011052,2025-10-17,C0960,P078,ST002,1,2859.36,0.15,1948.16
S011053,2025-12-10,C0787,P060,ST005,5,12894.06,0.02,10855.58
S011054,2026-07-20,C0195,P044,ST004,1,5670.74,0.0,4727.0
S011055,2025-04-25,C0630,P086,ST015,4,821.57,0.05,517.95
S011056,2026-11-15,C0044,P012,ST006,4,8907.61,0.1,5785.38
S011057,2025-09-13,C0784,P064,ST012,7,10312.13,0.05,7055.83
S011058,2026-12-28,C0953,P022,ST008,6,6140.81,0.15,5050.21
S011059,2025-04-19,C0852,P024,ST021,6,3568.03,0.1,2998.79
S011060,2026-12-22,C0846,P053,ST023,3,5331.57,0.0,3373.97
S011061,2026-06-04,C0122,P055,ST024,5,15468.42,0.0,9400.32
S011062,2026-01-16,C0508,P025,ST013,6,1127.81,0.0,935.06
S011063,2026-09-27,C0989,P031,ST016,2,11770.56,0.02,8055.68
S011064,2025-12-18,C0217,P004,ST020,2,10026.6,0.05,8062.0
S011065,2025-06-30,C0395,P088,ST004,8,7702.87,0.05,5917.07
S011066,2025-01-04,C0087,P021,ST004,5,3589.81,0.1,2771.37
S011067,2026-09-24,C0340,P007,ST006,3,7549.46,0.1,5642.26
S011068,2026-03-25,C0933,P067,ST010,7,11126.36,0.05,9162.6
S011069,2026-03-03,C0833,P003,ST003,4,13268.56,0.02,9496.36
S011070,2025-05-24,C0788,P030,ST024,5,12129.81,0.0,9460.8
S011071,2025-06-21,C0687,P061,ST015,8,8217.0,0.1,5605.37
S011072,2025-06-05,C0232,P038,ST004,7,9226.28,0.1,5677.06
S011073,2026-05-07,C0982,P005,ST004,4,11446.56,0.0,8535.69
S011074,2026-06-15,C0419,P074,ST015,5,6321.5,0.0,5135.74
S011075,2026-12-13,C0263,P042,ST020,5,13723.51,0.05,8431.76
S011076,2025-06-28,C0352,P056,ST016,3,13136.85,0.05,8673.46
S011077,2026-05-26,C0294,P002,ST023,3,434.39,0.15,336.51
S011078,2026-04-05,C0024,P063,ST004,4,5788.26,0.05,3844.99
S011079,2025-05-08,C0973,P043,ST016,3,7900.07,0.02,5492.34
S011080,2026-10-26,C0831,P055,ST002,4,13667.52,0.0,9400.32
S011081,2025-02-19,C0429,P042,ST006,8,9855.6,0.02,8431.76
S011082,2025-09-03,C0653,P076,ST009,1,8679.93,0.0,6054.39
S011083,2026-06-01,C0624,P009,ST002,7,2686.69,0.1,1892.61
S011084,2026-06-07,C0671,P049,ST001,8,2115.37,0.05,1636.57
S011085,2026-09-12,C0545,P048,ST014,3,1809.58,0.0,1279.89
S011086,2026-10-18,C0744,P012,ST011,3,6894.32,0.05,5785.38
S011087,2026-09-13,C0543,P065,ST004,4,3684.0,0.02,2327.08
S011088,2025-11-16,C0385,P074,ST001,4,7738.85,0.0,5135.74
S011089,2026-11-21,C0594,P025,ST009,1,1501.55,0.05,935.06
S011090,2025-10-11,C0498,P074,ST020,2,7385.88,0.05,5135.74
S011091,2026-11-10,C0461,P082,ST010,5,13680.33,0.05,11120.16
S011092,2025-09-14,C0587,P062,ST003,5,4238.19,0.05,2627.77
S011093,2025-03-12,C0512,P063,ST025,4,5457.65,0.02,3844.99
S011094,2026-02-28,C0181,P034,ST025,7,2551.06,0.1,2211.93
S011095,2026-12-25,C0226,P022,ST007,8,6716.77,0.0,5050.21
S011096,2025-01-06,C0179,P030,ST009,6,12844.6,0.0,9460.8
S011097,2025-12-31,C0741,P001,ST008,1,4106.91,0.02,2598.92
S011098,2026-10-31,C0231,P020,ST018,1,8086.11,0.0,5381.43
S011099,2026-04-02,C0353,P024,ST017,6,4038.23,0.0,2998.79
S011100,2026-06-17,C0276,P047,ST001,6,6718.39,0.05,4501.3
S011101,2025-03-22,C0183,P058,ST009,6,5008.18,0.05,3448.84
S011102,2025-01-31,C0158,P058,ST020,7,5526.78,0.1,3448.84
S011103,2026-11-24,C0395,P081,ST001,1,3020.34,0.02,2254.47
S011104,2025-02-16,C0218,P044,ST019,3,7582.27,0.0,4727.0
S011105,2025-03-09,C0674,P075,ST014,7,1195.31,0.15,738.97
S011106,2025-06-26,C0267,P060,ST006,4,12544.83,0.1,10855.58
S011107,2026-01-24,C0064,P039,ST004,7,3164.37,0.05,2144.94
S011108,2026-05-07,C0026,P051,ST007,6,16640.06,0.02,10925.82
S011109,2025-05-24,C0659,P001,ST019,3,3085.23,0.0,2598.92
S011110,2025-05-02,C0202,P086,ST024,2,704.3,0.05,517.95
S011111,2026-01-18,C0310,P076,ST014,5,8196.9,0.0,6054.39
S011112,2025-10-15,C0735,P022,ST021,5,6125.41,0.0,5050.21
S011113,2026-11-04,C0651,P037,ST005,1,13450.25,0.0,8737.72
S011114,2025-01-28,C0906,P037,ST007,3,11648.93,0.1,8737.72
S011115,2026-06-18,C0602,P077,ST005,4,5766.83,0.1,4125.87
S011116,2025-04-21,C0141,P010,ST001,1,2026.08,0.0,1595.73
S011117,2025-06-28,C0070,P067,ST011,7,13156.93,0.05,9162.6
S011118,2025-02-04,C0815,P055,ST023,8,14689.71,0.0,9400.32
S011119,2026-04-28,C0521,P065,ST005,7,2963.55,0.05,2327.08
S011120,2025-06-04,C0424,P053,ST017,4,4671.81,0.0,3373.97
S011121,2026-12-25,C0056,P088,ST003,6,8319.56,0.0,5917.07
S011122,2025-08-02,C0153,P088,ST025,1,6955.91,0.05,5917.07
S011123,2025-04-11,C0126,P042,ST001,5,11227.32,0.0,8431.76
S011124,2026-05-01,C0233,P017,ST009,2,8851.17,0.02,6820.68
S011125,2025-02-15,C0826,P021,ST010,1,4073.07,0.0,2771.37
S011126,2025-06-20,C0451,P029,ST024,8,10401.43,0.0,6795.13
S011127,2025-11-13,C0836,P089,ST014,5,13649.38,0.05,9447.14
S011128,2026-06-07,C0891,P034,ST014,2,3183.72,0.02,2211.93
S011129,2026-06-07,C0678,P004,ST012,8,10014.17,0.05,8062.0
S011130,2026-08-03,C0937,P082,ST012,3,14610.4,0.02,11120.16
S011131,2025-06-25,C0394,P021,ST014,4,4059.65,0.0,2771.37
S011132,2026-06-24,C0458,P057,ST016,3,7328.98,0.15,5530.0
S011133,2026-02-21,C0397,P003,ST011,2,13767.7,0.02,9496.36
S011134,2025-09-17,C0085,P027,ST006,2,5677.91,0.0,3699.73
S011135,2025-02-10,C0175,P089,ST006,2,12023.98,0.0,9447.14
S011136,2026-04-24,C0435,P001,ST022,6,3211.02,0.05,2598.92
S011137,2025-08-17,C0758,P018,ST002,8,5743.94,0.05,3821.41
S011138,2026-03-07,C0264,P052,ST005,4,9901.69,0.0,8471.56
S011139,2026-10-24,C0884,P049,ST011,7,2669.79,0.05,1636.57
S011140,2026-08-23,C0810,P008,ST007,2,10803.47,0.0,6932.71
S011141,2026-02-05,C0556,P002,ST011,4,496.57,0.0,336.51
S011142,2025-12-08,C0807,P023,ST020,8,14751.69,0.0,10277.49
S011143,2025-09-25,C0355,P027,ST018,6,4782.25,0.02,3699.73
S011144,2025-04-29,C0227,P061,ST019,3,7554.98,0.05,5605.37
S011145,2025-02-02,C0328,P075,ST022,3,1149.01,0.05,738.97
S011146,2025-05-22,C0251,P069,ST016,4,7046.4,0.02,5327.09
S011147,2025-12-02,C0093,P038,ST022,1,8621.56,0.05,5677.06
S011148,2025-02-09,C0574,P018,ST025,4,5869.88,0.0,3821.41
S011149,2026-09-04,C0145,P086,ST015,4,667.0,0.1,517.95
S011150,2026-08-03,C0202,P013,ST024,5,10078.83,0.0,6891.52
S011151,2026-07-11,C0592,P049,ST004,1,2225.04,0.05,1636.57
S011152,2025-05-13,C0615,P067,ST018,7,14757.16,0.1,9162.6
S011153,2026-04-11,C0014,P011,ST010,5,13042.99,0.05,8103.73
S011154,2026-05-03,C0695,P083,ST020,7,9589.32,0.02,7077.47
S011155,2026-01-18,C0970,P061,ST005,7,7195.79,0.0,5605.37
S011156,2025-09-12,C0515,P045,ST024,5,5928.56,0.1,3792.77
S011157,2026-09-02,C0554,P030,ST008,2,12308.76,0.05,9460.8
S011158,2025-07-25,C0620,P080,ST012,1,10276.24,0.05,7154.82
S011159,2026-10-16,C0450,P082,ST002,3,14610.57,0.02,11120.16
S011160,2025-07-07,C0138,P076,ST012,1,7690.97,0.0,6054.39
S011161,2026-12-01,C0446,P013,ST015,6,9866.01,0.05,6891.52
S011162,2025-03-10,C0692,P066,ST012,5,16423.5,0.0,10315.22
S011163,2025-08-02,C0074,P038,ST020,1,7194.34,0.1,5677.06
S011164,2026-10-22,C0840,P036,ST002,2,1788.72,0.0,1308.06
S011165,2025-05-17,C0777,P035,ST004,7,698.18,0.0,516.87
S011166,2026-01-26,C0306,P022,ST021,2,6370.2,0.02,5050.21
S011167,2026-07-26,C0619,P075,ST004,7,1215.18,0.0,738.97
S011168,2026-06-22,C0154,P037,ST003,1,11577.29,0.1,8737.72
S011169,2025-02-13,C0559,P087,ST015,4,15426.03,0.02,11513.07
S011170,2026-10-30,C0308,P030,ST016,6,13573.36,0.0,9460.8
S011171,2026-11-17,C0207,P071,ST023,6,9067.34,0.05,7113.15
S011172,2026-11-13,C0646,P075,ST006,1,945.72,0.0,738.97
S011173,2025-08-22,C0385,P059,ST004,3,2272.89,0.0,1382.59
S011174,2026-09-25,C0644,P043,ST015,1,6972.62,0.05,5492.34
S011175,2025-01-19,C0528,P088,ST024,6,8981.55,0.02,5917.07
S011176,2025-12-06,C0697,P026,ST021,2,4306.84,0.15,3556.26
S011177,2026-06-26,C0940,P081,ST008,4,3529.91,0.1,2254.47
S011178,2025-01-17,C0005,P036,ST013,4,2032.9,0.0,1308.06
S011179,2026-10-30,C0176,P024,ST008,1,3580.51,0.0,2998.79
S011180,2025-04-08,C0205,P083,ST020,8,8217.3,0.0,7077.47
S011181,2025-01-24,C0098,P069,ST021,6,7152.35,0.0,5327.09
S011182,2025-12-08,C0956,P083,ST007,7,9065.39,0.02,7077.47
S011183,2025-04-30,C0966,P075,ST019,1,1202.97,0.05,738.97
S011184,2025-03-31,C0510,P034,ST004,5,3104.55,0.05,2211.93
S011185,2026-10-25,C0209,P074,ST014,5,7709.97,0.0,5135.74
S011186,2026-09-23,C0475,P064,ST007,3,8267.59,0.05,7055.83
S011187,2026-02-04,C0998,P006,ST013,6,11732.6,0.1,9423.57
S011188,2026-03-30,C0699,P010,ST009,1,2530.36,0.0,1595.73
S011189,2025-04-21,C0370,P036,ST001,6,2039.19,0.1,1308.06
S011190,2025-04-24,C0769,P040,ST005,3,7954.32,0.0,6137.28
S011191,2026-07-24,C0831,P082,ST003,4,14179.21,0.05,11120.16
S011192,2025-06-28,C0607,P021,ST008,8,4546.81,0.02,2771.37
S011193,2026-05-15,C0645,P086,ST024,8,837.14,0.05,517.95
S011194,2026-09-17,C0145,P060,ST017,7,14153.22,0.1,10855.58
S011195,2025-07-17,C0844,P045,ST013,1,5097.99,0.0,3792.77
S011196,2026-08-30,C0771,P081,ST019,3,3546.18,0.1,2254.47
S011197,2026-06-04,C0402,P061,ST010,7,8671.56,0.02,5605.37
S011198,2025-01-13,C0269,P055,ST001,8,12734.11,0.05,9400.32
S011199,2025-12-24,C0844,P086,ST011,7,768.43,0.0,517.95
S011200,2026-05-05,C0773,P032,ST023,5,7583.7,0.1,5025.05
S011201,2025-06-13,C0313,P045,ST018,3,5761.53,0.05,3792.77
S011202,2026-09-15,C0933,P037,ST012,2,12228.56,0.0,8737.72
S011203,2025-12-26,C0988,P039,ST019,8,2597.26,0.05,2144.94
S011204,2026-06-10,C0102,P085,ST020,3,10198.91,0.05,7193.26
S011205,2025-07-12,C0538,P066,ST013,7,15173.43,0.02,10315.22
S011206,2025-05-07,C0189,P032,ST014,7,8230.77,0.0,5025.05
S011207,2025-08-25,C0514,P069,ST004,7,7241.05,0.05,5327.09
S011208,2026-12-25,C0151,P031,ST025,2,9831.6,0.05,8055.68
S011209,2025-11-14,C0664,P060,ST015,8,12924.85,0.02,10855.58
S011210,2025-05-04,C0544,P090,ST013,4,1822.71,0.02,1222.08
S011211,2025-04-07,C0381,P070,ST022,1,12171.37,0.02,7620.88
S011212,2025-09-03,C0473,P027,ST022,6,6023.69,0.0,3699.73
S011213,2026-08-16,C0814,P073,ST005,2,1961.89,0.02,1242.22
S011214,2025-11-19,C0976,P078,ST002,2,3164.7,0.05,1948.16
S011215,2025-12-22,C0423,P015,ST025,8,9625.68,0.05,7707.94
S011216,2025-09-15,C0324,P040,ST009,5,7650.91,0.05,6137.28
S011217,2025-11-10,C0462,P011,ST019,7,9989.8,0.1,8103.73
S011218,2026-05-16,C0886,P044,ST008,2,6239.75,0.05,4727.0
S011219,2026-12-16,C0293,P085,ST021,8,10030.42,0.0,7193.26
S011220,2025-11-02,C0368,P008,ST023,8,11222.14,0.02,6932.71
S011221,2026-01-16,C0565,P052,ST006,7,12930.09,0.05,8471.56
S011222,2025-11-05,C0657,P065,ST005,3,3394.21,0.05,2327.08
S011223,2026-05-06,C0320,P063,ST017,2,4937.32,0.0,3844.99
S011224,2026-10-12,C0045,P009,ST018,6,2493.9,0.02,1892.61
S011225,2025-08-07,C0450,P084,ST002,5,5244.27,0.02,4325.72
S011226,2026-03-06,C0297,P004,ST002,7,12803.29,0.05,8062.0
S011227,2025-12-11,C0063,P085,ST010,1,10651.49,0.02,7193.26
S011228,2025-07-20,C0457,P090,ST021,2,1551.99,0.05,1222.08
S011229,2026-06-04,C0111,P084,ST017,8,5106.03,0.0,4325.72
S011230,2026-05-13,C0682,P007,ST017,3,7190.12,0.02,5642.26
S011231,2026-05-07,C0575,P058,ST019,5,5511.72,0.15,3448.84
S011232,2025-05-22,C0742,P021,ST015,2,4286.9,0.02,2771.37
S011233,2025-05-13,C0121,P061,ST001,8,7655.79,0.0,5605.37
S011234,2026-12-15,C0234,P088,ST009,5,9145.11,0.0,5917.07
S011235,2025-02-26,C0838,P084,ST006,6,6955.05,,4325.72
S011236,2026-10-06,C0946,P015,ST021,3,10856.09,0.02,7707.94
S011237,2025-08-03,C0522,P024,ST025,8,4886.76,0.1,2998.79
S011238,2026-12-01,C0335,P079,ST004,4,1834.2,0.02,1464.98
S011239,2025-10-25,C0108,P057,ST007,1,8985.33,0.02,5530.0
S011240,2026-09-26,C0439,P013,ST022,5,11066.58,0.0,6891.52
S011241,2025-09-05,C0233,P018,ST008,1,5117.38,0.1,3821.41
S011242,2026-07-20,C0981,P054,ST018,8,16345.12,0.1,11637.82
S011243,2026-06-11,C0356,P036,ST010,3,1960.23,0.0,1308.06
S011244,2025-12-12,C0505,P006,ST016,8,11154.29,0.0,9423.57
S011245,2026-04-21,C0423,P075,ST024,2,1016.58,0.0,738.97
S011246,2025-01-01,C0166,P037,ST011,1,11140.2,0.05,8737.72
S011247,2026-07-27,C0886,P028,ST008,1,9621.43,0.05,8027.52
S011248,2025-07-11,C0737,P020,ST008,8,6798.36,0.0,5381.43
S011249,2026-12-02,C0206,P030,ST018,8,14231.52,0.02,9460.8
S011250,2026-01-07,C0402,P029,ST011,4,9366.92,0.0,6795.13
S011251,2025-01-16,C0757,P055,ST005,3,12109.69,0.02,9400.32
S011252,2025-01-13,C0428,P011,ST005,1,12866.12,0.0,8103.73
S011253,2026-05-10,C0414,P090,ST022,8,1448.52,0.0,1222.08
S011254,2025-05-11,C0859,P026,ST025,8,5141.4,0.1,3556.26
S011255,2025-06-11,C0684,P052,ST020,7,11725.71,0.02,8471.56
S011256,2026-10-30,C0764,P056,ST010,6,11511.89,0.02,8673.46
S011257,2026-01-27,C0331,P011,ST006,2,11316.01,0.0,8103.73
S011258,2025-09-14,C0175,P074,ST006,1,8154.93,0.05,5135.74
S011259,2025-05-13,C0657,P060,ST004,3,15553.5,0.05,10855.58
S011260,2025-12-21,C0438,P047,ST016,3,6932.32,0.0,4501.3
S011261,2025-05-04,C0815,P085,ST024,3,11049.76,0.1,7193.26
S011262,2025-09-09,C0906,P086,ST008,1,639.09,0.02,517.95
S011263,2025-01-09,C0209,P031,ST014,5,10993.89,0.0,8055.68
S011264,2025-02-25,C0464,P047,ST020,3,6157.59,0.05,4501.3
S011265,2026-03-07,C0113,P019,ST010,3,783.65,0.0,612.11
S011266,2025-10-17,C0630,P072,ST017,6,10322.49,0.1,7885.7
S011267,2026-01-07,C0988,P082,ST020,1,15700.45,0.05,11120.16
S011268,2025-12-09,C0594,P061,ST006,6,7658.16,0.0,5605.37
S011269,2026-07-09,C0988,P035,ST021,2,689.77,0.02,516.87
S011270,2026-03-21,C0643,P066,ST011,5,12589.35,0.0,10315.22
S011271,2026-08-06,C0840,P052,ST005,2,10786.1,0.0,8471.56
S011272,2025-10-16,C0739,P022,ST014,1,6769.2,0.02,5050.21
S011273,2026-03-06,C0337,P013,ST012,8,8707.99,0.05,6891.52
S011274,2026-06-02,C0388,P011,ST023,5,11151.63,0.1,8103.73
S011275,2025-06-25,C0245,P014,ST009,8,12929.82,0.0,9238.74
S011276,2025-09-21,C0903,P089,ST015,2,15260.0,0.02,9447.14
S011277,2025-04-08,C0057,P062,ST014,4,3565.79,0.0,2627.77
S011278,2025-02-17,C0166,P017,ST011,6,8408.6,0.05,6820.68
S011279,2026-02-12,C0997,P088,ST010,6,6827.02,0.05,5917.07
S011280,2026-10-24,C0144,P062,ST004,4,4088.82,0.0,2627.77
S011281,2025-05-31,C0231,P022,ST019,8,6916.32,0.0,5050.21
S011282,2026-09-30,C0042,P078,ST025,5,2905.57,0.05,1948.16
S011283,2026-06-27,C0589,P037,ST013,3,10193.99,0.0,8737.72
S011284,2026-03-28,C0252,P081,ST002,7,3090.13,0.0,2254.47
S011285,2025-09-20,C0645,P035,ST023,8,702.55,0.1,516.87
S011286,2025-02-26,C0809,P048,ST024,5,1957.66,0.02,1279.89
S011287,2026-08-21,C0290,P076,ST021,5,8310.84,0.0,6054.39
S011288,2025-09-04,C0672,P038,ST004,2,7868.53,0.1,5677.06
S011289,2026-12-21,C0009,P007,ST012,2,9169.06,0.05,5642.26
S011290,2025-01-14,C0707,P047,ST008,3,6304.38,0.05,4501.3
S011291,2025-12-07,C0911,P046,ST020,3,10842.85,0.05,7655.82
S011292,2025-08-12,C0094,P067,ST015,4,12115.65,0.1,9162.6
S011293,2026-04-10,C0992,P057,ST010,8,8608.16,0.1,5530.0
S011294,2025-11-29,C0111,P034,ST014,1,3323.02,0.05,2211.93
S011295,2026-04-10,C0664,P039,ST014,6,3221.33,0.02,2144.94
S011296,2026-07-02,C0317,P006,ST023,8,12748.97,0.0,9423.57
S011297,2026-02-22,C0307,P064,ST025,3,10822.7,0.0,7055.83
S011298,2026-02-12,C0585,P037,ST003,3,13818.53,0.0,8737.72
S011299,2025-09-08,C0081,P022,ST006,3,6143.63,0.02,5050.21
S011300,2025-11-16,C0767,P085,ST011,1,11463.27,0.1,7193.26
S011301,2026-03-08,C0848,P007,ST002,6,7373.22,0.02,5642.26
S011302,2026-02-23,C0549,P008,ST019,6,10508.68,0.1,6932.71
S011303,2026-12-31,C0682,P010,ST016,2,2324.76,0.05,1595.73
S011304,2025-04-10,C0774,P057,ST022,5,8019.58,0.15,5530.0
S011305,2026-10-26,C0179,P020,ST009,4,8660.77,0.0,5381.43
S011306,2026-12-09,C0352,P042,ST017,6,10444.69,0.0,8431.76
S011307,2026-01-01,C0800,P051,ST001,3,13973.51,0.0,10925.82
S011308,2025-06-18,C0737,P006,ST009,7,14293.32,0.0,9423.57
S011309,2026-09-27,C0266,P087,ST024,7,18899.1,0.02,11513.07
S011310,2025-07-09,C0044,P085,ST008,5,10166.61,0.1,7193.26
S011311,2026-07-24,C0915,P069,ST009,4,6219.25,0.05,5327.09
S011312,2026-07-29,C0485,P031,ST022,2,10943.22,0.1,8055.68
S011313,2026-01-05,C0722,P057,ST018,7,8202.85,0.05,5530.0
S011314,2025-03-01,C0930,P012,ST008,7,6884.44,0.1,5785.38
S011315,2026-05-13,C0853,P001,ST020,7,3383.76,0.05,2598.92
S011316,2026-06-05,C0336,P049,ST007,6,2034.85,0.05,1636.57
S011317,2025-12-23,C0370,P003,ST002,2,12746.7,0.05,9496.36
S011318,2025-04-07,C0485,P017,ST025,4,10795.7,0.05,6820.68
S011319,2025-01-31,C0002,P038,ST013,4,7217.84,0.0,5677.06
S011320,2026-12-16,C0503,P022,ST002,6,5862.46,0.1,5050.21
S011321,2026-02-08,C0598,P059,ST008,4,2192.73,0.02,1382.59
S011322,2025-05-07,C0185,P016,ST023,1,8810.6,0.02,6754.56
S011323,2025-02-20,C0597,P050,ST001,7,16133.15,0.0,11552.3
S011324,2025-11-28,C0406,P047,ST013,8,5980.91,0.05,4501.3
S011325,2026-01-28,C0785,P012,ST004,7,8528.7,0.05,5785.38
S011326,2026-12-31,C0415,P047,ST004,7,7265.5,0.0,4501.3
S011327,2026-05-15,C0954,P078,ST005,3,2590.21,0.0,1948.16
S011328,2025-02-27,C0429,P012,ST007,4,7174.25,0.0,5785.38
S011329,2026-04-26,C0508,P047,ST011,6,6810.46,0.0,4501.3
S011330,2026-06-23,C0422,P013,ST004,7,9982.33,0.1,6891.52
S011331,2026-02-19,C0815,P031,ST024,6,9602.06,0.0,8055.68
S011332,2025-04-08,C0683,P016,ST006,1,10984.29,0.05,6754.56
S011333,2026-01-26,C0964,P051,ST024,8,13483.43,0.05,10925.82
S011334,2025-05-28,C0004,P073,ST015,8,1446.88,0.05,1242.22
S011335,2025-02-09,C0219,P056,ST010,2,10459.99,0.1,8673.46
S011336,2026-07-25,C0573,P019,ST020,4,1003.58,0.05,612.11
S011337,2025-07-28,C0762,P008,ST005,7,9999.97,0.02,6932.71
S011338,2026-11-05,C0063,P017,ST012,5,8769.65,0.0,6820.68
S011339,2025-01-18,C0001,P004,ST010,3,11774.97,0.05,8062.0
S011340,2026-03-13,C0057,P031,ST014,2,12374.94,0.05,8055.68
S011341,2026-04-12,C0748,P066,ST001,8,13219.33,0.05,10315.22
S011342,2025-11-01,C0369,P052,ST013,4,13388.36,0.0,8471.56
S011343,2025-06-07,C0419,P010,ST015,3,2083.91,0.1,1595.73
S011344,2026-12-15,C0345,P077,ST005,7,6322.08,0.0,4125.87
S011345,2026-11-21,C0740,P022,ST017,1,6566.48,0.05,5050.21
S011346,2025-01-14,C0193,P052,ST020,6,12982.18,0.0,8471.56
S011347,2025-08-21,C0050,P054,ST003,8,13398.61,0.0,11637.82
S011348,2025-04-06,C0266,P084,ST025,6,5693.93,0.1,4325.72
S011349,2026-08-10,C0028,P089,ST019,2,10965.24,0.0,9447.14
S011350,2026-05-01,C0273,P001,ST005,6,3827.25,0.0,2598.92
S011351,2026-03-25,C0217,P026,ST018,7,4642.32,0.0,3556.26
S011352,2026-05-03,C0500,P051,ST023,8,16096.96,0.02,10925.82
S011353,2025-02-17,C0298,P040,ST013,4,9127.02,0.0,6137.28
S011354,2025-01-23,C0547,P075,ST010,1,1141.82,0.0,738.97
S011355,2025-03-05,C0136,P035,ST009,3,846.01,0.0,516.87
S011356,2026-07-18,C0158,P034,ST021,5,2784.04,0.0,2211.93
S011357,2025-10-24,C0340,P022,ST006,8,6944.11,0.0,5050.21
S011358,2026-02-07,C0282,P029,ST004,3,10742.27,0.02,6795.13
S011359,2026-10-13,C0250,P090,ST022,4,1972.74,0.0,1222.08
S011360,2025-12-28,C0296,P026,ST002,6,4512.92,0.05,3556.26
S011361,2026-08-04,C0943,P088,ST023,6,8984.24,0.05,5917.07
S011362,2026-01-26,C0358,P074,ST015,3,7483.16,0.0,5135.74
S011363,2025-01-09,C0076,P012,ST019,1,8131.53,0.0,5785.38
S011364,2026-06-09,C0851,P064,ST015,5,10706.73,0.0,7055.83
S011365,2025-09-17,C0273,P080,ST004,4,9286.57,0.02,7154.82
S011366,2025-12-07,C0343,P084,ST015,8,5400.64,0.02,4325.72
S011367,2026-07-17,C0648,P015,ST009,8,9392.04,0.0,7707.94
S011368,2026-05-13,C0496,P088,ST004,4,9498.54,0.05,5917.07
S011369,2026-02-11,C0686,P013,ST002,2,8702.22,0.0,6891.52
S011370,2026-03-04,C0982,P008,ST002,6,9021.08,0.0,6932.71
S011371,2026-12-29,C0278,P052,ST020,8,11975.93,0.1,8471.56
S011372,2025-08-16,C0037,P014,ST012,6,14609.92,0.02,9238.74
S011373,2025-10-01,C0808,P021,ST025,6,3775.8,0.02,2771.37
S011374,2026-06-11,C0631,P046,ST003,5,10209.71,0.02,7655.82
S011375,2025-09-15,C0856,P090,ST012,6,1629.21,0.02,1222.08
S011376,2026-08-06,C0899,P073,ST010,7,1834.48,0.05,1242.22
S011377,2025-01-26,C0845,P009,ST002,6,2623.72,0.05,1892.61
S011378,2025-08-19,C0797,P021,ST025,8,3562.51,0.05,2771.37
S011379,2026-03-31,C0257,P019,ST025,8,978.31,0.0,612.11
S011380,2025-02-20,C0717,P082,ST021,4,14764.89,0.1,11120.16
S011381,2026-11-18,C0081,P037,ST009,4,10850.29,0.02,8737.72
S011382,2025-01-12,C0660,P083,ST018,1,9375.91,0.02,7077.47
S011383,2026-01-08,C0920,P025,ST020,6,1516.65,0.0,935.06
S011384,2026-10-14,C0366,P038,ST020,6,7291.16,0.05,5677.06
S011385,2025-05-12,C0041,P057,ST025,4,6364.85,0.02,5530.0
S011386,2025-04-28,C0227,P005,ST018,7,11821.1,0.05,8535.69
S011387,2025-03-18,C0018,P004,ST016,2,12599.74,0.02,8062.0
S011388,2026-06-01,C0582,P035,ST013,2,764.64,0.1,516.87
S011389,2026-10-09,C0457,P002,ST018,2,547.49,0.05,336.51
S011390,2025-08-14,C0356,P067,ST013,5,11285.09,0.1,9162.6
S011391,2026-09-28,C0418,P018,ST010,1,4461.46,0.05,3821.41
S011392,2025-02-24,C0650,P059,ST017,6,1807.13,0.05,1382.59
S011393,2026-01-30,C0306,P055,ST021,6,11714.89,0.1,9400.32
S011394,2026-03-26,C0070,P079,ST013,7,1991.39,0.0,1464.98
S011395,2025-01-20,C0415,P089,ST002,1,12963.34,0.1,9447.14
S011396,2026-02-20,C0467,P076,ST023,7,9546.83,0.05,6054.39
S011397,2025-03-22,C0141,P086,ST003,4,701.43,0.05,517.95
S011398,2026-04-03,C0062,P033,ST024,2,14612.28,0.05,9814.74
S011399,2025-02-07,C0955,P061,ST014,7,6811.37,0.0,5605.37
S011400,2026-11-25,C0288,P048,ST024,8,1591.68,0.02,1279.89
S011401,2026-06-03,C0983,P061,ST023,6,9137.35,0.0,5605.37
S011402,2025-01-23,C0522,P016,ST024,2,9901.74,0.0,6754.56
S011403,2026-07-11,C0046,P051,ST021,6,17293.48,0.05,10925.82
S011404,2025-08-17,C0490,P009,ST018,4,2619.26,0.02,1892.61
S011405,2025-01-06,C0459,P007,ST022,6,8604.81,0.1,5642.26
S011406,2025-10-11,C0161,P074,ST019,1,7973.49,0.15,5135.74
S011407,2025-04-03,C0075,P050,ST018,3,18820.78,0.05,11552.3
S011408,2025-06-20,C0695,P030,ST020,8,15022.13,0.0,9460.8
S011409,2026-05-18,C0173,P021,ST001,2,3926.55,0.05,2771.37
S011410,2026-10-27,C0363,P064,ST022,4,9172.66,0.1,7055.83
S011411,2026-12-19,C0070,P076,ST011,1,7922.9,0.0,6054.39
S011412,2025-04-24,C0340,P020,ST007,6,6569.26,0.02,5381.43
S011413,2026-06-11,C0379,P089,ST001,7,14427.64,0.1,9447.14
S011414,2025-01-26,C0993,P001,ST005,6,3776.98,0.05,2598.92
S011415,2026-06-29,C0306,P079,ST020,1,2212.24,,1464.98
S011416,2026-01-21,C0106,P009,ST025,5,2240.25,0.02,1892.61
S011417,2026-09-23,C0659,P035,ST019,6,808.88,0.0,516.87
S011418,2025-03-15,C0506,P067,ST022,2,15069.41,0.02,9162.6
S011419,2026-11-10,C0263,P035,ST021,5,656.55,0.02,516.87
S011420,2025-09-13,C0883,P009,ST025,6,2226.74,0.02,1892.61
S011421,2026-09-01,C0430,P062,ST013,7,3765.24,0.1,2627.77
S011422,2026-07-06,C0643,P015,ST010,3,10314.48,0.1,7707.94
S011423,2025-01-21,C0174,P013,ST007,5,9398.27,0.0,6891.52
S011424,2026-07-04,C0834,P034,ST022,2,3353.77,0.0,2211.93
S011425,2025-04-20,C0902,P070,ST018,7,11906.93,0.05,7620.88
S011426,2025-04-25,C0832,P001,ST002,1,3972.24,0.15,2598.92
S011427,2025-01-15,C0299,P083,ST018,3,10621.88,0.05,7077.47
S011428,2025-10-30,C0367,P062,ST009,5,3496.04,0.1,2627.77
S011429,2025-10-12,C0074,P079,ST020,3,2300.35,0.02,1464.98
S011430,2026-04-10,C0637,P053,ST014,3,4882.93,0.0,3373.97
S011431,2025-06-15,C0573,P038,ST020,3,8964.77,,5677.06
S011432,2026-12-20,C0266,P019,ST024,6,935.52,0.02,612.11
S011433,2026-12-25,C0353,P079,ST015,5,2050.59,0.1,1464.98
S011434,2025-04-11,C0389,P089,ST020,8,13500.93,0.02,9447.14
S011435,2026-01-24,C0571,P015,ST025,7,9711.21,0.15,7707.94
S011436,2025-09-11,C0132,P088,ST005,1,7585.43,0.05,5917.07
S011437,2025-05-09,C0648,P030,ST007,8,13888.93,0.05,9460.8
S011438,2026-01-25,C0636,P068,ST025,6,13826.95,0.05,8703.69
S011439,2025-02-24,C0083,P036,ST019,5,2032.89,0.05,1308.06
S011440,2026-11-21,C0463,P013,ST023,1,11324.49,0.0,6891.52
S011441,2025-01-26,C0369,P031,ST013,5,10953.56,0.05,8055.68
S011442,2025-08-27,C0011,P006,ST024,2,13726.31,0.05,9423.57
S011443,2025-06-01,C0204,P090,ST017,3,1720.2,0.02,1222.08
S011444,2025-02-04,C0190,P012,ST008,8,7068.36,0.02,5785.38
S011445,2025-09-14,C0428,P040,ST005,5,9207.74,0.05,6137.28
S011446,2026-08-01,C0221,P067,ST024,1,13835.83,0.0,9162.6
S011447,2026-06-18,C0547,P076,ST010,7,8371.5,0.1,6054.39
S011448,2025-10-26,C0898,P083,ST009,1,11206.63,0.02,7077.47
S011449,2026-12-24,C0319,P032,ST020,1,7780.18,0.02,5025.05
S011450,2026-11-30,C0369,P006,ST010,2,12134.7,0.02,9423.57
S011451,2026-08-12,C0747,P058,ST009,3,4299.83,0.0,3448.84
S011452,2026-04-09,C0089,P008,ST014,4,9613.76,0.0,6932.71
S011453,2025-03-17,C0812,P025,ST003,7,1535.1,0.1,935.06
S011454,2025-12-25,C0411,P012,ST011,5,8272.12,0.0,5785.38
S011455,2025-07-05,C0139,P027,ST022,3,5932.33,0.0,3699.73
S011456,2025-11-08,C0529,P033,ST009,7,12894.14,0.1,9814.74
S011457,2025-08-05,C0417,P062,ST006,8,3727.61,0.0,2627.77
S011458,2025-02-13,C0579,P012,ST017,5,7857.89,0.1,5785.38
S011459,2025-11-14,C0030,P067,ST023,6,10849.56,0.0,9162.6
S011460,2026-06-10,C0192,P002,ST004,4,405.35,0.0,336.51
S011461,2025-11-16,C0903,P015,ST015,3,11587.67,0.0,7707.94
S011462,2025-03-19,C0471,P040,ST012,7,8219.5,0.0,6137.28
S011463,2026-06-01,C0695,P067,ST020,6,13001.35,0.05,9162.6
S011464,2026-03-22,C0365,P015,ST012,3,11282.17,0.0,7707.94
S011465,2025-04-28,C0018,P079,ST016,2,1745.47,0.05,1464.98
S011466,2026-01-12,C0881,P089,ST024,2,13755.9,0.0,9447.14
S011467,2025-10-12,C0476,P023,ST021,5,14847.47,0.02,10277.49
S011468,2026-04-05,C0899,P039,ST010,8,2831.41,0.0,2144.94
S011469,2025-08-26,C0952,P026,ST017,3,4126.29,0.0,3556.26
S011470,2025-08-10,C0655,P012,ST004,3,6888.19,0.1,5785.38
S011471,2025-01-06,C0108,P019,ST008,7,958.17,0.1,612.11
S011472,2026-01-17,C0337,P046,ST013,6,10806.85,0.05,7655.82
S011473,2026-07-06,C0826,P016,ST012,6,9605.38,0.02,6754.56
S011474,2026-08-22,C0703,P068,ST013,4,13704.44,0.0,8703.69
S011475,2025-10-08,C0918,P052,ST001,3,10243.02,0.0,8471.56
S011476,2025-07-07,C0750,P067,ST019,8,13357.92,0.05,9162.6
S011477,2025-12-03,C0755,P073,ST021,4,1430.01,0.05,1242.22
S011478,2025-08-27,C0948,P066,ST021,8,11887.03,0.1,10315.22
S011479,2025-06-15,C0412,P048,ST001,4,1738.12,0.05,1279.89
S011480,2026-09-15,C0246,P080,ST022,8,8385.76,0.05,7154.82
S011481,2025-07-31,C0264,P004,ST001,6,9332.54,0.0,8062.0
S011482,2025-07-17,C0172,P008,ST006,8,8116.28,0.05,6932.71
S011483,2026-02-18,C0896,P074,ST017,3,6372.48,0.0,5135.74
S011484,2025-09-26,C0129,P067,ST003,5,13271.11,0.05,9162.6
S011485,2025-12-03,C0303,P076,ST021,2,9218.75,0.0,6054.39
S011486,2025-04-27,C0887,P051,ST023,5,16069.31,0.05,10925.82
S011487,2025-06-12,C0196,P048,ST014,8,1694.81,0.05,1279.89
S011488,2026-11-05,C0342,P050,ST001,1,15468.57,0.0,11552.3
S011489,2025-01-28,C0986,P008,ST012,2,10020.73,0.0,6932.71
S011490,2026-07-28,C0669,P054,ST010,8,13751.79,0.02,11637.82
S011491,2025-06-05,C0312,P004,ST023,1,13256.94,0.02,8062.0
S011492,2026-11-02,C0468,P087,ST002,8,13584.85,0.0,11513.07
S011493,2026-09-27,C0091,P068,ST002,6,13766.84,0.0,8703.69
S011494,2026-04-21,C0526,P017,ST021,6,8804.99,0.1,6820.68
S011495,2026-09-18,C0675,P011,ST005,8,12551.32,0.05,8103.73
S011496,2025-07-25,C0909,P027,ST023,5,5953.18,0.02,3699.73
S011497,2026-08-20,C0054,P079,ST023,4,1689.47,0.15,1464.98
S011498,2025-12-12,C0497,P003,ST018,6,13068.32,0.02,9496.36
S011499,2025-06-07,C0174,P032,ST009,8,7808.37,0.05,5025.05
S011500,2026-02-27,C0544,P079,ST010,3,2023.74,0.0,1464.98
S011501,2026-12-20,C0904,P071,ST019,4,10196.73,0.0,7113.15
S011502,2025-06-24,C0976,P064,ST005,3,11162.5,0.05,7055.83
S011503,2025-02-17,C0451,P065,ST025,2,3211.89,0.02,2327.08
S011504,2026-03-21,C0003,P042,ST022,8,12089.57,0.05,8431.76
S011505,2025-11-30,C0796,P039,ST005,7,2701.36,0.02,2144.94
S011506,2025-06-09,C0251,P033,ST017,6,13135.24,0.02,9814.74
S011507,2025-07-23,C0178,P061,ST018,1,9052.91,0.0,5605.37
S011508,2025-10-22,C0761,P079,ST010,7,1844.6,0.02,1464.98
S011509,2025-11-03,C0210,P030,ST001,4,14529.34,0.0,9460.8
S011510,2025-07-17,C0008,P021,ST012,1,4245.34,0.0,2771.37
S011511,2025-05-10,C0325,P019,ST017,6,950.74,0.05,612.11
S011512,2025-06-11,C0652,P068,ST007,8,13796.25,0.05,8703.69
S011513,2025-05-27,C0657,P015,ST004,2,11086.05,0.02,7707.94
S011514,2026-12-18,C0498,P055,ST019,6,13605.34,0.0,9400.32
S011515,2025-02-07,C0745,P028,ST003,7,10846.09,0.1,8027.52
S011516,2026-09-28,C0565,P066,ST009,8,16424.09,0.02,10315.22
S011517,2025-09-12,C0679,P064,ST014,6,8678.33,0.05,7055.83
S011518,2025-02-03,C0931,P079,ST025,3,1973.34,0.1,1464.98
S011519,2025-08-23,C0962,P084,ST007,6,5519.82,0.0,4325.72
S011520,2025-04-14,C0109,P009,ST008,3,2796.47,0.0,1892.61
S011521,2026-07-27,C0782,P032,ST024,3,7449.53,0.0,5025.05
S011522,2026-01-14,C0650,P046,ST017,1,11967.13,0.02,7655.82
S011523,2026-09-12,C0065,P064,ST003,8,11552.29,0.02,7055.83
S011524,2025-02-25,C0376,P061,ST002,3,7707.15,0.05,5605.37
S011525,2025-12-31,C0352,P058,ST014,6,5434.82,0.02,3448.84
S011526,2025-02-11,C0502,P008,ST021,3,8240.5,0.0,6932.71
S011527,2026-04-23,C0567,P050,ST021,7,16710.94,0.02,11552.3
S011528,2025-07-12,C0219,P029,ST013,6,8382.64,0.05,6795.13
S011529,2026-12-24,C0117,P006,ST019,8,10891.07,0.05,9423.57
S011530,2026-05-23,C0270,P089,ST022,2,11479.96,0.02,9447.14
S011531,2026-03-17,C0536,P043,ST008,3,6604.46,0.0,5492.34
S011532,2026-09-10,C0136,P035,ST007,6,755.42,0.05,516.87
S011533,2026-01-15,C0487,P063,ST019,5,5996.61,0.0,3844.99
S011534,2025-04-28,C0679,P077,ST014,7,5212.2,0.0,4125.87
S011535,2026-10-02,C0719,P074,ST007,5,6839.43,0.02,5135.74
S011536,2025-11-04,C0687,P006,ST016,6,14171.88,0.1,9423.57
S011537,2025-03-21,C0734,P019,ST007,3,748.63,0.05,612.11
S011538,2026-04-20,C0960,P036,ST002,4,1644.69,0.15,1308.06
S011539,2026-12-02,C0997,P011,ST010,8,9674.48,0.0,8103.73
S011540,2025-10-31,C0049,P048,ST019,4,1765.61,0.05,1279.89
S011541,2026-09-26,C0724,P078,ST014,4,2406.87,0.0,1948.16
S011542,2026-09-30,C0702,P004,ST020,1,10859.01,0.0,8062.0
S011543,2026-09-25,C0805,P041,ST012,8,3004.02,0.02,2039.67
S011544,2026-09-10,C0521,P044,ST003,5,5970.57,0.05,4727.0
S011545,2025-11-22,C0410,P058,ST012,7,4157.37,0.05,3448.84
S011546,2025-01-24,C0745,P020,ST003,3,8733.33,0.05,5381.43
S011547,2026-04-25,C0872,P058,ST014,7,4493.25,0.0,3448.84
S011548,2026-03-10,C0804,P027,ST008,4,5812.01,0.02,3699.73
S011549,2026-11-11,C0126,P012,ST001,1,8767.67,0.0,5785.38
S011550,2025-04-25,C0825,P072,ST023,6,10343.43,0.02,7885.7
S011551,2025-02-04,C0980,P007,ST024,5,7591.67,0.1,5642.26
S011552,2025-09-23,C0981,P025,ST019,7,1253.91,0.1,935.06
S011553,2025-03-26,C0987,P058,ST013,1,4393.95,0.1,3448.84
S011554,2026-11-09,C0352,P027,ST015,7,5269.19,0.0,3699.73
S011555,2026-07-30,C0988,P011,ST020,5,9919.64,0.05,8103.73
S011556,2025-04-15,C0845,P068,ST004,5,11225.04,0.02,8703.69
S011557,2025-05-28,C0311,P001,ST005,8,3241.67,0.0,2598.92
S011558,2026-09-05,C0135,P007,ST020,8,7513.32,0.05,5642.26
S011559,2026-02-17,C0705,P048,ST001,7,1513.84,0.0,1279.89
S011560,2026-06-30,C0317,P048,ST024,8,1897.54,0.1,1279.89
S011561,2026-01-06,C0182,P054,ST010,8,14990.11,0.02,11637.82
S011562,2026-01-13,C0244,P060,ST010,1,17738.94,0.1,10855.58
S011563,2026-09-06,C0427,P016,ST021,1,8429.54,0.1,6754.56
S011564,2025-01-15,C0132,P043,ST004,2,8214.5,0.02,5492.34
S011565,2025-06-25,C0535,P051,ST017,8,17332.35,0.0,10925.82
S011566,2026-02-22,C0158,P066,ST018,4,14619.85,0.02,10315.22
S011567,2026-07-11,C0973,P044,ST014,7,7638.64,0.0,4727.0
S011568,2026-01-14,C0941,P071,ST004,5,8350.24,0.0,7113.15
S011569,2026-04-05,C0632,P063,ST015,8,5284.68,0.0,3844.99
S011570,2026-01-15,C0606,P088,ST011,8,8054.36,0.05,5917.07
S011571,2025-02-20,C0732,P041,ST001,2,3204.23,0.02,2039.67
S011572,2026-07-11,C0571,P063,ST024,2,4989.82,0.05,3844.99
S011573,2026-05-28,C0621,P008,ST020,2,11278.02,0.0,6932.71
S011574,2026-12-03,C0089,P007,ST017,3,9193.2,0.02,5642.26
S011575,2026-06-21,C0707,P081,ST008,6,3653.47,0.05,2254.47
S011576,2025-04-09,C0376,P047,ST002,7,6878.25,0.05,4501.3
S011577,2026-09-22,C0708,P046,ST020,8,11840.82,0.1,7655.82
S011578,2026-09-07,C0822,P024,ST010,8,3715.76,0.0,2998.79
S011579,2026-01-14,C0820,P022,ST012,3,6261.67,0.02,5050.21
S011580,2026-10-17,C0538,P005,ST013,7,10922.03,0.1,8535.69
S011581,2026-10-21,C0741,P015,ST008,4,12259.78,0.0,7707.94
S011582,2025-07-05,C0009,P075,ST010,3,1051.02,0.02,738.97
S011583,2025-03-23,C0828,P033,ST005,4,13427.08,0.05,9814.74
S011584,2026-05-21,C0954,P024,ST002,6,4653.87,0.0,2998.79
S011585,2026-04-17,C0692,P032,ST013,6,6059.9,0.02,5025.05
S011586,2025-12-20,C0472,P013,ST015,5,8733.66,0.0,6891.52
S011587,2025-11-04,C0442,P049,ST010,6,2459.88,0.05,1636.57
S011588,2025-09-03,C0097,P051,ST013,2,15867.61,0.02,10925.82
S011589,2026-06-19,C0367,P016,ST009,1,9285.63,0.0,6754.56
S011590,2026-11-03,C0711,P032,ST005,3,6446.23,0.05,5025.05
S011591,2026-12-10,C0106,P043,ST023,8,7307.57,0.05,5492.34
S011592,2026-04-07,C0682,P026,ST017,6,4162.08,0.0,3556.26
S011593,2025-01-07,C0076,P048,ST018,3,1538.15,0.15,1279.89
S011594,2026-11-20,C0139,P031,ST025,1,12885.02,0.02,8055.68
S011595,2025-09-27,C0719,P052,ST008,4,13929.84,0.05,8471.56
S011596,2025-10-03,C0678,P072,ST012,3,9170.46,0.05,7885.7
S011597,2026-06-09,C0913,P011,ST002,3,12386.24,0.02,8103.73
S011598,2026-03-06,C0601,P071,ST004,8,9180.56,0.0,7113.15
S011599,2026-06-22,C0344,P041,ST006,1,2773.19,0.05,2039.67
S011600,2026-07-22,C0549,P069,ST018,4,6549.7,0.0,5327.09
S011601,2025-11-29,C0747,P025,ST006,7,1165.3,0.05,935.06
S011602,2025-05-17,C0450,P065,ST004,3,2950.5,0.0,2327.08
S011603,2026-08-12,C0498,P043,ST018,7,7355.52,0.0,5492.34
S011604,2026-05-01,C0842,P009,ST019,1,2524.26,0.05,1892.61
S011605,2026-10-13,C0325,P044,ST017,8,6569.56,0.05,4727.0
S011606,2026-08-07,C0240,P068,ST018,4,10143.88,0.05,8703.69
S011607,2025-03-18,C0780,P062,ST011,1,3590.86,0.05,2627.77
S011608,2026-06-26,C0756,P090,ST025,7,1469.63,0.02,1222.08
S011609,2026-12-21,C0003,P026,ST024,5,4591.69,0.05,3556.26
S011610,2026-04-04,C0772,P015,ST024,8,11557.9,0.02,7707.94
S011611,2026-01-21,C0168,P071,ST014,3,8599.12,0.0,7113.15
S011612,2026-06-23,C0672,P006,ST003,1,13946.27,0.1,9423.57
S011613,2026-07-30,C0643,P020,ST010,7,7484.3,0.05,5381.43
S011614,2026-09-16,C0062,P055,ST023,2,10815.26,0.02,9400.32
S011615,2026-09-18,C0797,P059,ST023,5,1607.08,0.05,1382.59
S011616,2025-01-14,C0109,P080,ST007,2,10726.62,0.0,7154.82
S011617,2025-12-25,C0441,P036,ST013,1,1669.47,0.02,1308.06
S011618,2025-09-08,C0181,P063,ST024,8,5030.04,0.05,3844.99
S011619,2025-08-11,C0734,P024,ST008,5,4546.93,0.0,2998.79
S011620,2025-12-19,C0176,P071,ST007,7,9435.48,0.1,7113.15
S011621,2026-06-12,C0681,P074,ST004,1,6338.76,0.0,5135.74
S011622,2026-03-31,C0884,P029,ST013,3,8634.45,0.0,6795.13
S011623,2025-02-19,C0167,P048,ST009,4,2016.61,0.0,1279.89
S011624,2025-12-15,C0746,P076,ST006,8,7074.14,0.05,6054.39
S011625,2025-05-02,C0953,P041,ST007,6,2645.81,0.0,2039.67
S011626,2025-02-14,C0246,P037,ST025,1,14150.21,0.1,8737.72
S011627,2026-09-10,C0632,P030,ST017,6,15477.0,0.05,9460.8
S011628,2026-11-20,C0683,P051,ST009,3,17389.99,0.02,10925.82
S011629,2026-02-05,C0057,P016,ST016,8,11102.86,0.05,6754.56
S011630,2025-01-16,C0713,P008,ST023,1,9433.63,0.0,6932.71
S011631,2026-08-07,C0615,P044,ST021,5,5785.5,0.02,4727.0
S011632,2025-10-08,C0382,P064,ST008,7,11104.18,0.02,7055.83
S011633,2026-10-15,C0839,P088,ST011,7,8664.42,0.0,5917.07
S011634,2025-10-04,C0444,P073,ST007,2,1579.43,0.0,1242.22
S011635,2025-03-12,C0001,P027,ST012,8,5084.75,0.0,3699.73
S011636,2026-08-20,C0436,P002,ST011,1,411.75,0.0,336.51
S011637,2025-01-22,C0409,P039,ST020,3,3015.47,0.0,2144.94
S011638,2025-01-01,C0709,P007,ST004,8,6969.16,0.0,5642.26
S011639,2025-08-07,C0116,P057,ST018,3,8154.49,0.0,5530.0
S011640,2026-08-28,C0847,P046,ST009,2,9125.06,0.1,7655.82
S011641,2026-01-03,C0460,P030,ST015,7,11280.61,0.05,9460.8
S011642,2025-07-07,C0845,P017,ST004,6,10442.52,0.05,6820.68
S011643,2026-06-24,C0199,P041,ST001,3,2428.54,0.0,2039.67
S011644,2025-01-27,C0885,P033,ST016,2,13503.92,0.1,9814.74
S011645,2026-09-07,C0327,P012,ST017,2,8883.27,0.02,5785.38
S011646,2025-12-04,C0220,P063,ST014,6,5205.26,0.02,3844.99
S011647,2025-11-15,C0781,P082,ST004,8,14474.24,0.0,11120.16
S011648,2026-11-04,C0166,P004,ST010,5,10073.69,0.05,8062.0
S011649,2025-12-29,C0677,P017,ST024,3,8154.77,0.0,6820.68
S011650,2025-06-14,C0858,P031,ST003,1,11826.85,0.02,8055.68
S011651,2025-05-26,C0175,P016,ST008,4,10546.53,0.0,6754.56
S011652,2026-08-31,C0565,P015,ST007,4,8888.19,0.0,7707.94
S011653,2026-07-28,C0688,P069,ST005,4,8251.68,0.1,5327.09
S011654,2025-11-23,C0396,P050,ST004,5,18904.71,0.0,11552.3
S011655,2025-10-06,C0283,P043,ST002,1,8867.45,0.02,5492.34
S011656,2025-12-23,C0443,P044,ST005,4,6489.27,0.1,4727.0
S011657,2026-04-20,C0352,P072,ST016,6,12522.4,0.15,7885.7
S011658,2025-04-23,C0963,P023,ST019,8,15402.52,0.05,10277.49
S011659,2025-03-22,C0224,P026,ST002,1,4731.78,0.05,3556.26
S011660,2026-07-29,C0603,P051,ST024,5,14588.34,0.1,10925.82
S011661,2025-09-22,C0525,P070,ST007,4,11958.71,0.05,7620.88
S011662,2025-01-19,C0955,P010,ST014,1,2476.26,0.0,1595.73
S011663,2025-06-17,C0026,P019,ST007,6,992.37,0.05,612.11
S011664,2026-06-09,C0260,P062,ST010,4,3338.61,0.0,2627.77
S011665,2025-01-27,C0904,P010,ST020,6,2176.79,0.0,1595.73
S011666,2026-04-19,C0292,P048,ST021,1,1874.56,0.05,1279.89
S011667,2026-10-06,C0062,P026,ST023,2,4933.58,0.05,3556.26
S011668,2025-05-09,C0587,P020,ST002,8,6427.42,0.05,5381.43
S011669,2026-05-26,C0682,P022,ST017,6,6772.38,0.0,5050.21
S011670,2025-06-01,C0314,P050,ST005,6,13806.77,0.05,11552.3
S011671,2025-07-31,C0997,P016,ST013,2,9030.1,0.0,6754.56
S011672,2026-05-04,C0603,P034,ST025,3,2857.35,0.02,2211.93
S011673,2026-10-25,C0605,P064,ST013,2,9996.39,0.05,7055.83
S011674,2025-12-26,C0922,P069,ST017,1,7893.14,0.0,5327.09
S011675,2025-07-25,C0190,P072,ST007,4,9173.82,0.02,7885.7
S011676,2025-09-21,C0453,P029,ST006,8,11015.64,0.0,6795.13
S011677,2026-01-11,C0807,P047,ST021,5,5433.36,0.05,4501.3
S011678,2026-01-30,C0634,P089,ST022,8,14562.31,0.02,9447.14
S011679,2025-10-30,C0435,P029,ST022,4,8208.02,0.0,6795.13
S011680,2026-09-22,C0882,P015,ST021,1,12211.64,0.0,7707.94
S011681,2026-01-02,C0134,P058,ST017,7,5411.6,0.0,3448.84
S011682,2025-02-12,C0830,P077,ST004,8,6131.29,0.1,4125.87
S011683,2025-01-20,C0696,P089,ST016,1,14072.83,0.15,9447.14
S011684,2026-08-05,C0495,P038,ST005,4,8946.02,0.05,5677.06
S011685,2026-04-17,C0322,P028,ST004,1,9295.9,0.02,8027.52
S011686,2026-03-03,C0238,P003,ST012,2,15172.04,0.0,9496.36
S011687,2025-01-15,C0439,P049,ST023,8,2478.77,0.02,1636.57
S011688,2026-11-09,C0031,P085,ST006,8,10816.29,0.0,7193.26
S011689,2026-09-21,C0634,P044,ST024,6,6135.35,0.1,4727.0
S011690,2025-01-22,C0412,P069,ST003,7,7198.95,0.0,5327.09
S011691,2026-08-20,C0668,P080,ST005,6,11574.51,0.0,7154.82
S011692,2025-05-13,C0955,P088,ST017,1,8427.07,0.0,5917.07
S011693,2026-05-17,C0340,P077,ST007,3,6583.91,0.05,4125.87
S011694,2025-05-17,C0737,P069,ST007,3,8749.48,0.05,5327.09
S011695,2025-01-22,C0974,P014,ST023,4,14509.41,0.05,9238.74
S011696,2025-07-14,C0376,P050,ST004,4,15818.2,0.05,11552.3
S011697,2025-08-31,C0972,P041,ST013,6,2803.39,0.0,2039.67
S011698,2025-08-28,C0203,P016,ST021,6,11025.37,0.0,6754.56
S011699,2026-12-12,C0291,P057,ST023,4,7452.38,0.05,5530.0
S011700,2026-11-27,C0563,P036,ST003,8,1543.83,0.0,1308.06
S011701,2025-12-31,C0492,P005,ST022,7,10217.3,0.0,8535.69
S011702,2026-10-25,C0325,P005,ST017,6,12278.47,0.1,8535.69
S011703,2025-10-19,C0018,P054,ST016,8,15746.29,0.05,11637.82
S011704,2026-02-21,C0955,P003,ST014,8,11447.28,0.02,9496.36
S011705,2026-07-02,C0225,P065,ST015,1,3819.83,0.02,2327.08
S011706,2025-08-08,C0336,P017,ST009,7,9849.23,0.1,6820.68
S011707,2026-09-16,C0758,P005,ST003,6,11719.46,0.0,8535.69
S011708,2026-11-20,C0772,P072,ST024,8,13006.45,0.1,7885.7
S011709,2026-08-18,C0370,P077,ST004,5,5480.85,0.0,4125.87
S011710,2025-04-01,C0377,P081,ST006,2,3603.55,0.15,2254.47
S011711,2025-08-12,C0832,P012,ST005,6,8289.55,0.1,5785.38
S011712,2025-04-30,C0741,P017,ST007,4,11114.48,0.02,6820.68
S011713,2025-07-16,C0527,P045,ST020,7,5075.46,0.0,3792.77
S011714,2026-05-02,C0577,P022,ST014,3,7198.16,0.05,5050.21
S011715,2025-02-21,C0937,P015,ST012,3,9528.76,0.0,7707.94
S011716,2026-08-11,C0320,P016,ST014,1,8960.68,0.05,6754.56
S011717,2026-07-05,C0708,P042,ST020,2,13801.71,0.05,8431.76
S011718,2025-05-15,C0016,P082,ST021,5,18043.87,0.1,11120.16
S011719,2026-01-31,C0986,P056,ST010,6,13140.28,0.1,8673.46
S011720,2026-03-26,C0425,P048,ST017,1,1933.9,0.1,1279.89
S011721,2025-11-08,C0736,P003,ST022,3,11620.16,0.15,9496.36
S011722,2026-10-07,C0780,P044,ST012,2,5674.22,0.0,4727.0
S011723,2026-09-02,C0085,P001,ST006,1,3153.1,0.15,2598.92
S011724,2026-10-12,C0254,P039,ST021,5,3215.68,0.0,2144.94
S011725,2026-11-02,C0937,P070,ST012,3,10142.24,0.05,7620.88
S011726,2025-02-17,C0357,P065,ST011,1,2894.6,0.05,2327.08
S011727,2026-09-14,C0221,P021,ST025,4,3520.35,0.1,2771.37
S011728,2026-01-13,C0900,P016,ST002,4,7892.91,0.05,6754.56
S011729,2025-10-02,C0691,P056,ST016,6,10078.12,0.0,8673.46
S011730,2025-08-05,C0740,P082,ST016,5,14295.98,0.1,11120.16
S011731,2026-02-05,C0515,P074,ST023,2,7485.28,0.02,5135.74
S011732,2026-03-30,C0181,P066,ST023,6,14548.28,0.02,10315.22
S011733,2025-04-12,C0102,P034,ST018,7,2818.19,0.1,2211.93
S011734,2026-05-30,C0968,P029,ST006,5,9110.93,0.0,6795.13
S011735,2025-11-23,C0307,P030,ST023,1,12812.67,0.1,9460.8
S011736,2026-08-18,C0436,P048,ST012,5,1550.36,0.15,1279.89
S011737,2025-02-02,C0696,P056,ST015,7,12969.2,0.02,8673.46
S011738,2025-04-02,C0427,P072,ST020,4,11181.65,0.05,7885.7
S011739,2026-09-05,C0897,P080,ST009,4,10126.08,0.05,7154.82
S011740,2025-03-22,C0978,P030,ST020,4,14089.38,0.05,9460.8
S011741,2025-04-22,C0575,P083,ST021,1,11120.36,0.1,7077.47
S011742,2025-09-10,C0425,P025,ST016,6,1226.33,0.0,935.06
S011743,2026-01-08,C0594,P005,ST007,3,13493.98,0.0,8535.69
S011744,2026-02-27,C0072,P050,ST017,3,17744.45,0.02,11552.3
S011745,2026-06-26,C0292,P020,ST020,4,8155.57,0.05,5381.43
S011746,2026-04-14,C0684,P067,ST020,8,11114.31,0.05,9162.6
S011747,2025-11-09,C0164,P090,ST012,1,1824.11,0.1,1222.08
S011748,2026-02-06,C0129,P010,ST001,3,2093.05,0.0,1595.73
S011749,2026-01-04,C0310,P028,ST015,4,9319.52,0.0,8027.52
S011750,2025-05-01,C0410,P024,ST010,5,3767.33,0.1,2998.79
S011751,2025-03-26,C0591,P025,ST006,2,1149.07,,935.06
S011752,2025-08-11,C0708,P028,ST021,3,13137.77,0.05,8027.52
S011753,2026-12-13,C0963,P031,ST020,6,11075.78,0.02,8055.68
S011754,2025-06-08,C0962,P037,ST007,2,10638.93,0.05,8737.72
S011755,2025-01-11,C0353,P050,ST015,7,15371.04,0.0,11552.3
S011756,2025-10-28,C0742,P090,ST016,4,1953.67,0.02,1222.08
S011757,2025-10-03,C0432,P084,ST023,4,6699.35,0.0,4325.72
S011758,2026-02-13,C0102,P074,ST021,6,6036.7,0.05,5135.74
S011759,2026-02-28,C0770,P022,ST006,4,8142.07,0.05,5050.21
S011760,2025-09-20,C0728,P067,ST018,7,14346.89,0.0,9162.6
S011761,2025-05-22,C0834,P036,ST024,8,2034.21,0.1,1308.06
S011762,2026-02-15,C0512,P030,ST025,5,12817.49,0.0,9460.8
S011763,2026-07-07,C0220,P061,ST017,3,6581.01,0.05,5605.37
S011764,2025-12-12,C0095,P036,ST025,4,2026.47,0.0,1308.06
S011765,2026-10-01,C0432,P064,ST023,4,8924.78,0.0,7055.83
S011766,2025-07-07,C0880,P046,ST012,1,11201.63,0.05,7655.82
S011767,2026-04-29,C0793,P035,ST007,4,801.6,0.15,516.87
S011768,2025-08-03,C0978,P060,ST020,1,16162.97,0.05,10855.58
S011769,2025-09-03,C0894,P053,ST024,8,4637.4,0.1,3373.97
S011770,2025-11-30,C0666,P073,ST001,1,2008.37,0.05,1242.22
S011771,2025-10-07,C0395,P043,ST004,4,7940.21,0.05,5492.34
S011772,2025-07-02,C0953,P038,ST009,1,7806.86,0.0,5677.06
S011773,2025-12-16,C0333,P071,ST001,6,11502.69,0.05,7113.15
S011774,2026-07-08,C0262,P009,ST025,3,2748.61,0.05,1892.61
S011775,2025-06-30,C0304,P082,ST002,3,17227.97,0.0,11120.16
S011776,2026-11-08,C0329,P044,ST004,6,6158.66,0.02,4727.0
S011777,2026-03-02,C0932,P004,ST017,2,9416.4,0.0,8062.0
S011778,2025-04-11,C0438,P060,ST014,7,13455.02,0.02,10855.58
S011779,2026-10-22,C0100,P042,ST001,5,11055.3,0.05,8431.76
S011780,2025-01-19,C0924,P051,ST015,3,14110.87,0.05,10925.82
S011781,2025-12-07,C0158,P035,ST018,7,711.65,0.1,516.87
S011782,2026-10-23,C0861,P061,ST003,8,6751.13,0.0,5605.37
S011783,2025-06-15,C0298,P067,ST010,3,11485.41,0.0,9162.6
S011784,2025-08-03,C0347,P053,ST012,7,5549.87,0.0,3373.97
S011785,2025-07-14,C0010,P065,ST002,7,3180.85,0.02,2327.08
S011786,2025-12-17,C0470,P012,ST013,2,8423.97,0.1,5785.38
S011787,2026-04-19,C0388,P067,ST023,5,14757.34,0.05,9162.6
S011788,2025-10-12,C0525,P060,ST006,3,16583.25,0.05,10855.58
S011789,2026-03-25,C0932,P026,ST014,1,5198.17,0.0,3556.26
S011790,2025-10-12,C0474,P041,ST023,1,3166.82,0.02,2039.67
S011791,2025-10-16,C0826,P080,ST012,4,9927.9,0.0,7154.82
S011792,2025-10-17,C0826,P026,ST012,4,4946.6,0.02,3556.26
S011793,2026-05-28,C0579,P049,ST017,5,2417.87,0.05,1636.57
S011794,2025-11-14,C0707,P033,ST009,4,16099.07,0.05,9814.74
S011795,2026-10-29,C0045,P042,ST020,6,11907.2,0.05,8431.76
S011796,2025-09-04,C0310,P058,ST017,7,4703.76,0.05,3448.84
S011797,2026-03-25,C0146,P044,ST008,3,6426.11,0.05,4727.0
S011798,2025-09-15,C0133,P060,ST005,2,14436.69,0.0,10855.58
S011799,2026-09-11,C0450,P074,ST005,7,7553.98,0.02,5135.74
S011800,2025-04-29,C0142,P081,ST004,3,2716.01,0.0,2254.47
S011801,2026-08-03,C0956,P068,ST009,7,12485.1,0.0,8703.69
S011802,2025-10-18,C0887,P056,ST024,3,10795.48,0.02,8673.46
S011803,2025-10-16,C0874,P057,ST025,1,6807.25,0.05,5530.0
S011804,2025-03-30,C0860,P064,ST008,1,9150.66,0.0,7055.83
S011805,2025-12-29,C0982,P013,ST004,8,7968.89,0.05,6891.52
S011806,2025-11-16,C0418,P047,ST013,4,7341.48,0.0,4501.3
S011807,2026-07-13,C0576,P037,ST002,5,12104.06,0.02,8737.72
S011808,2025-12-07,C0313,P041,ST020,5,3233.58,0.02,2039.67
S011809,2026-04-22,C0650,P077,ST014,7,5025.95,0.02,4125.87
S011810,2025-10-18,C0489,P061,ST012,7,8836.84,0.05,5605.37
S011811,2026-05-29,C0256,P025,ST010,4,1224.74,0.15,935.06
S011812,2025-11-19,C0070,P044,ST013,5,6343.94,0.05,4727.0
S011813,2026-06-24,C0687,P006,ST015,1,13158.26,0.05,9423.57
S011814,2026-05-07,C0120,P087,ST015,5,16281.54,0.0,11513.07
S011815,2025-03-28,C0836,P082,ST016,7,14194.23,0.0,11120.16
S011816,2025-01-19,C0548,P019,ST024,6,906.23,0.02,612.11
S011817,2025-08-31,C0270,P031,ST024,1,12591.46,0.0,8055.68
S011818,2026-07-27,C0014,P062,ST011,8,3492.92,0.05,2627.77
S011819,2025-04-14,C0480,P069,ST001,7,7674.49,0.0,5327.09
S011820,2025-09-15,C0097,P045,ST011,7,5412.59,0.05,3792.77
S011821,2026-08-12,C0709,P030,ST005,8,13651.74,0.05,9460.8
S011822,2026-09-14,C0214,P049,ST016,5,2482.7,0.0,1636.57
S011823,2026-04-04,C0239,P001,ST008,5,4152.82,0.0,2598.92
S011824,2026-12-04,C0850,P073,ST019,5,2027.63,0.02,1242.22
S011825,2026-07-06,C0652,P078,ST006,8,2757.3,0.02,1948.16
S011826,2026-11-16,C0763,P069,ST001,1,8370.73,0.1,5327.09
S011827,2025-01-23,C0886,P002,ST008,5,551.55,0.05,336.51
S011828,2025-01-08,C0380,P061,ST022,8,8946.92,0.1,5605.37
S011829,2025-10-19,C0215,P074,ST013,3,6316.94,0.05,5135.74
S011830,2025-01-28,C0100,P021,ST005,1,3337.25,0.02,2771.37
S011831,2025-08-08,C0216,P084,ST013,1,6087.12,0.05,4325.72
S011832,2025-11-04,C0817,P039,ST018,3,3243.76,0.1,2144.94
S011833,2025-12-20,C0071,P030,ST021,3,14369.87,0.0,9460.8
S011834,2026-06-25,C0698,P046,ST025,1,9853.61,0.0,7655.82
S011835,2026-08-01,C0524,P010,ST004,3,1965.8,0.0,1595.73
S011836,2026-11-23,C0773,P035,ST025,6,758.79,0.1,516.87
S011837,2025-12-07,C0679,P061,ST017,4,8031.61,0.05,5605.37
S011838,2025-11-30,C0338,P045,ST017,1,5170.43,0.02,3792.77
S011839,2025-02-08,C0150,P064,ST005,8,8673.59,0.02,7055.83
S011840,2026-08-11,C0303,P030,ST019,5,11324.32,0.1,9460.8
S011841,2026-03-15,C0641,P075,ST002,7,1134.65,0.0,738.97
S011842,2025-05-23,C0778,P069,ST005,8,8618.34,0.1,5327.09
S011843,2026-07-18,C0097,P039,ST011,3,3422.53,0.02,2144.94
S011844,2026-11-27,C0391,P063,ST018,1,5116.68,0.02,3844.99
S011845,2025-03-29,C0908,P030,ST021,3,11004.88,0.0,9460.8
S011846,2025-08-09,C0783,P061,ST016,2,9154.69,0.0,5605.37
S011847,2025-04-21,C0659,P011,ST021,2,12385.66,0.0,8103.73
S011848,2026-04-09,C0532,P088,ST014,7,7309.88,0.02,5917.07
S011849,2025-04-20,C0579,P070,ST014,5,11222.89,0.1,7620.88
S011850,2025-09-21,C0727,P014,ST024,1,11321.49,0.02,9238.74
S011851,2025-07-06,C0744,P030,ST011,2,15342.46,0.05,9460.8
S011852,2025-11-20,C0148,P012,ST008,4,8624.81,0.0,5785.38
S011853,2026-03-21,C0421,P087,ST002,5,18335.82,0.05,11513.07
S011854,2026-07-27,C0703,P049,ST010,7,2311.9,0.0,1636.57
S011855,2025-09-04,C0496,P054,ST003,5,18172.77,0.02,11637.82
S011856,2025-06-10,C1000,P047,ST020,4,6120.33,0.0,4501.3
S011857,2025-08-11,C0791,P043,ST008,6,8604.88,0.0,5492.34
S011858,2025-02-17,C0896,P076,ST014,4,8354.61,0.1,6054.39
S011859,2025-05-08,C0427,P026,ST019,4,4356.09,0.05,3556.26
S011860,2025-08-12,C0660,P063,ST021,8,4967.99,0.0,3844.99
S011861,2025-10-14,C0835,P087,ST006,3,15274.39,0.02,11513.07
S011862,2026-12-23,C0855,P067,ST022,4,14930.32,0.05,9162.6
S011863,2026-08-29,C0892,P057,ST019,4,6865.12,0.1,5530.0
S011864,2025-05-31,C0241,P010,ST012,2,2510.13,0.0,1595.73
S011865,2025-01-06,C0135,P056,ST018,4,10760.31,0.0,8673.46
S011866,2025-01-28,C0242,P024,ST024,2,4728.77,0.1,2998.79
S011867,2026-01-02,C0412,P053,ST005,7,4514.97,0.1,3373.97
S011868,2025-11-13,C0089,P048,ST016,8,1675.14,0.05,1279.89
S011869,2025-07-24,C0262,P059,ST024,6,1656.91,0.05,1382.59
S011870,2026-07-14,C0346,P010,ST008,4,2024.53,0.05,1595.73
S011871,2025-10-02,C0766,P012,ST014,3,7475.84,0.05,5785.38
S011872,2026-06-17,C0871,P022,ST015,4,7422.93,0.1,5050.21
S011873,2025-04-20,C0204,P089,ST016,1,12577.68,0.05,9447.14
S011874,2025-03-01,C0496,P030,ST004,3,12463.12,0.05,9460.8
S011875,2025-05-22,C0198,P058,ST020,4,4865.72,0.05,3448.84
S011876,2026-10-11,C0101,P049,ST025,8,2597.71,0.1,1636.57
S011877,2025-08-06,C0157,P076,ST023,5,9718.38,0.0,6054.39
S011878,2025-03-04,C0878,P088,ST022,5,7641.58,0.0,5917.07
S011879,2025-09-20,C0653,P066,ST007,7,14067.95,0.02,10315.22
S011880,2026-06-22,C0199,P049,ST005,4,2424.32,0.05,1636.57
S011881,2026-02-27,C0813,P066,ST004,8,16044.86,0.0,10315.22
S011882,2026-12-24,C0789,P012,ST017,1,7041.58,0.0,5785.38
S011883,2025-06-28,C0938,P077,ST013,1,5513.06,0.02,4125.87
S011884,2026-08-18,C0165,P046,ST023,8,9849.85,0.0,7655.82
S011885,2025-06-24,C0782,P020,ST025,7,8833.27,0.0,5381.43
S011886,2025-05-13,C0034,P089,ST025,4,12265.5,0.1,9447.14
S011887,2026-12-09,C0227,P049,ST019,6,2099.35,0.1,1636.57
S011888,2025-01-08,C0258,P037,ST009,1,11057.71,0.05,8737.72
S011889,2025-12-06,C0288,P026,ST022,4,5578.81,0.0,3556.26
S011890,2025-06-19,C0355,P089,ST020,4,12734.79,0.0,9447.14
S011891,2026-12-18,C0034,P020,ST022,3,7903.48,0.05,5381.43
S011892,2025-09-25,C0601,P068,ST001,3,10032.27,0.02,8703.69
S011893,2025-03-30,C0896,P033,ST015,6,15153.16,0.0,9814.74
S011894,2026-04-05,C0817,P036,ST021,5,1717.18,0.05,1308.06
S011895,2025-08-24,C0392,P069,ST018,2,7661.56,0.02,5327.09
S011896,2025-10-29,C0381,P075,ST025,2,1189.38,0.0,738.97
S011897,2025-09-01,C0094,P036,ST017,8,1812.55,0.0,1308.06
S011898,2026-08-23,C0161,P068,ST018,4,12337.03,0.05,8703.69
S011899,2026-11-04,C0756,P034,ST022,1,2792.35,0.1,2211.93
S011900,2026-07-25,C0134,P078,ST014,7,2501.51,0.05,1948.16
S011901,2025-07-01,C0018,P053,ST014,4,4889.69,0.0,3373.97
S011902,2026-12-17,C0409,P015,ST019,1,10156.88,0.0,7707.94
S011903,2026-12-29,C0160,P083,ST017,8,11138.45,0.1,7077.47
S011904,2025-07-25,C0630,P074,ST014,6,7955.85,0.02,5135.74
S011905,2025-01-16,C0642,P035,ST025,7,783.8,0.0,516.87
S011906,2025-03-03,C0040,P021,ST018,2,3698.86,0.0,2771.37
S011907,2025-03-07,C0657,P015,ST004,1,9358.89,0.05,7707.94
S011908,2026-04-03,C0823,P055,ST004,6,11962.52,0.05,9400.32
S011909,2026-07-29,C0619,P085,ST002,5,9068.93,0.0,7193.26
S011910,2025-01-06,C1000,P035,ST020,1,594.85,0.0,516.87
S011911,2026-04-08,C0400,P037,ST023,5,14240.26,0.05,8737.72
S011912,2026-11-21,C0165,P039,ST024,8,2936.63,0.02,2144.94
S011913,2025-12-26,C0209,P065,ST016,7,3805.85,0.02,2327.08
S011914,2026-12-04,C0158,P039,ST018,8,2594.27,0.05,2144.94
S011915,2026-07-14,C0416,P033,ST005,8,14746.64,0.15,9814.74
S011916,2026-01-22,C0937,P029,ST011,5,8875.87,0.02,6795.13
S011917,2026-10-21,C0605,P042,ST010,7,11864.54,0.0,8431.76
S011918,2026-10-30,C0710,P085,ST022,3,9041.4,0.05,7193.26
S011919,2026-09-11,C0052,P055,ST005,2,12223.01,0.02,9400.32
S011920,2026-08-20,C0580,P026,ST022,6,5817.92,0.1,3556.26
S011921,2025-05-04,C0179,P050,ST006,7,13631.78,0.02,11552.3
S011922,2025-04-26,C0312,P017,ST023,5,10030.67,0.02,6820.68
S011923,2026-03-04,C0714,P076,ST022,7,8024.32,0.0,6054.39
S011924,2026-06-11,C0112,P075,ST022,3,1204.19,0.02,738.97
S011925,2025-04-17,C0605,P043,ST011,7,8842.67,0.0,5492.34
S011926,2026-04-19,C0835,P072,ST007,4,10151.74,0.02,7885.7
S011927,2025-03-29,C0107,P013,ST014,2,10085.32,0.05,6891.52
S011928,2025-03-12,C0577,P051,ST016,3,15601.28,0.1,10925.82
S011929,2025-06-23,C0041,P021,ST024,7,4092.28,0.0,2771.37
S011930,2025-03-11,C0822,P069,ST010,3,6526.96,0.05,5327.09
S011931,2025-03-07,C0340,P001,ST006,8,3110.67,0.02,2598.92
S011932,2026-08-23,C0385,P083,ST004,2,8263.59,0.0,7077.47
S011933,2026-05-22,C0606,P087,ST011,8,17354.76,0.05,11513.07
S011934,2026-06-14,C0750,P066,ST018,5,16945.86,0.05,10315.22
S011935,2025-06-15,C0419,P002,ST016,8,446.86,0.05,336.51
S011936,2026-07-05,C0859,P007,ST025,1,7574.04,0.1,5642.26
S011937,2026-04-25,C0832,P067,ST004,3,12870.51,0.1,9162.6
S011938,2025-08-24,C0663,P070,ST024,4,11420.23,0.0,7620.88
S011939,2026-12-05,C0114,P056,ST001,4,13008.35,0.02,8673.46
S011940,2026-09-21,C0138,P038,ST011,1,7323.06,0.1,5677.06
S011941,2026-03-24,C0471,P073,ST012,4,1722.06,0.0,1242.22
S011942,2025-01-10,C0972,P074,ST010,2,6033.76,0.0,5135.74
S011943,2026-01-18,C0576,P029,ST002,6,10975.98,0.05,6795.13
S011944,2026-12-28,C0836,P024,ST015,4,4784.59,0.0,2998.79
S011945,2025-09-24,C0760,P011,ST011,2,10689.54,0.0,8103.73
S011946,2026-11-15,C0220,P062,ST016,4,3684.23,0.05,2627.77
S011947,2026-10-17,C0306,P064,ST021,5,10004.06,0.15,7055.83
S011948,2025-12-26,C0442,P008,ST012,3,10210.63,0.05,6932.71
S011949,2025-12-14,C0301,P032,ST024,6,7347.43,0.05,5025.05
S011950,2026-01-08,C0014,P073,ST011,8,1538.87,0.0,1242.22
S011951,2026-09-28,C0497,P018,ST018,4,6208.54,0.05,3821.41
S011952,2025-04-08,C0945,P090,ST025,1,1427.05,0.0,1222.08
S011953,2026-09-14,C0961,P040,ST001,1,8153.02,0.05,6137.28
S011954,2026-12-03,C0648,P009,ST006,1,2396.11,0.05,1892.61
S011955,2026-03-24,C0345,P042,ST003,4,11129.13,0.0,8431.76
S011956,2026-05-10,C0717,P039,ST021,4,3037.21,0.0,2144.94
S011957,2026-03-04,C0071,P054,ST020,5,17782.69,0.05,11637.82
S011958,2026-12-12,C0607,P055,ST007,3,12903.98,0.05,9400.32
S011959,2026-01-21,C0113,P086,ST013,3,598.93,0.0,517.95
S011960,2026-02-08,C0049,P030,ST018,8,12370.75,0.05,9460.8
S011961,2026-02-22,C0820,P083,ST012,6,11182.85,0.05,7077.47
S011962,2025-12-19,C0281,P021,ST014,5,3558.47,0.0,2771.37
S011963,2025-08-21,C0047,P027,ST008,6,5433.17,0.1,3699.73
S011964,2025-12-29,C0479,P071,ST002,7,9926.55,0.02,7113.15
S011965,2025-01-31,C0014,P079,ST011,2,1897.29,0.05,1464.98
S011966,2025-04-17,C0332,P026,ST013,1,4475.06,0.0,3556.26
S011967,2026-01-07,C0525,P030,ST008,7,14702.05,0.0,9460.8
S011968,2026-11-27,C0110,P004,ST010,8,11978.25,0.05,8062.0
S011969,2025-08-04,C0472,P014,ST015,5,12621.85,0.02,9238.74
S011970,2025-07-12,C0970,P053,ST002,1,3904.87,0.1,3373.97
S011971,2026-06-15,C0485,P027,ST022,4,5349.87,0.0,3699.73
S011972,2025-08-23,C0883,P054,ST023,3,13732.17,0.02,11637.82
S011973,2026-12-09,C0231,P087,ST019,4,13826.37,0.05,11513.07
S011974,2026-04-02,C0082,P013,ST011,2,8947.31,0.0,6891.52
S011975,2025-11-12,C0110,P070,ST010,7,10653.42,0.0,7620.88
S011976,2025-02-09,C0570,P042,ST010,4,10396.51,0.1,8431.76
S011977,2025-06-19,C0037,P089,ST013,6,12050.11,0.1,9447.14
S011978,2026-12-20,C0682,P042,ST014,4,13132.99,0.02,8431.76
S011979,2026-01-05,C0216,P034,ST013,6,3546.5,0.0,2211.93
S011980,2026-09-08,C0594,P025,ST006,1,1489.27,0.0,935.06
S011981,2026-08-23,C0021,P068,ST001,2,11798.08,0.05,8703.69
S011982,2026-05-02,C0770,P014,ST007,2,12031.35,0.02,9238.74
S011983,2025-10-24,C0394,P056,ST016,4,12843.02,0.0,8673.46
S011984,2025-12-27,C0356,P049,ST012,5,2132.63,,1636.57
S011985,2025-05-31,C0945,P034,ST025,7,2791.72,0.02,2211.93
S011986,2025-06-19,C0936,P046,ST007,2,10071.53,0.05,7655.82
S011987,2025-01-18,C0682,P060,ST015,1,16779.01,0.02,10855.58
S011988,2026-06-16,C0043,P041,ST011,6,2949.92,0.0,2039.67
S011989,2026-08-08,C0274,P067,ST022,7,14975.26,0.05,9162.6
S011990,2025-11-04,C0942,P071,ST023,6,10707.14,0.0,7113.15
S011991,2026-12-24,C0643,P058,ST011,5,5537.47,0.0,3448.84
S011992,2026-08-28,C0761,P076,ST011,3,9111.69,0.0,6054.39
S011993,2026-03-05,C0300,P048,ST015,5,1890.3,0.0,1279.89
S011994,2026-09-29,C0621,P021,ST021,6,3691.91,0.0,2771.37
S011995,2025-09-29,C0122,P014,ST023,1,13346.0,0.0,9238.74
S011996,2025-04-14,C0498,P064,ST021,3,9412.8,0.02,7055.83
S011997,2026-06-25,C0577,P008,ST015,7,10355.07,0.05,6932.71
S011998,2025-11-12,C0268,P018,ST024,5,5128.72,0.0,3821.41
S011999,2025-11-11,C0008,P061,ST011,7,6760.48,0.02,5605.37
S012000,2026-11-22,C0924,P025,ST015,4,1493.16,0.05,935.06
S012001,2026-12-16,C0878,P069,ST022,3,8157.13,0.0,5327.09
S012002,2025-02-22,C0773,P060,ST025,4,16200.66,0.0,10855.58
S012003,2025-02-12,C0273,P010,ST003,2,1970.45,0.0,1595.73
S012004,2025-10-02,C0886,P037,ST006,7,12531.97,0.05,8737.72
S012005,2025-07-18,C0261,P064,ST008,6,8427.62,0.05,7055.83
S012006,2026-01-15,C0989,P008,ST015,3,7988.39,0.05,6932.71
S012007,2026-02-19,C0375,P037,ST007,3,10330.1,0.05,8737.72
S012008,2025-01-06,C0974,P085,ST024,5,11301.84,0.0,7193.26
S012009,2025-09-21,C0309,P032,ST002,7,7328.16,0.1,5025.05
S012010,2025-06-01,C0228,P063,ST020,8,5454.45,0.0,3844.99
S012011,2025-09-08,C0952,P043,ST014,6,8372.21,0.05,5492.34
S012012,2026-07-01,C0661,P090,ST018,5,1550.07,0.1,1222.08
S012013,2025-01-01,C0699,P054,ST006,1,13870.42,0.02,11637.82
S012014,2026-07-19,C0072,P015,ST014,2,11315.86,0.1,7707.94
S012015,2025-06-06,C0108,P076,ST008,5,9265.78,0.05,6054.39
S012016,2026-01-19,C0646,P040,ST007,4,8850.22,0.05,6137.28
S012017,2025-10-28,C0975,P050,ST022,3,15530.2,0.05,11552.3
S012018,2026-09-30,C0566,P072,ST017,1,11048.28,0.05,7885.7
S012019,2025-07-11,C0394,P051,ST017,1,17498.73,0.0,10925.82
S012020,2026-08-02,C0252,P028,ST002,8,10201.57,0.05,8027.52
S012021,2026-05-20,C0836,P035,ST014,3,789.08,0.0,516.87
S012022,2026-06-15,C0012,P043,ST025,7,8209.58,0.0,5492.34
S012023,2025-07-30,C0786,P060,ST001,8,16626.11,0.1,10855.58
S012024,2026-03-15,C0689,P033,ST025,6,13841.97,0.05,9814.74
S012025,2025-11-20,C0380,P005,ST025,7,10872.41,0.05,8535.69
S012026,2026-02-01,C0784,P090,ST013,3,1868.8,0.05,1222.08
S012027,2026-01-18,C0079,P074,ST024,8,6266.81,0.15,5135.74
S012028,2026-07-18,C0808,P033,ST024,7,14975.65,0.1,9814.74
S012029,2025-05-27,C0168,P002,ST016,1,428.77,0.0,336.51
S012030,2025-12-05,C0276,P034,ST005,6,3415.18,0.1,2211.93
S012031,2026-06-21,C0752,P002,ST022,2,543.46,0.05,336.51
S012032,2026-07-05,C0136,P024,ST008,8,4201.49,0.05,2998.79
S012033,2026-07-01,C0017,P077,ST008,3,6427.9,0.0,4125.87
S012034,2026-10-03,C0121,P023,ST005,8,16301.78,0.1,10277.49
S012035,2026-09-21,C0303,P010,ST020,5,1927.18,0.02,1595.73
S012036,2026-01-11,C0142,P044,ST005,4,7023.47,0.05,4727.0
S012037,2026-10-22,C0334,P081,ST003,8,3656.16,0.02,2254.47
S012038,2025-05-19,C0042,P080,ST022,7,8396.93,0.05,7154.82
S012039,2025-09-01,C0019,P042,ST020,2,12110.21,0.0,8431.76
S012040,2026-05-13,C0699,P024,ST007,8,3962.64,0.0,2998.79
S012041,2026-12-29,C0897,P058,ST007,5,5365.93,0.05,3448.84
S012042,2026-12-19,C0339,P015,ST015,5,10421.8,0.0,7707.94
S012043,2025-06-07,C0986,P050,ST013,4,17693.17,0.02,11552.3
S012044,2026-09-11,C0454,P042,ST015,7,10915.23,0.02,8431.76
S012045,2026-08-19,C0625,P069,ST023,2,8467.02,0.05,5327.09
S012046,2026-11-20,C0264,P032,ST003,5,6825.75,0.02,5025.05
S012047,2026-02-27,C0615,P035,ST020,8,684.48,0.05,516.87
S012048,2025-04-18,C0458,P028,ST015,1,11732.69,0.0,8027.52
S012049,2025-07-10,C0690,P028,ST003,8,9432.57,0.0,8027.52
S012050,2026-07-17,C0213,P058,ST015,7,4397.54,0.05,3448.84
S012051,2026-07-01,C0053,P072,ST004,1,10886.89,0.0,7885.7
S012052,2025-07-10,C0677,P070,ST022,3,8765.61,0.02,7620.88
S012053,2026-10-01,C0404,P075,ST025,3,1014.14,0.05,738.97
S012054,2026-12-26,C0822,P057,ST012,3,6671.66,0.0,5530.0
S012055,2026-02-20,C0155,P072,ST025,7,12147.15,0.05,7885.7
S012056,2025-07-30,C0476,P034,ST020,1,3348.84,0.0,2211.93
S012057,2026-02-20,C0886,P048,ST007,4,1930.34,0.0,1279.89
S012058,2025-07-14,C0787,P005,ST003,4,12020.53,0.0,8535.69
S012059,2025-06-15,C0249,P020,ST001,7,6662.82,0.02,5381.43
S012060,2025-09-11,C0625,P072,ST023,7,11094.66,0.02,7885.7
S012061,2025-10-18,C0980,P040,ST024,8,7290.98,0.0,6137.28
S012062,2025-07-25,C0664,P003,ST015,2,12653.5,0.0,9496.36
S012063,2025-11-12,C0821,P059,ST010,1,1592.64,0.05,1382.59
S012064,2025-06-10,C0711,P050,ST001,8,14067.94,0.05,11552.3
S012065,2025-08-04,C0429,P046,ST007,3,9448.53,0.02,7655.82
S012066,2026-06-30,C0273,P083,ST004,2,10696.95,0.0,7077.47
S012067,2026-07-02,C0251,P063,ST014,7,4678.14,0.0,3844.99
S012068,2025-11-20,C0393,P080,ST009,8,11708.03,0.02,7154.82
S012069,2025-07-14,C0002,P059,ST011,8,1989.71,0.05,1382.59
S012070,2026-08-31,C0024,P082,ST002,8,15784.43,0.02,11120.16
S012071,2026-03-20,C0367,P013,ST006,5,11095.53,0.05,6891.52
S012072,2025-09-26,C0426,P057,ST020,2,6530.62,0.05,5530.0
S012073,2025-12-11,C0058,P041,ST024,4,2729.86,0.02,2039.67
S012074,2025-06-23,C0747,P033,ST006,4,15834.09,0.05,9814.74
S012075,2026-04-14,C0131,P011,ST004,8,12572.14,0.02,8103.73
S012076,2026-02-07,C0766,P039,ST014,1,2819.42,0.0,2144.94
S012077,2025-09-08,C0346,P052,ST009,4,11691.4,0.02,8471.56
S012078,2026-11-07,C0683,P084,ST008,6,5344.7,0.05,4325.72
S012079,2026-12-18,C0419,P046,ST014,2,11756.17,0.05,7655.82
S012080,2026-12-18,C0842,P066,ST019,6,11994.82,0.02,10315.22
S012081,2025-10-09,C0074,P017,ST020,8,7867.99,0.05,6820.68
S012082,2026-11-30,C0092,P004,ST008,7,11757.75,0.02,8062.0
S012083,2025-12-05,C0162,P041,ST003,3,2537.26,0.0,2039.67
S012084,2025-09-13,C0857,P027,ST015,3,4438.55,0.0,3699.73
S012085,2026-07-02,C0352,P034,ST017,2,2604.4,0.0,2211.93
S012086,2025-02-11,C0780,P024,ST012,7,4715.9,0.02,2998.79
S012087,2025-06-13,C0919,P029,ST010,4,10559.26,0.1,6795.13
S012088,2026-06-29,C0988,P052,ST018,6,10557.07,0.1,8471.56
S012089,2026-03-12,C0619,P026,ST004,3,5005.87,0.0,3556.26
S012090,2026-08-31,C0502,P036,ST020,7,1683.29,0.02,1308.06
S012091,2025-03-15,C0719,P036,ST008,6,1967.02,0.0,1308.06
S012092,2025-06-04,C0525,P031,ST009,7,9834.35,0.05,8055.68
S012093,2026-10-13,C0810,P044,ST009,3,7618.84,0.1,4727.0
S012094,2026-06-07,C0921,P040,ST023,1,8349.71,0.05,6137.28
S012095,2026-08-23,C0852,P038,ST021,6,8086.31,0.05,5677.06
S012096,2025-07-28,C0664,P021,ST017,3,3187.46,0.1,2771.37
S012097,2025-10-17,C0410,P075,ST012,7,1196.69,0.02,738.97
S012098,2026-09-29,C0653,P024,ST008,5,3694.72,0.02,2998.79
S012099,2026-03-13,C0188,P018,ST011,1,5228.2,0.05,3821.41
S012100,2025-10-01,C0877,P003,ST019,6,14743.64,0.0,9496.36
S012101,2026-01-10,C0285,P024,ST014,2,4502.75,0.1,2998.79
S012102,2025-11-02,C0338,P026,ST016,5,4280.13,0.05,3556.26
S012103,2025-05-08,C0331,P043,ST006,7,6455.3,0.05,5492.34
S012104,2025-08-26,C0624,P082,ST003,7,18049.77,0.02,11120.16
S012105,2026-05-24,C0735,P028,ST019,4,12586.79,0.1,8027.52
S012106,2025-11-12,C0371,P037,ST003,7,13394.44,0.0,8737.72
S012107,2025-09-07,C0559,P045,ST016,3,5399.33,0.15,3792.77
S012108,2025-02-15,C0768,P030,ST005,2,11925.68,0.0,9460.8
S012109,2025-08-16,C0311,P007,ST001,2,8030.77,0.05,5642.26
S012110,2026-06-10,C0709,P064,ST004,1,11451.17,0.1,7055.83
S012111,2026-09-02,C0900,P007,ST001,2,8203.86,0.15,5642.26
S012112,2026-08-22,C0236,P076,ST003,7,8550.84,0.05,6054.39
S012113,2026-09-14,C0925,P055,ST006,1,11847.32,0.05,9400.32
S012114,2025-10-27,C0220,P008,ST017,3,8273.69,0.05,6932.71
S012115,2026-07-02,C0417,P087,ST008,3,18427.69,0.0,11513.07
S012116,2026-06-26,C0670,P022,ST024,8,8235.67,0.05,5050.21
S012117,2025-12-17,C0474,P014,ST024,8,12772.96,0.0,9238.74
S012118,2025-01-30,C0915,P017,ST006,1,8925.03,0.0,6820.68
S012119,2025-09-19,C0750,P001,ST018,2,4203.04,0.02,2598.92
S012120,2026-09-13,C0103,P054,ST004,1,14887.31,0.0,11637.82
S012121,2025-01-10,C0589,P037,ST013,4,13688.4,0.05,8737.72
S012122,2025-05-20,C0642,P047,ST024,6,7122.88,0.05,4501.3
S012123,2026-10-16,C0971,P035,ST004,8,642.27,0.1,516.87
S012124,2026-01-16,C0257,P059,ST024,7,2247.82,0.0,1382.59
S012125,2025-05-13,C0643,P023,ST012,6,15905.67,0.1,10277.49
S012126,2026-08-24,C0051,P025,ST025,6,1346.32,0.02,935.06
S012127,2026-02-19,C0041,P079,ST023,1,1810.77,0.0,1464.98
S012128,2026-05-26,C0133,P036,ST001,3,2009.94,0.0,1308.06
S012129,2025-10-04,C0540,P023,ST008,2,13567.39,0.0,10277.49
S012130,2025-02-06,C0560,P077,ST006,2,5305.26,0.02,4125.87
S012131,2026-05-07,C0716,P029,ST010,5,8012.64,0.1,6795.13
S012132,2026-11-30,C0922,P035,ST015,8,817.19,0.05,516.87
S012133,2026-08-01,C0770,P017,ST006,5,9670.02,0.05,6820.68
S012134,2026-03-16,C0104,P090,ST012,3,1816.15,0.05,1222.08
S012135,2026-04-27,C0354,P014,ST009,8,14463.86,0.0,9238.74
S012136,2026-09-19,C0746,P088,ST007,2,8140.22,0.02,5917.07
S012137,2025-07-31,C0489,P031,ST011,3,12130.81,0.0,8055.68
S012138,2025-12-08,C0567,P075,ST020,3,1208.62,0.05,738.97
S012139,2026-11-07,C0404,P039,ST022,3,2551.39,0.05,2144.94
S012140,2025-07-07,C0695,P043,ST018,7,8181.23,0.0,5492.34
S012141,2025-07-20,C0337,P030,ST011,1,14039.89,0.05,9460.8
S012142,2025-11-13,C0646,P078,ST009,2,2723.73,0.0,1948.16
S012143,2025-08-22,C0938,P027,ST013,2,5994.14,0.0,3699.73
S012144,2025-06-08,C0612,P021,ST008,6,3986.18,0.05,2771.37
S012145,2025-05-05,C0253,P077,ST016,6,4896.93,0.05,4125.87
S012146,2025-01-19,C0404,P042,ST024,2,11183.77,0.05,8431.76
S012147,2025-03-24,C0301,P017,ST022,6,8321.35,0.15,6820.68
S012148,2025-08-02,C0026,P065,ST009,2,3123.86,0.0,2327.08
S012149,2026-09-24,C0292,P003,ST018,2,11854.57,0.05,9496.36
S012150,2026-01-11,C0115,P015,ST002,2,12062.94,0.1,7707.94
S012151,2026-10-05,C0410,P053,ST010,8,5163.63,0.02,3373.97
S012152,2026-05-09,C0567,P068,ST020,7,12387.17,0.02,8703.69
S012153,2025-09-13,C0359,P076,ST008,8,8635.72,0.05,6054.39
S012154,2025-11-19,C0561,P020,ST002,4,7495.09,0.0,5381.43
S012155,2025-10-18,C0313,P008,ST021,5,11334.33,0.1,6932.71
S012156,2026-12-22,C0069,P068,ST001,1,12695.82,0.0,8703.69
S012157,2025-05-03,C0207,P060,ST024,7,17879.95,0.1,10855.58
S012158,2026-09-20,C0123,P052,ST007,8,10039.94,0.05,8471.56
S012159,2026-11-28,C0409,P020,ST019,8,7885.49,0.02,5381.43
S012160,2025-10-07,C0726,P018,ST022,2,5172.47,0.05,3821.41
S012161,2026-11-17,C0923,P059,ST001,8,2229.36,0.1,1382.59
S012162,2026-01-30,C0693,P054,ST007,5,16470.96,0.02,11637.82
S012163,2025-05-04,C0647,P031,ST020,1,11042.28,0.0,8055.68
S012164,2025-06-26,C0798,P032,ST002,3,6788.96,0.0,5025.05
S012165,2026-10-10,C0320,P028,ST014,4,12467.88,0.05,8027.52
S012166,2026-04-03,C0294,P046,ST023,5,10269.01,0.05,7655.82
S012167,2025-08-29,C0038,P076,ST022,3,8181.52,0.05,6054.39
S012168,2026-10-10,C0366,P055,ST018,1,13577.6,0.05,9400.32
S012169,2025-08-17,C0731,P076,ST020,6,9088.05,0.05,6054.39
S012170,2026-10-16,C0018,P021,ST015,1,3381.11,0.0,2771.37
S012171,2025-06-23,C0445,P066,ST023,1,12504.19,0.05,10315.22
S012172,2026-04-08,C0687,P024,ST016,3,3814.04,0.05,2998.79
S012173,2026-02-15,C0833,P053,ST004,1,3921.68,0.0,3373.97
S012174,2026-12-14,C0542,P002,ST001,1,506.07,0.0,336.51
S012175,2026-06-05,C0232,P050,ST005,2,15404.66,0.0,11552.3
S012176,2026-08-19,C0326,P086,ST021,1,644.42,0.02,517.95
S012177,2025-01-24,C0363,P081,ST023,3,3542.15,0.02,2254.47
S012178,2026-05-30,C0963,P045,ST021,7,5607.75,0.0,3792.77
S012179,2026-08-13,C0161,P079,ST020,5,1950.97,0.02,1464.98
S012180,2025-12-16,C0805,P019,ST012,8,826.5,0.0,612.11
S012181,2026-01-28,C0800,P075,ST002,3,1153.91,0.0,738.97
S012182,2025-08-15,C0050,P040,ST004,3,8026.53,0.15,6137.28
S012183,2026-12-13,C0849,P067,ST006,8,14122.28,0.15,9162.6
S012184,2026-11-04,C0187,P031,ST019,6,11366.69,0.1,8055.68
S012185,2025-04-14,C0928,P071,ST019,1,10587.6,0.1,7113.15
S012186,2025-10-10,C0205,P060,ST021,1,14174.67,0.1,10855.58
S012187,2026-06-23,C0070,P024,ST012,6,3511.9,0.05,2998.79
S012188,2026-10-27,C0793,P090,ST006,5,1566.6,0.02,1222.08
S012189,2026-08-08,C0565,P013,ST009,6,8599.54,0.15,6891.52
S012190,2026-03-11,C0581,P058,ST013,1,5026.0,0.02,3448.84
S012191,2026-01-03,C0725,P027,ST005,8,5332.61,0.0,3699.73
S012192,2025-07-06,C0089,P021,ST014,7,3582.6,0.0,2771.37
S012193,2026-11-24,C0216,P072,ST011,1,9414.24,0.02,7885.7
S012194,2026-03-26,C0753,P073,ST001,1,1453.65,0.05,1242.22
S012195,2025-08-22,C0260,P015,ST013,7,9179.37,0.02,7707.94
S012196,2026-05-05,C0825,P047,ST025,2,6503.55,0.02,4501.3
S012197,2026-07-09,C0437,P059,ST023,7,1928.16,0.02,1382.59
S012198,2025-09-20,C0962,P029,ST006,6,10240.11,0.15,6795.13
S012199,2026-03-30,C0619,P043,ST004,6,8656.92,0.0,5492.34
S012200,2026-12-04,C0440,P026,ST008,2,5335.64,0.05,3556.26
S012201,2025-05-17,C0505,P082,ST015,8,18017.43,0.02,11120.16
S012202,2025-03-15,C0057,P045,ST017,8,6127.6,0.1,3792.77
S012203,2025-04-17,C0217,P026,ST021,2,4673.04,0.0,3556.26
S012204,2025-07-29,C0905,P068,ST004,5,11167.65,0.05,8703.69
S012205,2025-07-03,C0939,P035,ST016,2,737.96,0.05,516.87
S012206,2026-10-30,C0034,P026,ST025,6,4823.79,0.05,3556.26
S012207,2025-12-22,C0129,P035,ST002,6,835.09,0.02,516.87
S012208,2025-02-17,C0138,P047,ST010,6,7161.22,0.05,4501.3
S012209,2026-09-10,C0574,P077,ST022,4,5494.34,0.0,4125.87
S012210,2026-12-24,C0097,P052,ST013,7,13683.84,0.0,8471.56
S012211,2026-09-03,C0579,P023,ST016,5,11854.5,0.05,10277.49
S012212,2026-09-22,C0551,P011,ST006,3,13059.29,0.02,8103.73
S012213,2025-06-25,C0532,P008,ST014,7,8523.81,0.05,6932.71
S012214,2025-10-28,C0593,P069,ST001,2,8639.06,0.0,5327.09
S012215,2026-10-10,C0559,P089,ST017,5,14388.95,0.0,9447.14
S012216,2026-08-10,C0539,P064,ST005,7,10444.29,0.05,7055.83
S012217,2026-06-03,C0636,P051,ST024,2,17403.87,0.05,10925.82
S012218,2026-09-04,C0172,P083,ST008,7,10924.87,0.05,7077.47
S012219,2025-02-06,C0357,P027,ST010,3,5604.61,0.1,3699.73
S012220,2026-04-21,C0364,P081,ST013,3,3428.4,0.15,2254.47
S012221,2025-04-11,C0520,P025,ST008,2,1199.09,0.02,935.06
S012222,2026-10-15,C0968,P061,ST007,7,7146.36,0.1,5605.37
S012223,2026-03-10,C0945,P088,ST022,8,8778.54,0.02,5917.07
S012224,2025-10-22,C0428,P027,ST001,6,5021.79,0.02,3699.73
S012225,2026-06-22,C0285,P010,ST014,1,2494.89,0.02,1595.73
S012226,2026-12-21,C0731,P024,ST021,8,4222.98,0.05,2998.79
S012227,2025-10-06,C0786,P087,ST003,3,17850.83,0.02,11513.07
S012228,2025-05-02,C0632,P033,ST014,5,13325.81,0.1,9814.74
S012229,2026-10-16,C0226,P021,ST008,2,3594.72,0.0,2771.37
S012230,2026-10-15,C0163,P026,ST010,3,5651.62,0.05,3556.26
S012231,2026-06-23,C0628,P049,ST004,8,2543.26,0.05,1636.57
S012232,2026-03-31,C0363,P071,ST023,8,9103.39,0.1,7113.15
S012233,2025-10-16,C0607,P047,ST006,1,7186.32,0.02,4501.3
S012234,2025-03-22,C0887,P034,ST025,7,2753.92,0.0,2211.93
S012235,2026-02-12,C0917,P051,ST023,5,16333.24,0.05,10925.82
S012236,2026-09-15,C0495,P069,ST003,6,8573.15,0.05,5327.09
S012237,2026-08-16,C0230,P022,ST024,4,7145.42,0.0,5050.21
S012238,2026-08-10,C0647,P030,ST019,6,15567.31,0.05,9460.8
S012239,2026-04-25,C0322,P090,ST004,1,1831.45,0.05,1222.08
S012240,2025-08-18,C0351,P084,ST019,4,6386.95,0.1,4325.72
S012241,2025-03-26,C0012,P090,ST024,4,1520.21,0.0,1222.08
S012242,2025-03-27,C0978,P027,ST020,1,5544.14,0.1,3699.73
S012243,2025-04-11,C0213,P001,ST015,4,3911.14,0.02,2598.92
S012244,2025-02-17,C0512,P013,ST024,1,11020.68,0.1,6891.52
S012245,2025-12-14,C0519,P043,ST016,3,6859.55,0.1,5492.34
S012246,2025-10-15,C0482,P073,ST013,1,1920.94,0.15,1242.22
S012247,2025-12-29,C0261,P062,ST008,8,3172.87,0.05,2627.77
S012248,2026-12-29,C0520,P005,ST006,6,10587.36,0.0,8535.69
S012249,2026-04-06,C0460,P023,ST014,7,12269.8,0.05,10277.49
S012250,2026-03-12,C0324,P088,ST008,6,7286.95,0.05,5917.07
S012251,2025-02-08,C0616,P016,ST001,5,10401.79,0.0,6754.56
S012252,2025-09-04,C0780,P044,ST011,2,7791.62,0.0,4727.0
S012253,2025-12-25,C0383,P062,ST004,6,3731.73,0.05,2627.77
S012254,2025-07-21,C0822,P024,ST013,2,3763.14,0.0,2998.79
S012255,2025-03-17,C0088,P068,ST010,8,13838.32,0.05,8703.69
S012256,2026-01-31,C0607,P024,ST009,5,4067.31,0.0,2998.79
S012257,2025-02-21,C0143,P025,ST005,1,1463.12,0.0,935.06
S012258,2026-10-20,C0210,P067,ST005,7,13219.62,0.0,9162.6
S012259,2025-06-20,C0596,P068,ST021,8,13246.63,0.1,8703.69
S012260,2025-07-25,C0673,P077,ST024,6,4845.81,0.05,4125.87
S012261,2026-02-02,C0117,P042,ST019,6,12069.97,0.05,8431.76
S012262,2025-10-23,C0829,P006,ST012,7,14149.79,0.15,9423.57
S012263,2026-04-22,C0251,P040,ST014,4,7439.49,0.0,6137.28
S012264,2025-08-30,C0337,P089,ST012,5,15577.24,0.05,9447.14
S012265,2025-04-14,C0165,P017,ST023,3,7853.15,0.02,6820.68
S012266,2025-01-18,C0115,P047,ST003,2,5576.37,0.05,4501.3
S012267,2026-11-11,C0756,P011,ST024,5,10655.12,0.05,8103.73
S012268,2025-03-20,C0397,P041,ST011,3,2463.09,0.02,2039.67
S012269,2026-04-20,C0493,P057,ST001,7,9037.62,0.0,5530.0
S012270,2026-08-25,C0837,P065,ST012,5,2987.58,0.0,2327.08
S012271,2026-08-11,C0411,P079,ST012,8,2023.15,0.05,1464.98
S012272,2026-11-23,C0214,P023,ST017,6,11929.67,0.02,10277.49
S012273,2026-10-28,C0243,P033,ST020,3,16052.32,0.0,9814.74
S012274,2025-03-17,C0089,P017,ST014,4,10220.72,0.02,6820.68
S012275,2026-07-12,C0685,P020,ST023,4,6476.51,0.0,5381.43
S012276,2026-02-27,C0170,P001,ST003,2,3845.81,0.05,2598.92
S012277,2026-02-21,C0414,P057,ST022,3,7091.35,0.0,5530.0
S012278,2025-10-25,C0466,P079,ST018,6,2091.46,0.05,1464.98
S012279,2025-05-16,C0456,P011,ST004,8,10599.57,0.15,8103.73
S012280,2026-12-25,C0286,P067,ST021,1,12862.07,0.0,9162.6
S012281,2026-01-11,C0517,P039,ST023,1,2884.52,0.0,2144.94
S012282,2025-11-18,C0579,P026,ST016,2,5227.19,0.02,3556.26
S012283,2026-10-29,C0401,P047,ST022,4,5233.44,0.05,4501.3
S012284,2026-10-11,C0585,P050,ST001,2,13895.96,0.05,11552.3
S012285,2025-04-29,C0899,P007,ST010,3,7309.28,0.0,5642.26
S012286,2026-05-23,C0063,P055,ST012,4,15102.26,0.1,9400.32
S012287,2026-11-18,C0375,P028,ST009,2,12200.2,0.0,8027.52
S012288,2026-09-25,C0895,P037,ST008,8,11535.71,0.1,8737.72
S012289,2025-02-01,C0857,P079,ST017,5,1976.36,0.02,1464.98
S012290,2025-10-09,C0259,P036,ST013,5,1837.26,0.0,1308.06
S012291,2025-06-22,C0921,P010,ST023,1,2264.26,0.02,1595.73
S012292,2026-10-07,C0866,P045,ST008,4,4936.14,0.0,3792.77
S012293,2025-03-10,C0466,P075,ST018,5,954.2,0.1,738.97
S012294,2026-01-08,C0632,P078,ST015,5,3011.98,0.0,1948.16
S012295,2025-12-04,C0667,P032,ST019,6,6363.47,0.1,5025.05
S012296,2025-07-08,C0787,P034,ST004,2,2621.35,0.0,2211.93
S012297,2025-04-28,C0897,P055,ST008,2,11345.87,0.02,9400.32
S012298,2026-05-01,C0531,P056,ST004,3,13139.5,0.05,8673.46
S012299,2025-02-16,C0549,P063,ST019,3,5715.67,0.05,3844.99
S012300,2026-10-17,C0498,P050,ST021,2,13810.05,0.02,11552.3
S012301,2025-05-19,C0702,P053,ST020,6,4283.61,0.02,3373.97
S012302,2025-01-19,C0418,P061,ST010,6,6938.71,0.02,5605.37
S012303,2025-03-02,C0349,P089,ST014,2,12667.22,0.0,9447.14
S012304,2026-11-07,C0954,P031,ST002,7,12124.58,0.05,8055.68
S012305,2025-09-16,C0843,P064,ST019,4,10666.79,0.05,7055.83
S012306,2026-09-03,C0949,P004,ST012,8,10951.66,0.15,8062.0
S012307,2025-10-06,C0606,P023,ST010,3,12430.19,0.02,10277.49
S012308,2025-06-01,C0970,P031,ST003,3,12967.85,0.0,8055.68
S012309,2025-07-28,C0688,P015,ST004,4,12686.82,0.0,7707.94
S012310,2026-02-06,C0325,P041,ST015,7,2887.37,0.0,2039.67
S012311,2026-10-17,C0605,P067,ST011,7,13571.29,0.05,9162.6
S012312,2025-09-22,C0042,P002,ST025,6,545.87,0.0,336.51
S012313,2025-09-27,C0900,P056,ST003,6,11979.24,0.1,8673.46
S012314,2026-05-09,C0168,P016,ST014,1,7802.49,0.05,6754.56
S012315,2025-04-12,C0918,P055,ST003,8,11057.87,0.0,9400.32
S012316,2026-11-10,C0889,P044,ST021,3,6434.24,0.05,4727.0
S012317,2025-09-03,C0988,P017,ST018,2,10483.87,0.0,6820.68
S012318,2026-09-30,C0127,P043,ST008,6,7614.34,0.02,5492.34
S012319,2026-06-02,C0007,P065,ST006,6,3110.49,0.05,2327.08
S012320,2025-03-25,C0992,P064,ST013,2,10357.75,0.0,7055.83
S012321,2026-10-22,C0529,P009,ST007,2,2572.12,0.1,1892.61
S012322,2026-08-30,C0050,P022,ST005,6,7106.67,0.05,5050.21
S012323,2026-12-07,C0921,P088,ST025,7,7427.9,0.05,5917.07
S012324,2026-08-30,C0936,P061,ST008,3,7425.3,0.02,5605.37
S012325,2026-03-12,C0326,P023,ST018,2,13291.49,0.05,10277.49
S012326,2025-04-26,C0046,P081,ST021,8,3221.15,0.0,2254.47
S012327,2026-12-03,C0702,P026,ST019,8,5654.83,0.02,3556.26
S012328,2026-07-14,C0182,P004,ST010,4,11573.73,0.02,8062.0
S012329,2025-10-25,C0946,P025,ST020,6,1279.88,0.05,935.06
S012330,2026-09-07,C0042,P074,ST023,2,7032.3,0.05,5135.74
S012331,2025-05-02,C0841,P007,ST025,5,7357.74,0.15,5642.26
S012332,2026-11-15,C0089,P058,ST014,5,5306.96,0.02,3448.84
S012333,2025-04-07,C0935,P084,ST025,3,4983.34,0.0,4325.72
S012334,2025-08-30,C0040,P013,ST018,6,8411.12,0.02,6891.52
S012335,2025-06-07,C0162,P079,ST005,7,2195.91,0.05,1464.98
S012336,2025-08-03,C0371,P054,ST002,7,14049.34,0.05,11637.82
S012337,2025-03-16,C0276,P008,ST005,7,8568.92,0.0,6932.71
S012338,2026-12-08,C0002,P021,ST012,6,4240.08,0.0,2771.37
S012339,2026-12-16,C0933,P077,ST013,1,6403.1,0.0,4125.87
S012340,2026-07-29,C0279,P019,ST003,5,860.27,0.05,612.11
S012341,2025-12-21,C0445,P065,ST023,1,3363.15,0.0,2327.08
S012342,2025-12-18,C0475,P059,ST008,1,2095.69,0.05,1382.59
S012343,2026-01-11,C0041,P042,ST025,6,10281.76,0.1,8431.76
S012344,2025-03-05,C0183,P056,ST007,3,10553.14,0.05,8673.46
S012345,2026-07-01,C0734,P034,ST008,4,3204.43,0.05,2211.93
S012346,2026-06-26,C0049,P018,ST021,2,4921.09,0.15,3821.41
S012347,2025-05-07,C0915,P034,ST006,6,3067.94,0.0,2211.93
S012348,2025-05-21,C0766,P013,ST014,8,9615.03,0.05,6891.52
S012349,2025-05-12,C0232,P040,ST001,6,8255.97,0.02,6137.28
S012350,2025-05-05,C0703,P061,ST011,7,9085.68,0.0,5605.37
S012351,2026-05-09,C0667,P076,ST018,7,8659.88,0.05,6054.39
S012352,2025-10-20,C0073,P066,ST002,5,14661.9,0.0,10315.22
S012353,2026-01-20,C0980,P008,ST025,2,10182.77,0.0,6932.71
S012354,2026-11-25,C0193,P071,ST018,7,8877.24,0.0,7113.15
S012355,2026-01-27,C0134,P090,ST014,5,1675.41,0.05,1222.08
S012356,2025-10-04,C0573,P027,ST021,3,5267.72,0.02,3699.73
S012357,2026-02-18,C0619,P010,ST001,5,1953.84,0.05,1595.73
S012358,2026-03-18,C0490,P076,ST020,1,9843.61,0.05,6054.39
S012359,2026-02-19,C0679,P068,ST016,4,10065.44,0.05,8703.69
S012360,2026-05-01,C0253,P040,ST015,8,8313.11,0.05,6137.28
S012361,2026-06-07,C0277,P043,ST004,8,7432.55,0.05,5492.34
S012362,2025-03-18,C0629,P045,ST005,4,4662.97,0.05,3792.77
S012363,2025-10-13,C0848,P073,ST001,6,1909.44,0.15,1242.22
S012364,2026-05-08,C0359,P016,ST008,5,9904.23,0.05,6754.56
S012365,2025-01-12,C0186,P085,ST016,1,11371.52,0.05,7193.26
S012366,2025-12-20,C0771,P027,ST021,3,4863.55,0.1,3699.73
S012367,2026-10-13,C0392,P046,ST021,5,9765.59,0.0,7655.82
S012368,2025-12-03,C0212,P082,ST002,8,14270.46,0.02,11120.16
S012369,2025-06-04,C0649,P059,ST018,4,1852.08,0.0,1382.59
S012370,2026-07-17,C0510,P061,ST004,6,9233.73,0.05,5605.37
S012371,2026-06-25,C0567,P084,ST020,3,5523.96,0.0,4325.72
S012372,2025-01-03,C0911,P084,ST020,4,6229.12,0.02,4325.72
S012373,2026-06-08,C0366,P034,ST019,6,2940.65,0.02,2211.93
S012374,2025-01-09,C0418,P070,ST010,3,9131.83,0.0,7620.88
S012375,2025-10-15,C0564,P006,ST023,6,11206.12,0.0,9423.57
S012376,2025-10-17,C0632,P080,ST017,8,9473.73,0.05,7154.82
S012377,2025-11-06,C0843,P058,ST020,4,4288.09,0.0,3448.84
S012378,2026-09-27,C0450,P054,ST003,5,15548.26,0.1,11637.82
S012379,2026-06-14,C0276,P084,ST004,7,6776.88,0.02,4325.72
S012380,2025-11-05,C0521,P056,ST003,6,12029.29,0.1,8673.46
S012381,2025-02-02,C0189,P002,ST014,1,470.13,0.05,336.51
S012382,2026-08-06,C0305,P060,ST002,6,16404.6,0.15,10855.58
S012383,2026-03-12,C0182,P020,ST010,4,8050.08,0.02,5381.43
S012384,2025-12-18,C0877,P051,ST018,8,17917.93,0.0,10925.82
S012385,2025-06-27,C0367,P027,ST007,5,5699.87,0.0,3699.73
S012386,2026-11-09,C0462,P060,ST020,8,13603.39,0.05,10855.58
S012387,2026-12-16,C0568,P006,ST018,3,15163.14,0.0,9423.57
S012388,2025-11-12,C0620,P035,ST011,7,705.52,0.0,516.87
S012389,2026-11-08,C0178,P034,ST019,6,2831.78,0.1,2211.93
S012390,2025-09-02,C0745,P061,ST003,2,7279.84,0.1,5605.37
S012391,2025-01-01,C0988,P032,ST021,8,6032.1,0.0,5025.05
S012392,2026-06-02,C0895,P011,ST008,5,9871.13,0.02,8103.73
S012393,2025-12-29,C0219,P090,ST012,1,1857.34,0.05,1222.08
S012394,2025-01-11,C0819,P020,ST010,7,8098.1,0.02,5381.43
S012395,2026-05-31,C0913,P088,ST002,6,7707.66,0.0,5917.07
S012396,2025-06-26,C0325,P053,ST016,3,4486.87,0.02,3373.97
S012397,2026-05-20,C0559,P088,ST017,1,9745.7,0.0,5917.07
S012398,2026-01-17,C0390,P033,ST009,1,14218.18,0.15,9814.74
S012399,2026-09-12,C0177,P065,ST006,8,2796.64,0.02,2327.08
S012400,2026-07-12,C0186,P006,ST015,3,14638.73,0.0,9423.57
S012401,2025-08-02,C0155,P070,ST024,1,10387.99,0.05,7620.88
S012402,2025-07-12,C0606,P066,ST012,5,13802.86,0.1,10315.22
S012403,2025-04-16,C0785,P057,ST003,5,7896.07,0.0,5530.0
S012404,2025-01-26,C0111,P073,ST015,1,2022.09,0.0,1242.22
S012405,2026-04-20,C0656,P043,ST009,3,8855.39,0.0,5492.34
S012406,2025-01-18,C0907,P075,ST005,1,1001.41,0.05,738.97
S012407,2026-07-18,C0680,P073,ST001,4,1721.26,0.0,1242.22
S012408,2025-12-10,C0246,P017,ST025,7,7879.23,0.0,6820.68
S012409,2026-05-23,C0109,P025,ST009,4,1132.61,0.0,935.06
S012410,2025-08-15,C0532,P015,ST016,5,12447.07,0.02,7707.94
S012411,2026-07-18,C0337,P009,ST011,4,2598.61,0.05,1892.61
S012412,2026-06-22,C0183,P051,ST007,5,16521.11,0.02,10925.82
S012413,2025-12-07,C0764,P006,ST012,7,11612.13,0.02,9423.57
S012414,2025-07-17,C0078,P001,ST005,7,3942.05,0.1,2598.92
S012415,2025-07-02,C0474,P051,ST024,4,15242.26,0.05,10925.82
S012416,2026-06-28,C0533,P057,ST022,6,7119.97,0.05,5530.0
S012417,2025-01-18,C0419,P023,ST015,7,13721.88,0.05,10277.49
S012418,2026-05-16,C0685,P001,ST022,6,3877.07,0.02,2598.92
S012419,2025-11-26,C0851,P082,ST016,2,17142.79,0.0,11120.16
S012420,2025-02-19,C0468,P026,ST004,2,5480.94,0.0,3556.26
S012421,2025-04-12,C0366,P037,ST018,7,14244.5,0.0,8737.72
S012422,2025-07-13,C0221,P078,ST025,4,2534.79,0.05,1948.16
S012423,2025-09-30,C0287,P063,ST001,7,5928.85,0.0,3844.99
S012424,2025-11-05,C0018,P025,ST014,7,1137.28,0.02,935.06
S012425,2026-09-16,C0958,P084,ST021,6,6787.41,0.05,4325.72
S012426,2025-06-29,C0915,P016,ST008,7,8069.99,0.1,6754.56
S012427,2026-12-10,C0450,P031,ST001,3,11218.6,0.0,8055.68
S012428,2025-10-12,C0116,P061,ST018,7,8244.99,0.02,5605.37
S012429,2026-10-22,C0920,P083,ST020,6,9281.78,0.1,7077.47
S012430,2025-06-13,C0563,P089,ST001,3,11611.58,0.15,9447.14
S012431,2026-05-06,C0952,P078,ST014,3,2672.55,0.1,1948.16
S012432,2026-04-10,C0334,P023,ST005,7,14149.1,0.1,10277.49
S012433,2025-06-01,C0482,P030,ST013,7,14948.7,0.1,9460.8
S012434,2026-06-14,C0481,P061,ST020,4,6864.6,0.0,5605.37
S012435,2026-06-11,C0775,P066,ST024,7,14871.49,0.0,10315.22
S012436,2026-02-26,C0450,P025,ST003,8,1291.34,0.05,935.06
S012437,2025-07-02,C0406,P010,ST010,1,1902.98,0.05,1595.73
S012438,2025-08-25,C0973,P036,ST017,3,2065.71,0.0,1308.06
S012439,2025-11-24,C0884,P059,ST013,6,1657.97,,1382.59
S012440,2025-08-22,C0043,P047,ST012,8,5186.81,0.0,4501.3
S012441,2026-04-10,C0286,P027,ST020,3,4822.02,0.1,3699.73
S012442,2025-09-24,C0946,P033,ST020,8,12795.2,0.0,9814.74
S012443,2026-08-21,C0928,P077,ST021,7,5937.14,0.02,4125.87
S012444,2025-09-16,C0012,P007,ST022,4,9013.34,0.1,5642.26
S012445,2025-04-19,C0510,P028,ST003,8,10427.89,0.0,8027.52
S012446,2025-02-23,C0042,P007,ST024,8,8858.0,0.1,5642.26
S012447,2025-12-13,C1000,P069,ST019,3,7924.7,0.0,5327.09
S012448,2026-07-29,C0177,P007,ST008,5,8436.88,0.0,5642.26
S012449,2025-04-18,C0168,P080,ST014,6,9347.57,0.15,7154.82
S012450,2025-04-02,C0359,P013,ST007,1,10280.91,0.15,6891.52
S012451,2025-03-25,C0890,P020,ST006,3,7630.62,0.05,5381.43
S012452,2025-11-12,C0998,P029,ST012,7,8802.78,0.05,6795.13
S012453,2025-03-06,C0446,P045,ST016,6,5195.65,0.05,3792.77
S012454,2026-04-09,C0687,P011,ST015,1,11816.2,0.0,8103.73
S012455,2025-02-12,C0792,P040,ST009,6,8056.91,0.05,6137.28
S012456,2026-12-11,C0313,P057,ST019,2,7559.53,0.0,5530.0
S012457,2025-01-15,C0071,P045,ST021,1,5874.5,0.02,3792.77
S012458,2026-05-17,C0442,P026,ST011,3,5359.85,0.05,3556.26
S012459,2025-02-21,C0650,P004,ST015,6,11959.47,0.0,8062.0
S012460,2026-06-04,C0431,P086,ST006,4,800.44,0.05,517.95
S012461,2026-10-04,C0337,P073,ST013,1,1460.72,0.0,1242.22
S012462,2026-09-20,C0477,P067,ST019,7,11039.87,0.1,9162.6
S012463,2026-01-06,C0725,P063,ST004,2,4509.18,0.05,3844.99
S012464,2026-08-10,C0846,P078,ST024,2,2444.01,0.1,1948.16
S012465,2025-03-02,C0221,P044,ST025,5,6096.78,0.0,4727.0
S012466,2025-04-02,C0620,P011,ST012,6,11777.83,0.1,8103.73
S012467,2025-08-24,C0099,P036,ST001,8,1995.91,0.05,1308.06
S012468,2025-08-02,C0893,P062,ST011,3,4146.02,0.02,2627.77
S012469,2026-09-17,C0823,P075,ST004,5,1130.72,0.02,738.97
S012470,2025-06-20,C0524,P007,ST003,5,9240.54,0.05,5642.26
S012471,2026-06-27,C0672,P087,ST002,2,15946.7,0.05,11513.07
S012472,2025-07-25,C0084,P033,ST024,2,15590.09,0.0,9814.74
S012473,2026-05-05,C0764,P017,ST013,2,10539.44,0.1,6820.68
S012474,2025-09-16,C0592,P048,ST001,3,1523.17,0.02,1279.89
S012475,2025-05-19,C0978,P069,ST021,7,6578.75,0.02,5327.09
S012476,2025-09-18,C0839,P031,ST012,5,11445.92,0.05,8055.68
S012477,2026-03-08,C0428,P056,ST004,1,10667.04,0.0,8673.46
S012478,2025-02-26,C0636,P058,ST022,8,4221.96,0.02,3448.84
S012479,2026-05-05,C0474,P077,ST023,8,6281.03,0.0,4125.87
S012480,2025-11-05,C0774,P018,ST024,6,5508.33,0.0,3821.41
S012481,2026-11-17,C0336,P016,ST008,2,10804.55,0.0,6754.56
S012482,2025-02-13,C0215,P018,ST012,6,5009.97,0.02,3821.41
S012483,2025-10-01,C0690,P084,ST002,7,5771.15,0.0,4325.72
S012484,2026-12-29,C0760,P026,ST010,7,4362.86,0.02,3556.26
S012485,2026-11-13,C0709,P022,ST005,4,6816.86,0.02,5050.21
S012486,2025-12-27,C0401,P050,ST025,1,13725.29,0.0,11552.3
S012487,2025-05-20,C0214,P020,ST014,8,8238.3,0.1,5381.43
S012488,2026-04-02,C0932,P085,ST014,3,11664.0,0.1,7193.26
S012489,2025-02-24,C0007,P034,ST008,7,3504.87,0.02,2211.93
S012490,2025-05-03,C0215,P084,ST011,7,6813.85,0.05,4325.72
S012491,2025-08-03,C0938,P020,ST010,4,8261.82,0.02,5381.43
S012492,2026-07-14,C0772,P083,ST025,2,10013.1,0.0,7077.47
S012493,2026-06-19,C0500,P039,ST025,5,2677.02,0.15,2144.94
S012494,2025-05-31,C1000,P040,ST020,7,8532.42,0.05,6137.28
S012495,2025-02-06,C0502,P012,ST018,2,7793.0,0.02,5785.38
S012496,2025-04-15,C0476,P090,ST019,3,1783.01,0.05,1222.08
S012497,2026-10-02,C0909,P037,ST022,7,10703.74,0.05,8737.72
S012498,2025-08-02,C0045,P054,ST021,7,16158.87,0.05,11637.82
S012499,2026-05-29,C0550,P001,ST011,3,3604.43,0.02,2598.92
S012500,2026-07-30,C0811,P077,ST011,3,6080.49,0.05,4125.87
S012501,2025-12-18,C0294,P070,ST025,1,11145.53,0.05,7620.88
S012502,2025-01-18,C0160,P078,ST017,7,2605.5,0.05,1948.16
S012503,2026-05-15,C0551,P016,ST007,4,8464.82,0.15,6754.56
S012504,2025-10-17,C0764,P078,ST011,1,2614.91,0.1,1948.16
S012505,2026-05-09,C0225,P044,ST015,6,6154.25,0.02,4727.0
S012506,2026-01-27,C0188,P059,ST013,6,1753.44,0.02,1382.59
S012507,2026-10-05,C0483,P037,ST024,1,11895.08,0.0,8737.72
S012508,2025-09-04,C0756,P058,ST025,6,4401.88,0.02,3448.84
S012509,2026-06-06,C0057,P079,ST014,1,2108.28,0.1,1464.98
S012510,2025-09-02,C0247,P001,ST018,6,3840.18,0.0,2598.92
S012511,2025-09-24,C0317,P071,ST025,6,10171.18,0.02,7113.15
S012512,2025-11-09,C0265,P049,ST024,8,2360.77,0.02,1636.57
S012513,2025-11-24,C0867,P040,ST022,3,7525.97,0.1,6137.28
S012514,2025-05-15,C0349,P038,ST014,4,8054.72,0.05,5677.06
S012515,2026-02-16,C0818,P085,ST011,3,8678.84,0.15,7193.26
S012516,2025-08-30,C0218,P037,ST018,8,13743.17,0.05,8737.72
S012517,2026-04-18,C0284,P004,ST004,4,10890.47,0.05,8062.0
S012518,2025-05-05,C0407,P038,ST006,1,6732.09,0.02,5677.06
S012519,2025-11-28,C0627,P069,ST001,4,7423.96,0.05,5327.09
S012520,2025-06-28,C0519,P062,ST015,8,4134.8,0.0,2627.77
S012521,2025-03-15,C0443,P078,ST001,1,3135.51,0.0,1948.16
S012522,2026-04-24,C0982,P009,ST004,8,2430.24,0.0,1892.61
S012523,2025-04-04,C0238,P040,ST010,3,7223.87,0.1,6137.28
S012524,2025-07-16,C0215,P082,ST011,7,14226.32,0.05,11120.16
S012525,2025-01-24,C0868,P010,ST008,2,2056.54,0.0,1595.73
S012526,2026-08-24,C0429,P054,ST006,5,17085.14,,11637.82
S012527,2025-07-01,C0726,P005,ST024,1,12869.42,0.0,8535.69
S012528,2026-09-03,C0611,P052,ST004,5,12567.29,0.05,8471.56
S012529,2025-04-06,C0987,P065,ST013,1,3481.97,0.02,2327.08
S012530,2025-05-25,C0944,P009,ST025,7,2177.75,0.05,1892.61
S012531,2025-07-26,C0089,P065,ST016,3,3605.5,0.0,2327.08
S012532,2025-07-08,C0908,P079,ST019,4,1762.62,0.05,1464.98
S012533,2026-07-13,C0937,P023,ST010,6,13532.79,0.0,10277.49
S012534,2026-05-04,C0575,P037,ST021,3,10279.09,,8737.72
S012535,2026-05-17,C0163,P052,ST012,6,13634.01,0.0,8471.56
S012536,2025-12-22,C0871,P058,ST016,4,5141.07,0.02,3448.84
S012537,2026-04-07,C0967,P039,ST003,8,2762.69,0.0,2144.94
S012538,2026-05-08,C0704,P014,ST007,6,13101.77,0.05,9238.74
S012539,2025-07-29,C0883,P046,ST022,1,8851.13,0.0,7655.82
S012540,2026-05-23,C0599,P042,ST007,6,10935.07,0.05,8431.76
S012541,2026-01-31,C0115,P070,ST003,7,10941.37,0.15,7620.88
S012542,2025-09-15,C0460,P012,ST016,5,6951.57,0.0,5785.38
S012543,2026-11-09,C0743,P078,ST024,7,3208.84,0.0,1948.16
S012544,2026-08-15,C0776,P054,ST022,1,17077.17,0.05,11637.82
S012545,2025-07-02,C0098,P024,ST018,1,4297.33,0.1,2998.79
S012546,2026-10-07,C0441,P033,ST010,3,15696.73,0.05,9814.74
S012547,2025-07-06,C0848,P040,ST003,8,9728.17,0.02,6137.28
S012548,2025-02-25,C0264,P052,ST005,1,10983.56,0.02,8471.56
S012549,2026-06-11,C0677,P090,ST025,6,1963.76,0.05,1222.08
S012550,2025-12-04,C0759,P021,ST003,3,4215.98,0.15,2771.37
S012551,2026-05-18,C0911,P049,ST021,3,2190.34,0.05,1636.57
S012552,2025-01-01,C0138,P079,ST011,4,2205.02,0.1,1464.98
S012553,2026-12-23,C0869,P055,ST018,3,13964.14,0.05,9400.32
S012554,2025-06-14,C0394,P006,ST015,8,12433.36,0.05,9423.57
S012555,2026-04-19,C0515,P080,ST022,5,9876.0,0.1,7154.82
S012556,2025-12-08,C0468,P012,ST005,1,8055.32,0.05,5785.38
S012557,2025-01-12,C0426,P008,ST019,8,10090.85,0.05,6932.71
S012558,2026-02-24,C0263,P059,ST019,7,2135.73,0.0,1382.59
S012559,2026-06-03,C0527,P056,ST020,4,13353.39,0.0,8673.46
S012560,2025-11-15,C0377,P068,ST007,8,10632.52,0.1,8703.69
S012561,2025-07-30,C0682,P001,ST016,3,3056.57,0.05,2598.92
S012562,2025-04-24,C0252,P050,ST004,5,18198.76,0.1,11552.3
S012563,2026-02-12,C0727,P046,ST022,8,10134.45,0.0,7655.82
S012564,2025-04-15,C0997,P068,ST011,7,11413.01,0.02,8703.69
S012565,2026-04-21,C0167,P037,ST007,7,13696.46,0.02,8737.72
S012566,2025-02-28,C0575,P088,ST020,2,8141.39,0.02,5917.07
S012567,2026-01-01,C0495,P003,ST003,6,13635.21,0.05,9496.36
S012568,2026-03-28,C0895,P047,ST006,8,7065.29,0.0,4501.3
S012569,2025-05-04,C0895,P070,ST008,1,12238.77,0.05,7620.88
S012570,2026-10-20,C0857,P056,ST016,2,11676.89,0.0,8673.46
S012571,2026-10-24,C0953,P070,ST008,8,11592.93,0.05,7620.88
S012572,2025-05-16,C0858,P025,ST003,8,1424.62,0.05,935.06
S012573,2026-02-18,C0928,P018,ST020,7,6132.23,0.02,3821.41
S012574,2026-06-24,C0024,P056,ST002,3,10393.34,0.05,8673.46
S012575,2026-08-04,C0660,P009,ST021,6,2813.02,0.1,1892.61
S012576,2025-11-09,C0218,P045,ST020,5,4394.32,0.02,3792.77
S012577,2025-09-09,C0741,P016,ST009,5,9014.58,0.0,6754.56
S012578,2025-04-15,C0911,P014,ST019,8,14611.14,0.0,9238.74
S012579,2025-03-26,C0779,P040,ST009,1,9512.9,0.05,6137.28
S012580,2025-08-29,C0170,P090,ST005,1,1771.96,0.05,1222.08
S012581,2026-10-23,C0973,P023,ST016,8,14546.91,0.05,10277.49
S012582,2026-02-11,C0434,P085,ST021,6,9206.3,0.0,7193.26
S012583,2026-10-14,C0557,P089,ST020,3,14412.02,0.05,9447.14
S012584,2026-12-22,C0390,P024,ST009,8,4169.31,0.05,2998.79
S012585,2025-06-29,C0339,P081,ST015,3,2938.47,0.1,2254.47
S012586,2026-05-19,C0171,P081,ST011,2,2997.46,0.02,2254.47
S012587,2026-11-30,C0850,P040,ST021,7,8076.07,0.02,6137.28
S012588,2026-09-30,C0811,P050,ST012,2,13999.34,0.0,11552.3
S012589,2026-07-18,C0060,P055,ST006,5,13929.12,0.05,9400.32
S012590,2025-01-30,C0728,P059,ST020,6,1893.92,0.15,1382.59
S012591,2026-12-14,C0769,P069,ST003,2,8325.9,0.05,5327.09
S012592,2025-10-06,C0138,P015,ST012,7,9158.37,0.05,7707.94
S012593,2026-05-30,C0579,P014,ST015,2,13187.54,,9238.74
S012594,2026-03-11,C0816,P010,ST022,2,1946.59,0.0,1595.73
S012595,2026-04-20,C0140,P015,ST022,2,11845.65,0.05,7707.94
S012596,2026-08-12,C0494,P082,ST006,3,13988.48,0.05,11120.16
S012597,2025-11-13,C0720,P025,ST012,7,1140.58,0.0,935.06
S012598,2025-08-25,C0422,P085,ST005,8,11666.07,0.0,7193.26
S012599,2026-04-28,C0857,P032,ST014,7,5846.97,0.02,5025.05
S012600,2026-04-20,C0424,P013,ST017,5,8450.01,0.05,6891.52
S012601,2025-07-30,C0127,P046,ST008,1,9163.1,0.02,7655.82
S012602,2026-09-27,C0576,P010,ST005,4,2217.76,0.05,1595.73
S012603,2026-04-19,C0650,P043,ST017,1,7024.86,0.05,5492.34
S012604,2025-07-07,C0463,P044,ST024,3,7055.11,0.02,4727.0
S012605,2025-11-08,C0508,P013,ST012,7,10787.39,0.05,6891.52
S012606,2026-10-20,C0162,P001,ST005,5,4220.23,0.1,2598.92
S012607,2025-07-11,C0812,P001,ST001,7,3264.29,0.0,2598.92
S012608,2026-01-09,C0476,P010,ST019,1,2369.25,0.02,1595.73
S012609,2026-08-08,C0965,P077,ST002,2,6632.43,0.0,4125.87
S012610,2026-01-18,C0594,P034,ST008,4,3580.47,0.0,2211.93
S012611,2026-11-29,C0558,P016,ST014,6,8899.03,0.02,6754.56
S012612,2026-09-20,C0693,P020,ST006,3,6513.51,0.02,5381.43
S012613,2026-12-06,C0005,P032,ST010,6,7736.82,0.05,5025.05
S012614,2025-01-06,C0704,P071,ST007,4,9942.53,0.05,7113.15
S012615,2026-12-12,C0022,P026,ST024,7,5183.16,0.05,3556.26
S012616,2026-06-30,C0083,P002,ST021,7,456.1,0.0,336.51
S012617,2025-05-16,C0002,P079,ST011,6,1691.58,0.0,1464.98
S012618,2026-04-22,C0714,P008,ST022,8,9837.79,0.05,6932.71
S012619,2025-10-03,C0229,P013,ST008,7,9779.95,0.05,6891.52
S012620,2025-11-16,C0169,P059,ST001,1,1822.02,0.05,1382.59
S012621,2025-12-20,C0868,P062,ST007,6,3330.58,0.0,2627.77
S012622,2025-07-09,C0434,P028,ST020,3,10686.46,0.05,8027.52
S012623,2026-07-24,C0697,P069,ST021,4,6931.65,0.05,5327.09
S012624,2025-11-16,C0384,P060,ST017,7,17148.22,0.0,10855.58
S012625,2025-12-14,C0700,P003,ST010,3,13001.85,0.1,9496.36
S012626,2025-11-10,C0398,P024,ST003,4,3941.98,0.0,2998.79
S012627,2026-12-19,C0903,P020,ST016,6,8256.91,0.05,5381.43
S012628,2026-01-16,C0103,P072,ST001,4,12221.77,0.0,7885.7
S012629,2026-02-08,C0690,P038,ST004,8,8011.01,0.1,5677.06
S012630,2026-01-05,C0748,P055,ST004,8,15349.01,0.0,9400.32
S012631,2025-03-27,C0542,P073,ST003,5,1852.56,0.0,1242.22
S012632,2026-11-14,C0083,P087,ST018,8,13756.63,0.1,11513.07
S012633,2026-01-29,C0442,P084,ST010,5,7077.58,0.02,4325.72
S012634,2025-05-25,C0739,P051,ST014,2,13291.43,0.0,10925.82
S012635,2026-12-30,C0728,P001,ST019,4,3121.82,0.05,2598.92
S012636,2026-05-19,C0292,P053,ST019,8,4410.08,0.1,3373.97
S012637,2025-02-25,C0696,P020,ST015,3,6996.82,0.05,5381.43
S012638,2026-09-14,C0519,P035,ST017,7,660.51,0.0,516.87
S012639,2026-04-05,C0736,P029,ST023,1,10773.48,0.0,6795.13
S012640,2026-03-30,C0288,P070,ST023,1,12275.66,0.1,7620.88
S012641,2026-08-04,C0242,P033,ST023,5,15771.68,0.1,9814.74
S012642,2025-12-17,C0017,P016,ST009,2,9146.75,0.05,6754.56
S012643,2025-02-22,C0411,P019,ST010,3,808.28,0.0,612.11
S012644,2026-08-28,C0663,P019,ST023,7,880.44,0.15,612.11
S012645,2025-06-10,C0140,P023,ST022,1,12825.07,0.05,10277.49
S012646,2025-08-29,C0651,P068,ST001,6,12314.26,0.0,8703.69
S012647,2025-04-29,C0747,P043,ST007,1,6455.42,0.1,5492.34
S012648,2025-07-16,C0531,P078,ST002,5,2340.13,0.1,1948.16
S012649,2026-04-13,C0980,P036,ST022,6,2023.85,0.05,1308.06
S012650,2025-05-25,C0839,P046,ST012,4,12215.92,0.05,7655.82
S012651,2025-11-07,C0453,P068,ST009,3,11878.29,0.02,8703.69
S012652,2025-08-23,C0435,P033,ST025,6,12492.54,0.0,9814.74
S012653,2026-10-16,C0581,P025,ST013,2,1404.1,0.05,935.06
S012654,2025-04-08,C0945,P044,ST024,6,6788.24,0.0,4727.0
S012655,2025-10-04,C0523,P048,ST005,1,1731.05,0.02,1279.89
S012656,2025-12-03,C0214,P087,ST017,4,13465.7,0.05,11513.07
S012657,2025-04-16,C0281,P061,ST014,2,8335.05,0.05,5605.37
S012658,2026-06-06,C0168,P079,ST014,8,1969.25,0.05,1464.98
S012659,2025-11-26,C0651,P021,ST004,2,3377.68,0.02,2771.37
S012660,2026-11-11,C0090,P079,ST004,1,2412.78,0.05,1464.98
S012661,2025-11-21,C0285,P025,ST016,5,1362.32,0.0,935.06
S012662,2025-04-22,C0273,P073,ST003,4,1568.33,,1242.22
S012663,2025-04-21,C0973,P007,ST015,2,8071.49,0.02,5642.26
S012664,2025-12-19,C0883,P065,ST023,5,2954.08,0.02,2327.08
S012665,2025-11-13,C0231,P028,ST019,4,9460.26,0.0,8027.52
S012666,2026-09-29,C0938,P029,ST012,3,8072.11,0.0,6795.13
S012667,2026-10-23,C0178,P031,ST019,1,11887.9,0.05,8055.68
S012668,2026-07-13,C0934,P030,ST022,7,11595.84,0.1,9460.8
S012669,2026-05-07,C0440,P073,ST009,2,1537.44,0.05,1242.22
S012670,2026-01-16,C0656,P083,ST006,8,9591.43,0.05,7077.47
S012671,2026-12-12,C0856,P050,ST013,7,15371.99,0.05,11552.3
S012672,2025-09-08,C0639,P018,ST018,6,6173.62,0.05,3821.41
S012673,2025-02-25,C0817,P070,ST019,4,10517.47,0.15,7620.88
S012674,2025-11-10,C0585,P023,ST003,4,12118.54,0.0,10277.49
S012675,2025-07-05,C0263,P084,ST020,8,6695.97,0.1,4325.72
S012676,2026-07-27,C0475,P081,ST009,2,3290.93,0.1,2254.47
S012677,2026-12-23,C0608,P074,ST012,2,6111.45,0.02,5135.74
S012678,2026-10-02,C0466,P084,ST020,4,5544.91,0.02,4325.72
S012679,2025-12-26,C0750,P062,ST019,2,3988.0,0.05,2627.77
S012680,2026-11-10,C0286,P043,ST018,1,7725.3,0.05,5492.34
S012681,2026-08-24,C0550,P074,ST010,1,6758.65,0.0,5135.74
S012682,2026-03-29,C0650,P046,ST015,5,9060.65,0.05,7655.82
S012683,2025-09-22,C0521,P050,ST002,8,13815.37,0.02,11552.3
S012684,2026-11-09,C0739,P058,ST015,4,4586.66,0.05,3448.84
S012685,2026-08-21,C0246,P079,ST022,5,2393.11,0.0,1464.98
S012686,2025-07-17,C0215,P024,ST013,6,4748.48,0.0,2998.79
S012687,2025-08-17,C0060,P007,ST009,6,7946.43,0.05,5642.26
S012688,2025-12-02,C0162,P076,ST005,3,9248.39,0.0,6054.39
S012689,2026-07-16,C0443,P036,ST001,6,2087.32,0.0,1308.06
S012690,2026-02-27,C0314,P002,ST002,7,506.94,0.05,336.51
S012691,2025-09-11,C0119,P042,ST001,3,12522.25,0.05,8431.76
S012692,2026-12-16,C0508,P065,ST011,3,3049.49,0.05,2327.08
S012693,2026-12-16,C0014,P030,ST012,8,15602.92,0.02,9460.8
S012694,2026-04-24,C0164,P017,ST013,6,9210.09,0.05,6820.68
S012695,2025-10-08,C0491,P042,ST025,6,13831.18,0.05,8431.76
S012696,2025-08-10,C0292,P029,ST020,3,9869.21,0.02,6795.13
S012697,2025-12-28,C0019,P018,ST020,1,4839.26,0.1,3821.41
S012698,2025-05-20,C0082,P022,ST010,5,7988.61,0.0,5050.21
S012699,2026-05-07,C0555,P065,ST023,5,3816.93,0.05,2327.08
S012700,2025-06-17,C0032,P040,ST013,7,8827.64,0.1,6137.28
S012701,2026-09-04,C0353,P072,ST015,3,12208.95,0.0,7885.7
S012702,2026-08-31,C0658,P041,ST001,8,3300.31,0.05,2039.67
S012703,2025-11-18,C0390,P078,ST008,5,2991.31,0.02,1948.16
S012704,2025-01-19,C0892,P006,ST020,5,12829.19,0.05,9423.57
S012705,2025-05-20,C0407,P044,ST009,6,5466.65,0.0,4727.0
S012706,2026-09-08,C0847,P074,ST009,8,6317.18,0.02,5135.74
S012707,2026-12-19,C0374,P088,ST009,8,7986.17,0.1,5917.07
S012708,2026-02-16,C0707,P047,ST007,6,6553.57,0.02,4501.3
S012709,2025-06-06,C0971,P058,ST003,4,4746.55,0.1,3448.84
S012710,2025-10-30,C0764,P045,ST012,7,5803.31,0.02,3792.77
S012711,2026-04-06,C0094,P049,ST014,2,2399.79,0.02,1636.57
S012712,2025-06-25,C0056,P041,ST003,8,2770.0,0.0,2039.67
S012713,2025-12-24,C0519,P041,ST016,6,2396.69,0.05,2039.67
S012714,2026-12-15,C0057,P081,ST015,2,2788.78,0.0,2254.47
S012715,2025-12-26,C0039,P022,ST022,6,7015.93,0.0,5050.21
S012716,2026-01-11,C0461,P055,ST010,7,14092.87,0.02,9400.32
S012717,2025-03-02,C0792,P047,ST007,8,5526.9,0.0,4501.3
S012718,2025-06-14,C0017,P061,ST006,8,7458.81,0.0,5605.37
S012719,2026-06-04,C0836,P043,ST015,1,7803.63,0.0,5492.34
S012720,2026-02-24,C0784,P019,ST013,4,1008.8,0.05,612.11
S012721,2026-10-15,C0997,P033,ST013,8,13609.18,0.02,9814.74
S012722,2026-01-29,C0978,P008,ST021,4,8946.41,0.02,6932.71
S012723,2025-09-08,C0373,P042,ST002,1,10544.12,0.0,8431.76
S012724,2026-11-04,C0020,P009,ST018,6,2900.51,0.05,1892.61
S012725,2025-02-19,C0891,P074,ST017,8,6769.39,0.05,5135.74
S012726,2026-09-16,C0655,P090,ST005,3,1794.19,0.05,1222.08
S012727,2025-10-21,C0224,P008,ST001,2,8234.21,0.02,6932.71
S012728,2026-06-21,C0052,P081,ST001,7,3217.73,0.0,2254.47
S012729,2026-01-31,C0042,P011,ST022,7,13258.0,0.05,8103.73
S012730,2026-10-25,C0814,P029,ST001,7,9355.57,0.0,6795.13
S012731,2025-09-26,C0468,P010,ST003,2,1863.38,0.02,1595.73
S012732,2026-01-10,C0336,P010,ST008,7,1907.32,0.05,1595.73
S012733,2026-05-18,C0279,P048,ST003,6,1823.43,0.0,1279.89
S012734,2025-09-01,C0525,P071,ST008,5,11180.48,0.0,7113.15
S012735,2025-09-18,C0296,P089,ST004,4,14219.86,0.0,9447.14
S012736,2025-12-22,C0628,P072,ST001,4,12348.09,0.02,7885.7
S012737,2025-05-30,C0579,P030,ST017,7,11910.0,0.05,9460.8
S012738,2025-05-30,C0490,P011,ST018,6,12756.25,0.0,8103.73
S012739,2025-08-09,C0096,P078,ST020,8,2902.39,0.1,1948.16
S012740,2026-06-03,C0904,P011,ST020,3,11926.47,0.02,8103.73
S012741,2025-05-02,C0979,P021,ST003,8,3813.63,0.05,2771.37
S012742,2026-01-04,C0808,P080,ST024,7,9200.81,0.0,7154.82
S012743,2026-04-12,C0742,P035,ST016,3,758.35,0.0,516.87
S012744,2026-12-02,C0088,P016,ST010,6,8850.76,0.0,6754.56
S012745,2026-08-08,C0520,P063,ST007,8,4615.55,0.05,3844.99
S012746,2026-04-26,C0623,P002,ST001,7,401.63,0.0,336.51
S012747,2025-02-25,C0299,P040,ST021,8,9181.56,0.0,6137.28
S012748,2026-10-26,C0466,P084,ST018,3,6620.34,0.0,4325.72
S012749,2026-04-14,C0645,P066,ST023,2,14757.05,0.1,10315.22
S012750,2026-03-04,C0865,P007,ST014,8,8808.22,0.02,5642.26
S012751,2026-09-07,C0593,P027,ST005,3,6037.23,0.0,3699.73
S012752,2026-12-03,C0219,P024,ST010,6,4278.52,0.05,2998.79
S012753,2025-09-11,C0323,P051,ST023,4,16177.46,0.02,10925.82
S012754,2026-02-28,C0584,P019,ST022,6,984.05,0.1,612.11
S012755,2026-09-03,C0637,P025,ST017,3,1399.78,0.02,935.06
S012756,2026-09-25,C0617,P047,ST007,4,7052.31,0.0,4501.3
S012757,2025-12-19,C0949,P072,ST011,8,11292.33,0.02,7885.7
S012758,2025-05-27,C0381,P040,ST022,1,7093.62,0.05,6137.28
S012759,2026-12-02,C0682,P085,ST015,2,8418.22,0.02,7193.26
S012760,2025-08-08,C0044,P068,ST007,3,12917.36,0.02,8703.69
S012761,2026-07-10,C0594,P072,ST009,6,9699.73,0.0,7885.7
S012762,2025-09-03,C0959,P077,ST024,3,5492.42,0.0,4125.87
S012763,2026-12-01,C0674,P025,ST017,8,1349.76,0.05,935.06
S012764,2025-06-02,C0610,P023,ST024,4,16821.24,0.0,10277.49
S012765,2025-10-29,C0589,P018,ST012,7,5322.42,0.05,3821.41
S012766,2026-01-03,C0424,P021,ST015,2,4503.02,0.0,2771.37
S012767,2026-09-17,C0693,P082,ST007,8,17713.83,0.0,11120.16
S012768,2026-04-29,C0055,P018,ST005,4,4862.96,0.05,3821.41
S012769,2026-05-15,C0868,P008,ST006,2,8950.26,0.0,6932.71
S012770,2025-12-12,C0320,P054,ST016,3,15955.45,0.05,11637.82
S012771,2025-12-24,C0189,P054,ST014,6,13732.42,0.1,11637.82
S012772,2025-04-04,C0210,P013,ST003,7,8152.85,0.05,6891.52
S012773,2026-07-04,C0535,P042,ST016,7,13340.65,0.05,8431.76
S012774,2025-09-30,C0648,P042,ST009,8,9979.69,0.05,8431.76
S012775,2026-03-23,C0062,P088,ST025,1,9200.57,0.0,5917.07
S012776,2025-05-07,C0694,P037,ST021,6,12039.37,0.0,8737.72
S012777,2026-04-30,C0792,P032,ST006,8,6538.33,0.02,5025.05
S012778,2025-03-14,C0524,P048,ST002,5,1937.21,0.0,1279.89
S012779,2026-04-11,C0473,P033,ST022,5,12167.25,0.05,9814.74
S012780,2025-05-20,C0483,P085,ST024,3,11622.16,0.05,7193.26
S012781,2025-09-21,C0924,P023,ST016,7,13396.66,0.0,10277.49
S012782,2025-10-19,C0899,P044,ST011,2,5647.16,0.02,4727.0
S012783,2026-04-21,C0281,P029,ST017,2,7999.64,0.05,6795.13
S012784,2025-05-28,C0780,P030,ST010,6,14347.83,0.05,9460.8
S012785,2026-02-09,C0092,P072,ST007,2,12748.44,0.05,7885.7
S012786,2025-03-17,C0811,P074,ST012,4,6934.04,0.05,5135.74
S012787,2025-07-09,C0719,P054,ST009,6,18260.23,0.0,11637.82
S012788,2025-01-01,C0577,P027,ST015,7,5513.42,0.02,3699.73
S012789,2026-07-17,C0037,P040,ST013,8,9433.26,0.1,6137.28
S012790,2025-01-26,C0682,P063,ST014,8,6097.15,0.02,3844.99
S012791,2025-08-24,C0987,P042,ST010,1,9884.94,0.0,8431.76
S012792,2025-03-08,C0472,P061,ST017,5,6664.06,0.0,5605.37
S012793,2026-10-10,C0948,P048,ST019,8,1600.21,0.05,1279.89
S012794,2026-07-23,C0231,P024,ST020,8,4834.49,0.0,2998.79
S012795,2025-10-30,C0412,P014,ST004,2,13541.96,0.0,9238.74
S012796,2025-05-09,C0181,P058,ST024,4,5335.01,0.0,3448.84
S012797,2025-02-04,C0302,P007,ST004,2,6951.76,0.05,5642.26
S012798,2025-02-16,C0979,P047,ST003,2,5586.21,0.0,4501.3
S012799,2026-02-08,C0428,P076,ST002,7,7962.12,0.0,6054.39
S012800,2026-01-08,C0204,P087,ST017,1,17075.09,0.05,11513.07
S012801,2025-11-25,C0624,P020,ST004,2,7626.89,0.0,5381.43
S012802,2026-08-21,C0676,P044,ST024,7,6212.97,0.05,4727.0
S012803,2026-12-07,C0022,P032,ST022,8,6790.78,0.0,5025.05
S012804,2026-11-06,C0805,P068,ST010,2,10906.67,0.05,8703.69
S012805,2026-05-20,C0397,P008,ST013,7,8043.06,0.0,6932.71
S012806,2026-08-08,C0642,P089,ST024,7,13016.43,0.02,9447.14
S012807,2025-10-14,C0372,P028,ST024,5,11819.45,0.1,8027.52
S012808,2026-02-05,C0776,P033,ST023,1,15042.9,0.05,9814.74
S012809,2025-11-19,C0869,P009,ST020,4,2927.49,0.05,1892.61
S012810,2026-11-04,C0858,P002,ST002,1,521.27,0.05,336.51
S012811,2025-08-01,C0695,P035,ST018,8,751.77,0.0,516.87
S012812,2025-07-12,C0937,P064,ST013,5,9380.28,0.0,7055.83
S012813,2025-04-27,C0626,P027,ST005,1,5263.61,0.05,3699.73
S012814,2025-04-29,C0884,P052,ST013,6,12191.83,0.0,8471.56
S012815,2026-12-02,C0423,P029,ST022,5,10354.24,0.0,6795.13
S012816,2026-05-29,C0669,P031,ST012,8,12057.96,0.02,8055.68
S012817,2025-08-02,C0402,P014,ST011,6,14731.31,0.02,9238.74
S012818,2025-06-14,C0178,P033,ST019,4,13436.82,0.0,9814.74
S012819,2025-10-19,C0015,P034,ST001,6,2847.65,0.02,2211.93
S012820,2026-10-17,C0709,P005,ST002,2,13406.25,0.02,8535.69
S012821,2026-06-23,C0691,P012,ST014,8,9106.6,0.0,5785.38
S012822,2025-02-19,C0448,P016,ST007,5,7848.21,0.05,6754.56
S012823,2025-11-18,C0189,P082,ST014,1,13723.58,0.0,11120.16
S012824,2025-04-06,C0310,P076,ST015,8,8681.22,0.0,6054.39
S012825,2025-12-18,C0953,P047,ST006,4,5357.33,0.05,4501.3
S012826,2025-05-27,C0689,P015,ST024,1,10812.34,0.05,7707.94
S012827,2025-03-19,C0973,P001,ST016,3,3675.56,0.02,2598.92
S012828,2026-08-03,C0394,P088,ST017,4,9322.49,0.05,5917.07
S012829,2025-10-23,C0258,P002,ST008,1,418.89,0.05,336.51
S012830,2025-10-02,C0647,P077,ST018,3,6525.1,0.15,4125.87
S012831,2026-08-24,C0818,P043,ST012,8,8728.4,0.0,5492.34
S012832,2025-02-27,C0579,P034,ST015,6,2925.74,0.0,2211.93
S012833,2026-02-02,C0952,P031,ST017,1,12945.26,0.02,8055.68
S012834,2025-04-22,C0726,P021,ST025,3,3392.36,0.0,2771.37
S012835,2026-05-25,C0026,P005,ST009,2,10811.78,0.0,8535.69
S012836,2026-12-24,C0837,P048,ST013,7,2109.71,0.0,1279.89
S012837,2025-12-23,C0449,P066,ST002,2,13667.68,0.1,10315.22
S012838,2026-08-13,C0755,P031,ST021,4,12163.19,0.0,8055.68
S012839,2025-02-11,C0494,P016,ST009,1,8473.65,0.05,6754.56
S012840,2025-08-11,C0836,P026,ST016,2,4831.7,0.05,3556.26
S012841,2026-10-07,C0619,P033,ST004,6,14045.33,0.1,9814.74
S012842,2025-05-23,C0469,P035,ST019,6,780.56,0.15,516.87
S012843,2025-08-16,C0446,P017,ST016,2,8317.63,0.0,6820.68
S012844,2025-01-08,C0539,P084,ST001,4,6303.86,0.0,4325.72
S012845,2025-11-21,C0218,P010,ST021,6,2387.92,0.05,1595.73
S012846,2026-05-14,C0180,P063,ST022,5,6199.7,0.05,3844.99
S012847,2026-02-19,C0428,P030,ST004,4,11810.87,0.05,9460.8
S012848,2026-07-31,C0912,P001,ST003,3,3111.15,0.02,2598.92
S012849,2026-08-19,C0866,P046,ST008,1,10732.76,0.0,7655.82
S012850,2025-08-10,C0191,P090,ST021,4,1460.19,0.15,1222.08
S012851,2025-05-03,C0560,P018,ST009,3,5199.11,0.1,3821.41
S012852,2026-05-29,C0042,P057,ST022,4,7008.05,0.05,5530.0
S012853,2026-12-13,C0214,P022,ST014,2,7773.77,0.15,5050.21
S012854,2026-01-19,C0242,P083,ST023,1,10141.32,0.0,7077.47
S012855,2026-09-26,C0549,P070,ST019,2,10468.17,0.0,7620.88
S012856,2025-05-19,C0764,P035,ST011,5,847.42,0.0,516.87
S012857,2025-12-22,C0186,P052,ST017,2,11539.47,0.02,8471.56
S012858,2026-02-10,C0228,P005,ST020,6,12819.38,0.05,8535.69
S012859,2025-02-04,C0887,P030,ST025,3,11159.72,,9460.8
S012860,2025-04-28,C0266,P040,ST025,1,9953.94,0.0,6137.28
S012861,2026-10-13,C0432,P034,ST024,7,3201.43,0.02,2211.93
S012862,2026-01-30,C0338,P048,ST017,6,2048.48,0.05,1279.89
S012863,2025-11-30,C0037,P071,ST012,8,9998.51,0.1,7113.15
S012864,2026-04-07,C0489,P056,ST011,4,12867.56,0.02,8673.46
S012865,2025-04-19,C0734,P047,ST008,3,6305.83,0.15,4501.3
S012866,2026-11-16,C0825,P025,ST022,4,1233.11,0.05,935.06
S012867,2025-01-14,C0151,P038,ST024,3,6900.26,0.02,5677.06
S012868,2025-06-05,C0394,P001,ST017,5,3620.45,0.05,2598.92
S012869,2026-06-02,C0962,P043,ST008,6,7762.94,0.02,5492.34
S012870,2025-11-09,C0651,P032,ST002,6,6784.84,0.05,5025.05
S012871,2026-05-06,C0887,P070,ST023,8,11557.04,0.02,7620.88
S012872,2026-07-20,C0963,P053,ST021,2,4374.64,0.0,3373.97
S012873,2026-09-19,C0402,P068,ST013,6,14189.84,0.05,8703.69
S012874,2025-07-08,C0929,P042,ST003,5,12172.2,0.1,8431.76
S012875,2026-01-22,C0139,P063,ST024,2,4648.84,0.0,3844.99
S012876,2025-03-25,C0149,P007,ST010,5,7745.43,0.05,5642.26
S012877,2025-11-02,C0815,P034,ST023,3,3534.86,0.05,2211.93
S012878,2026-09-27,C0844,P008,ST012,8,9556.08,0.02,6932.71
S012879,2026-03-22,C0692,P042,ST013,8,10082.25,0.02,8431.76
S012880,2026-11-24,C0901,P025,ST004,7,1210.12,0.05,935.06
S012881,2026-04-12,C0576,P048,ST001,1,1867.55,0.1,1279.89
S012882,2026-11-02,C0043,P090,ST011,5,1823.5,0.0,1222.08
S012883,2025-12-01,C0991,P024,ST022,8,3868.0,0.15,2998.79
S012884,2026-09-24,C0885,P025,ST015,7,1396.72,0.02,935.06
S012885,2026-06-20,C0856,P053,ST012,5,4312.51,0.02,3373.97
S012886,2025-07-15,C0472,P004,ST014,7,12273.98,0.05,8062.0
S012887,2025-04-28,C0394,P079,ST017,5,2102.7,0.0,1464.98
S012888,2025-02-12,C0127,P027,ST006,4,4979.32,0.05,3699.73
S012889,2025-10-29,C0102,P072,ST021,7,9092.26,0.0,7885.7
S012890,2026-02-28,C0169,P018,ST003,3,5275.25,0.02,3821.41
S012891,2025-04-13,C0828,P009,ST004,8,2241.92,0.0,1892.61
S012892,2025-01-16,C0034,P065,ST023,4,3462.18,0.02,2327.08
S012893,2025-03-19,C0026,P056,ST007,3,13057.99,0.0,8673.46
S012894,2026-04-07,C0939,P063,ST016,2,6274.04,0.05,3844.99
S012895,2026-06-13,C0906,P018,ST007,8,5629.11,0.1,3821.41
S012896,2025-06-19,C0878,P052,ST022,8,11106.49,0.02,8471.56
S012897,2025-07-20,C0409,P023,ST019,7,13291.31,0.02,10277.49
S012898,2025-09-04,C0818,P032,ST013,1,5844.19,0.0,5025.05
S012899,2026-11-04,C0004,P033,ST016,7,13575.26,0.0,9814.74
S012900,2025-12-10,C0742,P062,ST017,2,3920.99,0.05,2627.77
S012901,2026-11-03,C0386,P064,ST007,6,9969.49,0.05,7055.83
S012902,2025-06-08,C0130,P082,ST004,6,13529.2,0.0,11120.16
S012903,2025-12-15,C0346,P020,ST009,2,6884.08,0.05,5381.43
S012904,2025-04-19,C0870,P057,ST011,8,8989.51,0.05,5530.0
S012905,2025-10-03,C0409,P028,ST018,1,10630.68,0.05,8027.52
S012906,2026-10-16,C0740,P088,ST017,8,6899.38,0.0,5917.07
S012907,2026-01-28,C0606,P072,ST012,6,9366.17,0.1,7885.7
S012908,2026-06-14,C0405,P071,ST004,7,11323.43,0.1,7113.15
S012909,2025-12-26,C0263,P068,ST020,2,12430.12,0.02,8703.69
S012910,2026-01-08,C0524,P019,ST002,2,804.31,0.0,612.11
S012911,2026-04-10,C0904,P038,ST018,1,8797.38,0.1,5677.06
S012912,2025-06-27,C0007,P059,ST007,8,1608.46,0.05,1382.59
S012913,2025-01-30,C0980,P022,ST022,7,7626.24,0.15,5050.21
S012914,2026-11-20,C0173,P022,ST003,2,7478.45,0.02,5050.21
S012915,2026-06-27,C0263,P039,ST021,6,2986.87,0.05,2144.94
S012916,2025-01-02,C0346,P066,ST009,5,14974.65,0.05,10315.22
S012917,2025-12-18,C0092,P025,ST006,6,1240.99,0.05,935.06
S012918,2026-05-17,C0267,P052,ST009,7,10409.63,0.02,8471.56
S012919,2025-01-22,C0593,P047,ST005,2,6363.55,0.0,4501.3
S012920,2026-05-27,C0912,P021,ST005,1,4199.38,0.05,2771.37
S012921,2025-01-21,C0548,P078,ST023,6,3161.98,0.0,1948.16
S012922,2025-04-20,C0535,P071,ST014,2,9528.5,0.05,7113.15
S012923,2026-02-05,C0246,P029,ST024,8,10540.48,0.05,6795.13
S012924,2025-11-15,C0895,P012,ST009,3,7195.74,0.02,5785.38
S012925,2025-12-27,C0880,P080,ST012,2,8390.68,0.0,7154.82
S012926,2025-03-06,C0666,P070,ST005,3,9135.3,0.1,7620.88
S012927,2025-04-26,C0920,P080,ST020,4,9355.55,0.05,7154.82
S012928,2025-03-23,C0111,P057,ST015,8,9104.61,0.02,5530.0
S012929,2025-03-11,C0802,P085,ST025,1,8576.59,0.0,7193.26
S012930,2026-03-21,C0287,P083,ST003,7,10048.79,0.05,7077.47
S012931,2025-02-07,C0361,P074,ST018,1,7704.95,0.0,5135.74
S012932,2025-07-13,C0720,P057,ST010,4,7286.96,0.05,5530.0
S012933,2025-06-04,C0282,P070,ST001,7,10404.79,0.02,7620.88
S012934,2026-01-27,C0275,P061,ST001,5,7086.86,0.1,5605.37
S012935,2025-09-25,C0061,P080,ST020,7,8517.54,0.02,7154.82
S012936,2026-06-07,C0726,P044,ST024,5,7054.11,0.02,4727.0
S012937,2026-10-19,C0343,P051,ST016,6,15761.83,0.02,10925.82
S012938,2025-02-27,C0498,P073,ST020,1,1990.01,0.05,1242.22
S012939,2025-10-21,C0295,P081,ST002,2,3468.38,0.1,2254.47
S012940,2026-09-08,C0692,P011,ST013,1,9967.1,0.0,8103.73
S012941,2025-01-12,C0070,P015,ST011,8,10855.94,0.0,7707.94
S012942,2025-01-26,C0188,P066,ST012,6,14818.82,0.05,10315.22
S012943,2026-04-24,C0600,P068,ST009,7,11943.4,0.02,8703.69
S012944,2025-04-22,C0793,P036,ST006,2,2149.82,0.0,1308.06
S012945,2025-12-11,C0332,P055,ST012,1,14927.37,0.05,9400.32
S012946,2025-11-05,C0650,P062,ST016,8,3191.51,0.02,2627.77
S012947,2026-10-23,C0873,P068,ST011,4,11967.18,0.0,8703.69
S012948,2026-09-07,C0724,P077,ST014,7,5312.98,0.0,4125.87
S012949,2026-01-17,C0754,P010,ST004,4,2406.47,0.0,1595.73
S012950,2025-08-01,C0846,P076,ST023,3,9097.26,0.0,6054.39
S012951,2026-08-05,C0813,P022,ST003,3,7484.9,0.05,5050.21
S012952,2026-04-03,C0430,P012,ST010,5,9376.56,0.0,5785.38
S012953,2026-04-12,C0335,P045,ST003,3,6027.75,0.05,3792.77
S012954,2026-08-09,C0230,P056,ST025,7,10917.94,0.0,8673.46
S012955,2026-01-19,C0302,P088,ST004,1,7239.16,0.0,5917.07
S012956,2026-06-06,C0902,P065,ST018,6,2959.75,0.15,2327.08
S012957,2026-01-22,C0579,P050,ST015,1,17518.24,0.0,11552.3
S012958,2026-03-05,C0029,P029,ST008,6,9424.5,0.05,6795.13
S012959,2025-01-25,C0855,P055,ST024,7,13800.1,0.0,9400.32
S012960,2026-03-11,C0355,P077,ST019,6,5831.88,0.05,4125.87
S012961,2026-05-17,C0993,P058,ST003,7,5110.03,0.0,3448.84
S012962,2026-09-05,C0657,P084,ST004,7,5295.78,0.05,4325.72
S012963,2026-03-28,C0950,P021,ST013,7,3773.05,0.05,2771.37
S012964,2025-11-19,C0696,P007,ST014,1,7056.36,0.05,5642.26
S012965,2025-04-14,C0824,P060,ST004,8,14311.08,0.15,10855.58
S012966,2026-04-25,C0470,P036,ST011,8,1621.17,0.1,1308.06
S012967,2025-07-21,C0300,P090,ST015,1,1974.45,0.0,1222.08
S012968,2026-03-13,C0620,P077,ST013,1,5947.66,0.02,4125.87
S012969,2026-02-09,C0852,P045,ST021,6,6226.26,0.1,3792.77
S012970,2026-01-17,C0918,P038,ST005,2,9027.13,0.02,5677.06
S012971,2026-11-12,C0180,P046,ST022,6,9764.32,0.0,7655.82
S012972,2026-05-02,C0569,P086,ST013,2,757.44,0.0,517.95
S012973,2026-05-08,C0730,P025,ST005,6,1130.63,0.05,935.06
S012974,2025-05-04,C0440,P040,ST007,3,7992.76,0.05,6137.28
S012975,2026-07-04,C0693,P069,ST006,5,6306.02,0.1,5327.09
S012976,2026-06-17,C0570,P061,ST013,7,7337.95,0.05,5605.37
S012977,2026-05-05,C0989,P025,ST016,3,1455.83,0.05,935.06
S012978,2026-09-14,C0878,P055,ST022,2,14148.46,0.0,9400.32
S012979,2026-02-22,C0042,P051,ST024,5,13546.08,0.0,10925.82
S012980,2026-09-12,C0775,P036,ST023,3,1563.09,0.05,1308.06
S012981,2026-08-04,C0141,P051,ST003,1,15753.22,0.02,10925.82
S012982,2026-09-03,C0212,P032,ST002,2,5825.64,0.05,5025.05
S012983,2025-04-03,C0447,P078,ST001,2,3127.02,0.0,1948.16
S012984,2025-10-17,C0810,P031,ST007,7,10946.97,0.15,8055.68
S012985,2026-07-01,C0359,P011,ST006,5,10358.14,0.0,8103.73
S012986,2026-12-11,C0407,P085,ST006,8,11295.68,0.0,7193.26
S012987,2026-10-15,C0174,P049,ST009,8,2039.41,0.0,1636.57
S012988,2026-08-05,C0729,P017,ST003,1,9601.92,0.05,6820.68
S012989,2026-08-25,C0679,P046,ST017,2,11063.03,0.05,7655.82
S012990,2026-07-25,C0567,P017,ST019,4,9882.26,0.02,6820.68
S012991,2026-12-17,C0520,P043,ST006,7,7930.71,0.05,5492.34
S012992,2026-11-24,C0655,P029,ST002,4,9197.91,0.0,6795.13
S012993,2025-10-21,C0833,P078,ST001,6,2816.88,0.02,1948.16
S012994,2025-07-22,C0103,P034,ST003,1,3585.08,0.02,2211.93
S012995,2026-07-16,C0791,P008,ST008,5,10481.71,0.1,6932.71
S012996,2025-01-03,C0272,P054,ST017,4,16995.22,0.0,11637.82
S012997,2025-01-17,C0043,P045,ST010,3,6223.9,0.02,3792.77
S012998,2026-04-16,C0247,P078,ST020,6,2352.16,0.0,1948.16
S012999,2025-08-16,C0070,P007,ST010,8,7410.6,0.1,5642.26
S013000,2025-12-15,C0171,P044,ST012,6,6928.7,0.15,4727.0
S013001,2025-11-16,C0674,P073,ST015,1,1473.4,0.02,1242.22
S013002,2025-09-14,C0661,P084,ST019,3,5274.64,0.0,4325.72
S013003,2026-10-30,C0107,P031,ST014,7,11837.19,0.1,8055.68
S013004,2026-07-12,C0992,P062,ST011,1,3330.94,0.0,2627.77
S013005,2025-12-17,C0799,P012,ST022,8,6807.23,0.02,5785.38
S013006,2025-11-01,C0044,P008,ST009,6,9768.52,0.15,6932.71
S013007,2025-12-04,C0291,P071,ST025,6,8579.35,0.0,7113.15
S013008,2025-08-02,C0664,P067,ST016,2,11837.08,0.0,9162.6
S013009,2025-12-25,C0129,P036,ST002,5,1629.86,0.1,1308.06
S013010,2025-10-30,C0606,P065,ST011,3,3647.41,0.05,2327.08
S013011,2026-09-25,C0025,P068,ST012,7,13503.6,0.0,8703.69
S013012,2025-09-25,C0240,P071,ST021,5,11154.52,0.05,7113.15
S013013,2025-04-29,C0934,P024,ST024,5,3620.62,0.0,2998.79
S013014,2026-11-05,C0468,P042,ST004,2,9829.65,0.05,8431.76
S013015,2025-07-11,C0063,P084,ST011,6,6976.41,0.02,4325.72
S013016,2026-12-20,C0310,P046,ST016,8,10233.77,0.02,7655.82
S013017,2025-09-12,C0358,P058,ST016,8,4296.54,0.0,3448.84
S013018,2025-03-18,C0088,P065,ST010,3,3779.93,0.05,2327.08
S013019,2026-07-16,C0617,P011,ST006,5,12237.45,0.02,8103.73
S013020,2026-12-31,C0976,P041,ST004,8,2463.78,0.05,2039.67
S013021,2025-11-11,C0464,P078,ST018,6,2902.6,0.02,1948.16
S013022,2025-12-31,C0396,P051,ST003,5,13734.29,0.05,10925.82
S013023,2026-06-18,C0821,P077,ST013,4,5904.31,0.05,4125.87
S013024,2026-07-29,C0856,P083,ST010,3,10718.79,0.1,7077.47
S013025,2025-06-19,C0069,P045,ST001,3,5092.68,0.05,3792.77
S013026,2025-04-16,C0200,P052,ST024,1,10947.61,0.05,8471.56
S013027,2026-06-03,C0201,P053,ST003,3,4842.31,0.1,3373.97
S013028,2026-06-27,C0696,P044,ST014,1,7458.49,0.02,4727.0
S013029,2026-11-30,C0945,P089,ST025,3,12037.75,0.05,9447.14
S013030,2025-04-30,C0056,P017,ST003,4,11214.62,0.02,6820.68
S013031,2025-08-04,C0607,P017,ST009,1,11016.43,0.1,6820.68
S013032,2026-07-02,C0068,P036,ST019,1,2152.17,0.1,1308.06
S013033,2025-12-18,C0390,P018,ST006,8,5000.67,0.05,3821.41
S013034,2026-03-07,C0207,P064,ST023,7,9110.41,0.0,7055.83
S013035,2026-03-01,C0431,P002,ST009,8,398.39,0.0,336.51
S013036,2026-04-16,C0781,P005,ST005,5,12346.56,0.0,8535.69
S013037,2025-05-06,C0706,P089,ST025,2,14585.98,0.05,9447.14
S013038,2025-09-24,C0933,P030,ST012,7,12958.59,0.02,9460.8
S013039,2026-04-28,C0180,P037,ST024,1,10468.28,0.0,8737.72
S013040,2026-01-15,C0178,P024,ST019,1,4004.54,0.02,2998.79
S013041,2025-05-19,C0882,P055,ST020,6,11904.56,0.05,9400.32
S013042,2026-08-25,C0055,P049,ST005,3,2245.16,0.1,1636.57
S013043,2026-08-17,C0965,P024,ST003,2,4086.29,0.0,2998.79
S013044,2025-04-22,C0083,P074,ST018,4,7152.92,0.05,5135.74
S013045,2025-09-24,C0101,P088,ST022,5,7805.85,0.15,5917.07
S013046,2025-03-17,C0571,P012,ST022,4,7911.17,0.05,5785.38
S013047,2025-05-13,C0983,P027,ST022,8,5549.26,0.0,3699.73
S013048,2025-08-14,C0857,P009,ST015,1,2612.78,0.05,1892.61
S013049,2025-11-04,C0106,P057,ST023,4,8287.42,0.05,5530.0
S013050,2026-01-23,C0002,P015,ST010,5,11819.69,0.1,7707.94
S013051,2026-12-26,C0870,P082,ST010,7,14641.89,0.15,11120.16
S013052,2026-04-05,C0105,P015,ST017,7,10900.41,0.05,7707.94
S013053,2025-10-30,C0313,P084,ST021,1,5983.56,0.05,4325.72
S013054,2026-10-16,C0805,P051,ST012,3,14222.31,0.05,10925.82
S013055,2026-12-28,C0939,P021,ST014,1,3872.57,0.1,2771.37
S013056,2026-10-05,C0164,P056,ST010,8,11729.39,0.0,8673.46
S013057,2026-07-14,C0489,P055,ST010,3,13835.59,0.02,9400.32
S013058,2025-08-08,C0654,P002,ST001,3,430.62,0.05,336.51
S013059,2026-10-22,C0424,P013,ST014,8,8879.31,0.02,6891.52
S013060,2026-04-22,C0862,P025,ST012,2,1276.73,0.0,935.06
S013061,2025-09-18,C0420,P083,ST012,8,11211.86,0.02,7077.47
S013062,2026-02-12,C0080,P059,ST009,5,1750.8,0.02,1382.59
S013063,2025-06-23,C0331,P011,ST006,7,10945.45,0.05,8103.73
S013064,2025-06-04,C0750,P033,ST021,1,15099.38,0.0,9814.74
S013065,2026-09-12,C0033,P069,ST002,6,6982.39,0.02,5327.09
S013066,2025-10-15,C0522,P066,ST023,5,15319.9,0.0,10315.22
S013067,2025-03-30,C0680,P040,ST005,3,9398.29,0.0,6137.28
S013068,2026-09-23,C0318,P065,ST010,4,3676.68,0.15,2327.08
S013069,2025-05-28,C0170,P044,ST002,1,6196.49,0.02,4727.0
S013070,2025-09-22,C0734,P053,ST007,5,4595.95,,3373.97
S013071,2026-11-20,C0761,P059,ST011,1,1824.71,0.05,1382.59
S013072,2025-05-03,C0903,P089,ST014,1,14297.55,0.02,9447.14
S013073,2026-05-22,C0948,P011,ST019,4,11028.23,0.0,8103.73
S013074,2026-03-08,C0034,P086,ST024,5,684.18,0.1,517.95
S013075,2026-08-15,C0020,P008,ST019,8,8872.95,0.05,6932.71
S013076,2025-08-15,C0565,P075,ST007,3,931.76,0.02,738.97
S013077,2026-06-10,C0868,P018,ST007,1,6244.87,0.05,3821.41
S013078,2026-08-19,C0105,P035,ST014,8,711.63,0.0,516.87
S013079,2025-08-12,C0071,P001,ST020,2,3974.54,0.0,2598.92
S013080,2025-01-23,C0474,P028,ST022,5,13220.22,0.0,8027.52
S013081,2026-05-20,C0751,P043,ST008,8,7822.09,0.1,5492.34
S013082,2025-12-20,C0760,P020,ST012,7,7228.74,0.05,5381.43
S013083,2025-05-03,C0280,P008,ST025,3,10039.86,0.05,6932.71
S013084,2025-11-14,C0508,P014,ST013,7,11596.63,0.1,9238.74
S013085,2026-01-17,C0481,P027,ST021,3,5588.37,0.0,3699.73
S013086,2025-01-24,C0496,P047,ST005,5,7379.21,0.0,4501.3
S013087,2025-11-26,C0254,P086,ST018,2,626.91,0.0,517.95
S013088,2025-12-04,C0407,P058,ST007,3,4511.94,0.02,3448.84
S013089,2025-08-05,C0353,P024,ST014,4,4425.7,0.05,2998.79
S013090,2025-11-18,C0805,P056,ST011,3,11608.41,0.05,8673.46
S013091,2025-07-01,C0841,P056,ST023,6,10134.41,0.02,8673.46
S013092,2025-07-30,C0957,P067,ST003,6,12481.62,0.0,9162.6
S013093,2026-08-08,C0119,P067,ST003,6,11878.4,0.0,9162.6
S013094,2025-08-19,C0917,P037,ST024,3,10821.28,0.02,8737.72
S013095,2026-10-15,C0061,P038,ST018,3,8464.51,0.02,5677.06
S013096,2026-07-13,C0886,P069,ST009,1,8084.3,0.02,5327.09
S013097,2025-10-06,C0137,P037,ST009,7,11243.03,0.05,8737.72
S013098,2026-03-06,C0528,P086,ST025,7,642.1,0.02,517.95
S013099,2025-03-15,C0032,P066,ST013,3,13438.89,0.1,10315.22
S013100,2025-09-03,C0103,P029,ST004,6,10547.15,0.0,6795.13
S013101,2026-04-26,C0716,P047,ST011,8,7143.63,0.02,4501.3
S013102,2026-07-17,C0375,P018,ST007,3,4768.2,0.0,3821.41
S013103,2025-04-30,C0528,P029,ST023,2,8307.56,0.1,6795.13
S013104,2025-01-09,C0080,P090,ST007,6,1882.54,0.05,1222.08
S013105,2025-05-04,C0530,P058,ST009,5,4684.46,0.05,3448.84
S013106,2025-07-25,C0566,P069,ST017,4,7955.95,0.05,5327.09
S013107,2025-02-20,C0528,P070,ST024,1,9594.83,0.02,7620.88
S013108,2025-12-16,C0451,P054,ST023,5,17022.91,0.0,11637.82
S013109,2026-06-07,C0842,P038,ST021,4,6573.02,0.05,5677.06
S013110,2026-07-29,C0556,P048,ST013,4,1563.14,0.1,1279.89
S013111,2026-08-09,C0147,P011,ST002,8,12109.51,0.05,8103.73
S013112,2026-09-10,C0975,P031,ST024,3,12522.78,0.0,8055.68
S013113,2026-08-28,C0867,P058,ST023,7,4938.75,0.05,3448.84
S013114,2026-10-22,C0942,P077,ST025,3,5455.28,0.1,4125.87
S013115,2025-08-10,C0548,P061,ST025,5,6757.58,0.05,5605.37
S013116,2025-11-10,C0827,P064,ST025,1,9139.4,0.0,7055.83
S013117,2025-09-16,C0172,P052,ST009,2,11748.04,0.0,8471.56
S013118,2025-04-05,C0803,P074,ST002,6,7572.73,0.05,5135.74
S013119,2026-06-02,C0443,P088,ST004,7,8123.05,0.0,5917.07
S013120,2025-02-04,C0937,P055,ST011,4,12095.67,0.02,9400.32
S013121,2025-05-15,C0257,P021,ST024,4,3201.49,0.0,2771.37
S013122,2025-09-10,C0885,P005,ST017,4,10237.6,0.05,8535.69
S013123,2025-04-04,C0474,P089,ST022,3,12942.5,0.1,9447.14
S013124,2025-02-14,C0112,P007,ST022,3,9043.19,0.0,5642.26
S013125,2026-02-10,C0755,P086,ST019,5,823.32,0.05,517.95
S013126,2026-03-16,C0815,P039,ST025,6,2541.96,0.02,2144.94
S013127,2026-04-27,C0293,P019,ST021,2,860.9,0.02,612.11
S013128,2025-08-08,C0829,P002,ST013,8,404.94,0.0,336.51
S013129,2025-11-23,C0694,P007,ST020,6,7474.18,0.0,5642.26
S013130,2025-06-25,C0632,P007,ST014,3,8201.84,0.05,5642.26
S013131,2026-06-15,C0628,P034,ST001,3,3390.47,0.0,2211.93
S013132,2025-02-07,C0833,P019,ST004,7,862.08,0.1,612.11
S013133,2025-07-19,C0441,P028,ST010,2,12151.87,0.02,8027.52
S013134,2025-03-25,C0981,P012,ST018,7,8136.15,0.02,5785.38
S013135,2025-07-28,C0886,P014,ST006,2,13168.31,0.0,9238.74
S013136,2025-06-26,C0884,P045,ST010,8,4866.95,0.05,3792.77
S013137,2025-03-17,C0014,P048,ST011,2,1861.7,0.05,1279.89
S013138,2026-07-17,C0130,P074,ST001,2,8126.6,0.1,5135.74
S013139,2026-08-18,C0320,P019,ST014,2,849.3,0.05,612.11
S013140,2026-01-09,C0309,P013,ST001,8,11296.34,0.1,6891.52
S013141,2025-08-27,C0003,P013,ST025,3,10561.43,0.02,6891.52
S013142,2025-07-03,C0965,P064,ST003,2,9199.11,0.05,7055.83
S013143,2025-06-12,C0884,P033,ST011,2,15236.53,0.02,9814.74
S013144,2026-02-07,C0072,P058,ST014,7,5210.7,0.02,3448.84
S013145,2025-08-24,C0871,P034,ST016,7,3425.47,0.02,2211.93
S013146,2025-03-19,C0988,P006,ST019,8,12342.21,0.0,9423.57
S013147,2026-01-12,C0717,P069,ST019,6,7557.02,0.0,5327.09
S013148,2025-01-24,C0060,P041,ST008,4,2481.39,0.0,2039.67
S013149,2026-03-27,C0004,P023,ST015,6,15462.55,0.05,10277.49
S013150,2025-09-23,C0452,P061,ST011,5,7371.97,0.1,5605.37
S013151,2025-08-10,C0960,P009,ST003,2,2273.01,0.05,1892.61
S013152,2025-01-28,C0999,P071,ST002,5,9086.53,0.05,7113.15
S013153,2026-01-01,C0340,P054,ST009,8,16356.95,0.0,11637.82
S013154,2025-11-18,C0925,P080,ST009,3,10377.98,0.0,7154.82
S013155,2025-08-11,C0538,P070,ST012,3,9977.58,0.05,7620.88
S013156,2026-03-24,C0794,P037,ST021,2,10336.08,0.02,8737.72
S013157,2025-07-01,C0720,P005,ST011,3,12297.52,0.0,8535.69
S013158,2026-05-12,C0276,P058,ST003,3,4161.93,0.1,3448.84
S013159,2026-06-23,C0277,P004,ST002,8,11123.12,0.05,8062.0
S013160,2026-07-26,C0521,P066,ST003,8,13662.81,0.05,10315.22
S013161,2026-10-27,C0407,P041,ST006,5,2853.88,0.02,2039.67
S013162,2025-04-07,C0033,P038,ST005,1,8127.91,0.05,5677.06
S013163,2025-08-03,C0932,P065,ST017,3,3072.25,0.05,2327.08
S013164,2025-12-16,C0281,P047,ST014,6,5381.83,0.02,4501.3
S013165,2025-09-16,C0526,P029,ST018,8,8062.28,0.0,6795.13
S013166,2026-11-02,C0683,P043,ST009,7,6627.6,0.0,5492.34
S013167,2025-08-29,C0884,P032,ST012,1,7896.03,0.0,5025.05
S013168,2026-02-06,C0019,P051,ST018,6,15638.83,0.02,10925.82
S013169,2025-05-06,C0068,P077,ST020,8,6461.27,0.02,4125.87
S013170,2025-04-16,C0871,P065,ST017,5,3716.68,0.05,2327.08
S013171,2026-09-18,C0741,P058,ST009,2,4888.88,0.0,3448.84
S013172,2026-02-19,C0008,P033,ST010,3,13730.02,0.05,9814.74
S013173,2025-10-18,C0582,P014,ST013,4,13950.33,0.1,9238.74
S013174,2026-08-20,C0884,P015,ST013,7,11424.27,0.02,7707.94
S013175,2026-07-24,C0310,P023,ST016,2,15070.14,0.05,10277.49
S013176,2026-11-05,C0545,P076,ST017,6,9037.82,0.0,6054.39
S013177,2026-11-10,C0436,P088,ST011,5,7371.08,0.02,5917.07
S013178,2026-07-08,C0456,P049,ST002,8,2660.85,0.0,1636.57
S013179,2026-09-10,C0341,P007,ST007,5,7755.88,0.05,5642.26
S013180,2025-05-22,C0798,P063,ST004,1,4962.23,0.05,3844.99
S013181,2026-11-03,C0818,P028,ST012,6,12075.38,0.0,8027.52
S013182,2025-05-10,C0716,P053,ST013,8,4244.11,0.05,3373.97
S013183,2026-09-14,C0621,P057,ST021,4,7022.83,0.05,5530.0
S013184,2025-08-26,C0321,P065,ST016,7,3654.32,0.1,2327.08
S013185,2025-10-22,C0071,P082,ST021,6,15532.96,0.0,11120.16
S013186,2026-11-10,C0185,P018,ST025,4,4878.44,0.05,3821.41
S013187,2025-05-28,C0307,P040,ST022,8,9024.74,0.05,6137.28
S013188,2026-08-14,C0810,P032,ST007,7,7787.83,0.02,5025.05
S013189,2025-08-26,C0031,P037,ST009,2,14025.1,0.05,8737.72
S013190,2026-05-13,C0792,P073,ST006,3,1700.76,0.05,1242.22
S013191,2026-03-18,C0054,P047,ST022,7,7169.89,0.0,4501.3
S013192,2025-01-14,C0544,P009,ST010,4,3086.94,0.0,1892.61
S013193,2026-11-14,C0851,P028,ST017,1,10903.1,0.0,8027.52
S013194,2025-11-13,C0886,P081,ST007,6,3605.96,0.05,2254.47
S013195,2026-06-25,C0184,P006,ST011,1,12465.98,0.0,9423.57
S013196,2025-08-07,C0161,P040,ST018,1,8403.87,0.0,6137.28
S013197,2025-06-19,C0109,P044,ST007,2,5590.75,0.05,4727.0
S013198,2025-04-30,C0885,P041,ST017,3,2817.37,0.0,2039.67
S013199,2025-12-09,C0410,P009,ST012,3,2613.11,0.0,1892.61
S013200,2025-12-02,C0878,P064,ST024,4,8637.53,0.05,7055.83
S013201,2026-10-21,C0504,P008,ST004,8,10736.37,0.1,6932.71
S013202,2025-09-27,C0685,P087,ST025,8,16513.52,0.0,11513.07
S013203,2025-12-11,C0120,P067,ST015,6,12460.1,0.0,9162.6
S013204,2025-02-24,C0417,P037,ST007,5,13183.73,0.02,8737.72
S013205,2026-06-28,C0900,P045,ST004,6,4545.15,0.05,3792.77
S013206,2025-04-05,C0634,P039,ST024,5,2646.52,0.1,2144.94
S013207,2026-09-04,C0752,P076,ST022,1,7181.27,0.02,6054.39
S013208,2025-02-17,C0300,P080,ST014,3,10766.74,0.1,7154.82
S013209,2025-06-02,C0559,P003,ST016,8,12020.19,0.0,9496.36
S013210,2025-01-30,C0128,P061,ST004,1,7224.11,0.0,5605.37
S013211,2026-09-03,C0640,P048,ST023,2,1906.09,0.02,1279.89
S013212,2026-09-22,C0494,P081,ST009,6,2954.33,0.02,2254.47
S013213,2025-01-20,C0583,P071,ST003,4,8815.5,0.05,7113.15
S013214,2025-08-28,C0082,P058,ST013,8,5155.09,0.05,3448.84
S013215,2025-12-13,C0121,P051,ST003,5,14351.99,0.05,10925.82
S013216,2025-01-22,C0221,P079,ST022,6,2087.93,0.1,1464.98
S013217,2025-11-20,C0949,P028,ST013,5,11150.07,0.0,8027.52
S013218,2026-10-01,C0426,P030,ST021,4,11931.55,0.05,9460.8
S013219,2026-10-15,C0045,P041,ST021,2,2450.57,0.02,2039.67
S013220,2025-01-13,C0265,P046,ST024,3,10835.11,0.05,7655.82
S013221,2025-06-02,C0993,P062,ST005,1,3763.98,0.05,2627.77
S013222,2025-03-21,C0283,P017,ST001,7,10531.75,0.1,6820.68
S013223,2025-08-22,C0546,P084,ST009,4,5647.52,0.05,4325.72
S013224,2025-12-20,C0887,P039,ST025,8,2727.06,0.0,2144.94
S013225,2025-01-12,C0037,P085,ST012,5,9264.21,0.0,7193.26
S013226,2026-12-06,C0760,P041,ST013,2,2560.89,0.05,2039.67
S013227,2025-07-09,C0167,P071,ST006,1,8726.32,0.02,7113.15
S013228,2026-11-08,C0697,P027,ST018,5,5937.58,0.0,3699.73
S013229,2026-04-17,C0463,P051,ST025,7,16022.1,0.05,10925.82
S013230,2025-06-05,C0016,P009,ST020,7,2243.84,0.0,1892.61
S013231,2026-03-19,C0057,P070,ST015,2,11129.04,0.02,7620.88
S013232,2026-04-12,C0529,P066,ST007,4,13295.05,0.02,10315.22
S013233,2026-10-31,C0673,P035,ST022,2,752.7,0.0,516.87
S013234,2026-07-10,C0189,P052,ST014,1,11840.85,0.0,8471.56
S013235,2026-03-09,C0448,P076,ST007,1,7969.71,0.0,6054.39
S013236,2025-12-23,C0422,P052,ST005,3,9907.71,0.1,8471.56
S013237,2026-06-04,C0952,P075,ST015,1,855.24,0.05,738.97
S013238,2026-06-25,C0186,P022,ST017,1,5881.53,0.05,5050.21
S013239,2026-07-24,C0644,P070,ST015,7,9292.37,0.05,7620.88
S013240,2026-04-12,C0102,P028,ST021,1,10597.74,0.0,8027.52
S013241,2026-03-06,C0206,P055,ST018,3,15075.73,0.02,9400.32
S013242,2026-05-14,C0569,P011,ST013,3,9887.76,0.05,8103.73
S013243,2026-08-13,C0577,P057,ST015,6,8649.11,0.02,5530.0
S013244,2025-07-08,C0066,P056,ST003,3,11944.66,0.0,8673.46
S013245,2026-01-14,C0236,P030,ST003,5,11881.2,0.05,9460.8
S013246,2025-01-03,C0546,P025,ST008,4,1524.08,0.0,935.06
S013247,2025-11-17,C0458,P056,ST017,2,11118.12,0.02,8673.46
S013248,2026-01-16,C0494,P058,ST009,2,4374.18,0.02,3448.84
S013249,2026-12-07,C0582,P012,ST010,4,8365.06,0.05,5785.38
S013250,2025-06-24,C0773,P078,ST025,5,2293.98,0.0,1948.16
S013251,2026-12-08,C0205,P026,ST019,1,5241.15,0.02,3556.26
S013252,2026-05-05,C0344,P039,ST006,1,3248.95,0.0,2144.94
S013253,2025-12-23,C0890,P012,ST008,4,9429.24,0.02,5785.38
S013254,2026-06-16,C0355,P086,ST018,5,696.99,0.0,517.95
S013255,2025-07-04,C0328,P085,ST025,1,8342.36,0.02,7193.26
S013256,2026-04-02,C0190,P046,ST008,5,10333.37,0.02,7655.82
S013257,2026-07-08,C0423,P082,ST024,5,16254.42,0.1,11120.16
S013258,2025-07-18,C0939,P001,ST017,6,3117.77,0.05,2598.92
S013259,2025-02-16,C0703,P026,ST013,7,5225.17,0.1,3556.26
S013260,2026-10-13,C0037,P032,ST013,7,7252.33,0.0,5025.05
S013261,2025-07-11,C0491,P072,ST022,6,12900.43,0.05,7885.7
S013262,2026-02-19,C0494,P049,ST006,1,2380.19,0.02,1636.57
S013263,2026-12-22,C0220,P005,ST015,4,13252.31,0.05,8535.69
S013264,2026-08-25,C0797,P063,ST023,2,5405.83,0.05,3844.99
S013265,2026-10-27,C0872,P047,ST016,8,6667.25,0.0,4501.3
S013266,2025-09-17,C0057,P047,ST014,4,6410.71,0.0,4501.3
S013267,2025-03-01,C0071,P084,ST018,7,6000.58,0.1,4325.72
S013268,2025-04-04,C0960,P059,ST001,4,2122.61,0.0,1382.59
S013269,2026-09-21,C0469,P088,ST021,4,7499.51,0.0,5917.07
S013270,2025-08-31,C0459,P090,ST025,3,1710.22,0.02,1222.08
S013271,2025-06-04,C0301,P080,ST022,6,10942.87,0.05,7154.82
S013272,2025-11-16,C0721,P081,ST018,6,3525.8,0.0,2254.47
S013273,2025-01-07,C0293,P021,ST020,2,4516.93,0.05,2771.37
S013274,2026-05-18,C0861,P028,ST005,7,12046.08,0.0,8027.52
S013275,2026-05-31,C0543,P082,ST001,4,15831.97,0.0,11120.16
S013276,2026-05-25,C0117,P006,ST021,6,11942.76,0.02,9423.57
S013277,2026-07-15,C0557,P030,ST021,3,11213.83,0.02,9460.8
S013278,2026-01-13,C0761,P043,ST013,2,7908.06,0.05,5492.34
S013279,2025-03-06,C0908,P033,ST021,1,13594.72,0.0,9814.74
S013280,2026-10-15,C0085,P016,ST006,8,8029.48,0.05,6754.56
S013281,2025-05-15,C0122,P076,ST025,3,7667.06,0.0,6054.39
S013282,2025-10-24,C0339,P088,ST016,4,8209.84,0.05,5917.07
S013283,2025-09-27,C0306,P015,ST020,6,11727.14,0.1,7707.94
S013284,2025-08-30,C0852,P086,ST020,8,802.28,0.15,517.95
S013285,2025-05-31,C0991,P059,ST024,4,1803.27,0.1,1382.59
S013286,2026-05-31,C0744,P051,ST012,8,13720.22,0.02,10925.82
S013287,2026-04-29,C0232,P084,ST003,7,6624.04,0.02,4325.72
S013288,2026-08-15,C0002,P029,ST011,8,9119.54,0.0,6795.13
S013289,2026-03-22,C0362,P019,ST022,4,848.2,0.02,612.11
S013290,2025-05-06,C0885,P070,ST015,8,9751.93,0.0,7620.88
S013291,2025-09-21,C0581,P040,ST012,3,7355.01,0.0,6137.28
S013292,2026-08-24,C0206,P048,ST020,1,1513.31,0.02,1279.89
S013293,2025-02-14,C0423,P075,ST023,4,903.0,0.05,738.97
S013294,2025-05-21,C0321,P032,ST014,5,7579.79,0.1,5025.05
S013295,2025-06-30,C0951,P007,ST005,1,8051.18,0.0,5642.26
S013296,2025-06-16,C0357,P070,ST013,3,9182.6,0.15,7620.88
S013297,2025-11-08,C0975,P054,ST022,5,15044.12,0.05,11637.82
S013298,2026-10-08,C0671,P004,ST001,2,11988.69,0.02,8062.0
S013299,2025-03-14,C0259,P084,ST013,7,6960.25,0.05,4325.72
S013300,2025-10-12,C0358,P056,ST014,7,10472.26,0.02,8673.46
S013301,2025-05-15,C0510,P018,ST002,2,4570.35,0.1,3821.41
S013302,2025-09-18,C0854,P071,ST001,1,8535.04,0.1,7113.15
S013303,2026-09-03,C0803,P087,ST001,6,16431.59,0.0,11513.07
S013304,2026-02-23,C0342,P067,ST002,7,12019.02,0.1,9162.6
S013305,2025-04-27,C0032,P076,ST013,8,8365.73,0.05,6054.39
S013306,2026-07-26,C0833,P044,ST004,8,5614.93,0.05,4727.0
S013307,2026-08-30,C0871,P064,ST017,5,8251.85,0.05,7055.83
S013308,2026-11-08,C0366,P047,ST020,5,5707.03,0.0,4501.3
S013309,2025-11-23,C0253,P034,ST016,3,2583.37,0.0,2211.93
S013310,2025-08-06,C0606,P043,ST013,4,6397.02,0.02,5492.34
S013311,2025-02-02,C0365,P021,ST010,5,3200.27,0.05,2771.37
S013312,2025-05-02,C0770,P046,ST007,2,10048.99,0.1,7655.82
S013313,2025-06-27,C0677,P051,ST025,3,17953.66,0.0,10925.82
S013314,2025-10-19,C0308,P070,ST015,5,9703.85,0.1,7620.88
S013315,2025-10-04,C0325,P081,ST014,7,2779.14,0.1,2254.47
S013316,2025-08-30,C0438,P034,ST014,7,2892.57,0.0,2211.93
S013317,2025-09-14,C0327,P024,ST016,6,3889.35,0.0,2998.79
S013318,2026-11-01,C0774,P073,ST023,4,1517.34,0.0,1242.22
S013319,2025-03-19,C0321,P012,ST017,3,9395.2,0.0,5785.38
S013320,2026-05-24,C0270,P033,ST023,3,14167.35,0.05,9814.74
S013321,2025-07-19,C0473,P089,ST025,1,11841.19,0.0,9447.14
S013322,2025-08-22,C0596,P045,ST021,3,5908.18,0.02,3792.77
S013323,2026-07-13,C0769,P071,ST001,6,11711.3,0.05,7113.15
S013324,2025-11-05,C0569,P034,ST012,1,3120.23,0.05,2211.93
S013325,2026-05-13,C0765,P074,ST022,6,7727.99,0.02,5135.74
S013326,2026-11-15,C0405,P035,ST002,4,672.53,0.0,516.87
S013327,2026-08-10,C0390,P063,ST007,8,5173.84,0.0,3844.99
S013328,2025-02-27,C0675,P057,ST004,3,7808.36,0.05,5530.0
S013329,2025-06-08,C0633,P027,ST014,2,6057.84,0.05,3699.73
S013330,2026-03-12,C0364,P052,ST011,7,12366.36,0.1,8471.56
S013331,2026-04-02,C0823,P089,ST004,8,13763.59,0.05,9447.14
S013332,2026-05-25,C0132,P063,ST002,3,4650.29,0.02,3844.99
S013333,2026-06-08,C0430,P082,ST013,7,16786.58,0.02,11120.16
S013334,2025-11-19,C0785,P055,ST002,1,11298.27,0.0,9400.32
S013335,2026-07-07,C0437,P049,ST025,5,1962.34,0.02,1636.57
S013336,2026-04-21,C0946,P032,ST021,5,5922.56,0.1,5025.05
S013337,2025-08-23,C0224,P056,ST003,4,13757.38,0.15,8673.46
S013338,2025-04-21,C0259,P053,ST010,7,5408.71,0.05,3373.97
S013339,2025-01-24,C0254,P064,ST020,4,9368.98,0.0,7055.83
S013340,2025-02-20,C0197,P040,ST005,4,7857.59,0.02,6137.28
S013341,2025-06-19,C0998,P001,ST013,8,3751.49,0.15,2598.92
S013342,2025-04-06,C0567,P036,ST019,8,2153.1,0.05,1308.06
S013343,2026-05-25,C0932,P053,ST015,8,4160.55,0.0,3373.97
S013344,2025-05-28,C0323,P074,ST024,3,6399.97,0.05,5135.74
S013345,2026-10-08,C0582,P053,ST010,4,4621.33,0.02,3373.97
S013346,2025-10-18,C0545,P018,ST014,2,6273.3,0.05,3821.41
S013347,2026-12-30,C0902,P032,ST018,7,6701.08,0.05,5025.05
S013348,2026-09-21,C0225,P017,ST015,7,11086.96,0.0,6820.68
S013349,2025-06-02,C0604,P075,ST001,6,940.2,0.02,738.97
S013350,2026-03-03,C0988,P080,ST021,8,9328.07,0.05,7154.82
S013351,2025-06-27,C0720,P026,ST013,1,4315.59,0.0,3556.26
S013352,2025-04-15,C0639,P024,ST020,3,4326.42,0.05,2998.79
S013353,2026-01-15,C0913,P040,ST001,7,8941.01,0.0,6137.28
S013354,2025-07-18,C0557,P074,ST020,5,7548.22,,5135.74
S013355,2025-09-05,C0262,P040,ST025,2,9261.28,0.1,6137.28
S013356,2025-12-01,C0650,P070,ST016,6,11411.04,0.05,7620.88
S013357,2026-09-03,C0325,P047,ST014,2,6892.88,0.02,4501.3
S013358,2025-12-14,C0186,P057,ST015,4,8119.97,0.05,5530.0
S013359,2025-09-05,C0579,P035,ST016,5,780.67,0.0,516.87
S013360,2025-05-08,C0256,P081,ST012,8,3007.69,0.0,2254.47
S013361,2026-06-16,C0828,P023,ST004,2,13256.01,0.0,10277.49
S013362,2025-09-05,C0918,P060,ST004,5,12752.26,0.1,10855.58
S013363,2026-01-24,C0292,P010,ST021,2,1988.56,0.05,1595.73
S013364,2025-06-21,C0605,P065,ST011,7,3266.72,0.0,2327.08
S013365,2026-04-17,C0261,P060,ST007,1,14658.69,0.0,10855.58
S013366,2025-09-30,C0820,P009,ST013,5,2385.91,0.02,1892.61
S013367,2025-01-15,C0708,P063,ST018,1,5680.71,0.05,3844.99
S013368,2025-11-25,C0084,P022,ST022,5,5931.87,0.05,5050.21
S013369,2025-05-23,C0568,P005,ST021,1,13155.13,0.05,8535.69
S013370,2025-08-30,C0349,P024,ST017,3,3891.1,0.0,2998.79
S013371,2026-05-28,C0237,P061,ST025,6,9206.71,0.02,5605.37
S013372,2026-02-06,C0875,P066,ST007,8,12487.23,0.15,10315.22
S013373,2025-01-18,C0790,P032,ST019,7,5956.97,0.05,5025.05
S013374,2025-10-22,C0310,P066,ST014,3,14527.86,0.02,10315.22
S013375,2026-06-11,C0560,P002,ST006,7,460.59,0.05,336.51
S013376,2026-06-05,C0410,P030,ST010,3,15168.18,0.0,9460.8
S013377,2025-02-02,C0821,P032,ST010,1,6287.85,0.1,5025.05
S013378,2025-05-23,C0082,P087,ST012,6,13895.39,0.0,11513.07
S013379,2026-12-30,C0850,P057,ST019,3,7036.78,0.02,5530.0
S013380,2025-09-16,C0871,P012,ST014,6,9249.61,0.0,5785.38
S013381,2026-03-27,C0669,P061,ST012,2,8153.39,0.0,5605.37
S013382,2026-09-28,C0441,P038,ST011,7,8766.96,0.1,5677.06
S013383,2026-12-16,C0852,P015,ST019,2,10196.08,0.0,7707.94
S013384,2025-05-28,C0695,P074,ST021,3,6410.09,0.0,5135.74
S013385,2026-01-13,C0084,P070,ST024,5,11745.28,0.1,7620.88
S013386,2025-08-23,C0782,P016,ST022,4,8367.35,0.05,6754.56
S013387,2026-03-04,C0668,P026,ST002,1,4528.02,0.0,3556.26
S013388,2025-02-26,C0381,P005,ST023,2,12434.3,0.1,8535.69
S013389,2025-04-12,C0543,P064,ST003,4,10382.51,0.0,7055.83
S013390,2025-05-12,C0863,P031,ST002,1,10140.98,0.05,8055.68
S013391,2026-05-03,C0872,P042,ST017,6,12318.67,0.15,8431.76
S013392,2025-06-28,C0670,P018,ST024,2,6145.44,0.05,3821.41
S013393,2026-02-24,C0186,P016,ST015,4,9380.54,0.05,6754.56
S013394,2025-08-05,C0368,P034,ST025,6,2725.91,0.05,2211.93
S013395,2025-03-06,C0711,P087,ST005,7,17673.16,0.0,11513.07
S013396,2026-06-13,C0346,P058,ST007,7,5404.78,0.05,3448.84
S013397,2026-05-12,C0821,P051,ST010,3,16872.55,0.02,10925.82
S013398,2026-05-29,C0794,P033,ST019,6,15427.32,0.05,9814.74
S013399,2026-01-07,C0360,P070,ST011,3,11291.61,0.0,7620.88
S013400,2026-03-18,C0755,P010,ST019,1,1990.45,0.02,1595.73
S013401,2026-01-15,C0075,P038,ST020,1,9133.02,0.05,5677.06
S013402,2026-03-28,C0850,P005,ST020,2,10075.41,0.0,8535.69
S013403,2026-09-19,C0288,P066,ST023,1,16559.1,0.05,10315.22
S013404,2025-10-06,C0786,P022,ST002,1,7907.86,0.02,5050.21
S013405,2025-07-17,C0036,P004,ST003,3,11637.41,0.0,8062.0
S013406,2026-02-18,C0337,P071,ST012,4,8218.47,0.15,7113.15
S013407,2026-05-14,C0708,P023,ST021,2,14950.37,0.0,10277.49
S013408,2026-09-09,C0792,P009,ST009,1,2577.62,0.05,1892.61
S013409,2025-12-21,C0894,P026,ST023,6,5587.0,0.1,3556.26
S013410,2026-03-17,C0004,P036,ST015,1,1627.96,0.0,1308.06
S013411,2025-03-04,C0414,P006,ST023,7,12278.61,0.0,9423.57
S013412,2026-10-31,C0388,P023,ST025,6,12511.99,0.1,10277.49
S013413,2025-12-27,C0208,P081,ST005,7,3422.46,0.02,2254.47
S013414,2025-01-11,C0776,P061,ST022,6,6993.8,0.0,5605.37
S013415,2026-04-19,C0008,P053,ST011,2,4278.55,0.0,3373.97
S013416,2026-09-13,C0360,P046,ST010,6,9285.57,0.02,7655.82
S013417,2026-11-26,C0836,P047,ST015,5,6153.18,0.15,4501.3
S013418,2026-02-02,C0449,P074,ST005,7,7329.53,0.05,5135.74
S013419,2026-08-03,C0254,P089,ST021,3,13609.65,0.0,9447.14
S013420,2025-04-14,C0089,P046,ST017,8,12607.72,0.05,7655.82
S013421,2025-01-14,C0104,P069,ST011,2,8561.96,0.1,5327.09
S013422,2026-12-22,C0524,P082,ST002,2,13531.37,0.0,11120.16
S013423,2025-03-08,C0792,P004,ST009,7,12597.71,0.05,8062.0
S013424,2026-05-09,C0075,P059,ST018,2,2259.46,0.15,1382.59
S013425,2025-01-07,C0003,P084,ST025,2,6682.42,0.0,4325.72
S013426,2025-04-17,C0247,P079,ST021,4,2272.9,0.02,1464.98
S013427,2026-03-01,C0478,P082,ST006,6,17086.08,0.05,11120.16
S013428,2025-07-28,C0087,P001,ST001,4,3159.97,0.05,2598.92
S013429,2026-06-08,C0596,P028,ST019,5,10900.2,0.05,8027.52
S013430,2026-05-13,C0713,P064,ST022,7,9853.99,0.05,7055.83
S013431,2025-11-22,C0393,P043,ST007,6,7640.88,0.02,5492.34
S013432,2025-03-05,C0920,P073,ST019,3,2046.39,0.0,1242.22
S013433,2026-01-10,C0225,P030,ST015,8,13162.5,0.0,9460.8
S013434,2026-10-20,C0176,P063,ST008,6,6138.24,0.05,3844.99
S013435,2026-12-16,C0508,P083,ST013,2,8922.43,0.0,7077.47
S013436,2026-01-09,C0647,P072,ST020,7,11823.12,0.0,7885.7
S013437,2025-04-09,C0088,P006,ST012,6,11323.49,0.1,9423.57
S013438,2026-11-03,C0372,P044,ST025,5,7101.92,0.05,4727.0
S013439,2025-12-30,C0243,P046,ST018,6,9573.04,0.05,7655.82
S013440,2025-07-11,C0411,P070,ST011,6,11737.3,0.0,7620.88
S013441,2026-05-28,C0048,P045,ST001,8,4557.28,0.02,3792.77
S013442,2025-08-25,C0383,P089,ST003,2,12415.03,0.0,9447.14
S013443,2025-02-18,C0414,P065,ST025,1,3333.84,0.05,2327.08
S013444,2025-05-14,C0547,P077,ST011,5,6537.97,0.1,4125.87
S013445,2026-01-13,C0563,P047,ST001,8,5269.34,0.1,4501.3
S013446,2025-12-01,C0984,P053,ST003,6,4340.12,0.0,3373.97
S013447,2026-03-07,C0662,P055,ST008,3,14303.1,0.15,9400.32
S013448,2025-07-29,C0216,P020,ST012,8,7533.36,0.02,5381.43
S013449,2025-06-21,C0119,P007,ST005,6,8383.04,0.05,5642.26
S013450,2026-06-28,C0218,P058,ST021,6,5050.13,0.02,3448.84
S013451,2025-02-03,C0602,P060,ST005,4,16833.8,0.15,10855.58
S013452,2026-10-27,C0153,P085,ST023,6,9553.38,0.0,7193.26
S013453,2025-05-29,C0448,P060,ST009,2,15481.78,0.05,10855.58
S013454,2026-07-27,C0365,P058,ST012,4,4244.06,0.0,3448.84
S013455,2026-11-22,C0002,P088,ST012,2,9459.03,,5917.07
S013456,2026-11-05,C0784,P042,ST012,8,9952.13,0.02,8431.76
S013457,2025-01-23,C0259,P076,ST010,8,9984.27,0.0,6054.39
S013458,2026-02-26,C0347,P023,ST011,5,12946.99,0.1,10277.49
S013459,2026-11-01,C0457,P055,ST018,6,14528.69,0.15,9400.32
S013460,2025-04-10,C0793,P061,ST007,5,8364.0,0.02,5605.37
S013461,2025-09-08,C0370,P079,ST001,7,1914.37,0.1,1464.98
S013462,2025-06-20,C0784,P089,ST013,5,12065.01,0.05,9447.14
S013463,2026-11-26,C0253,P050,ST014,8,15821.96,0.02,11552.3
S013464,2025-05-19,C0330,P087,ST012,4,18080.41,0.0,11513.07
S013465,2026-02-16,C0520,P080,ST007,6,10250.95,0.05,7154.82
S013466,2026-07-19,C0108,P020,ST008,6,8586.47,0.02,5381.43
S013467,2025-08-07,C0414,P052,ST022,8,9797.03,0.0,8471.56
S013468,2025-01-27,C0966,P049,ST020,8,1916.14,0.02,1636.57
S013469,2026-11-24,C0788,P050,ST024,1,14464.77,0.0,11552.3
S013470,2026-08-02,C0325,P074,ST016,6,8293.98,0.05,5135.74
S013471,2026-01-11,C0471,P034,ST011,7,3115.95,0.02,2211.93
S013472,2026-09-28,C0318,P073,ST012,6,1522.98,0.02,1242.22
S013473,2026-02-23,C0191,P061,ST019,5,7449.27,0.02,5605.37
S013474,2025-04-08,C0228,P039,ST019,2,3012.57,0.0,2144.94
S013475,2026-04-28,C0682,P058,ST016,8,4984.63,0.05,3448.84
S013476,2026-11-29,C0896,P012,ST015,4,7157.89,0.0,5785.38
S013477,2026-04-24,C0647,P029,ST018,2,8288.1,0.0,6795.13
S013478,2025-04-06,C0186,P075,ST016,8,852.27,0.0,738.97
S013479,2026-03-01,C0673,P073,ST024,2,1973.44,0.02,1242.22
S013480,2026-11-07,C0083,P021,ST021,7,3705.26,0.0,2771.37
S013481,2026-08-25,C0660,P003,ST020,3,14036.29,0.0,9496.36
S013482,2025-06-08,C0105,P017,ST015,6,8878.38,0.1,6820.68
S013483,2025-08-25,C0099,P032,ST002,5,5978.89,0.1,5025.05
S013484,2026-10-18,C0814,P071,ST004,2,10167.68,0.0,7113.15
S013485,2025-05-22,C0051,P089,ST024,5,15402.67,0.0,9447.14
S013486,2025-09-11,C0625,P068,ST024,2,10101.27,0.02,8703.69
S013487,2025-01-07,C0418,P018,ST012,7,6172.71,0.05,3821.41
S013488,2026-01-13,C0405,P063,ST003,4,6089.92,0.05,3844.99
S013489,2025-05-13,C0873,P025,ST011,2,1303.45,0.0,935.06
S013490,2026-11-17,C0917,P090,ST024,6,1946.15,0.0,1222.08
S013491,2025-03-12,C0618,P079,ST025,5,2399.06,0.02,1464.98
S013492,2026-04-10,C0454,P016,ST016,5,10404.54,0.05,6754.56
S013493,2025-05-09,C0328,P043,ST023,6,7456.77,0.05,5492.34
S013494,2026-02-19,C0761,P077,ST013,8,6741.71,0.05,4125.87
S013495,2025-04-15,C0449,P053,ST001,4,3993.64,0.0,3373.97
S013496,2026-04-19,C0875,P002,ST008,4,542.35,0.0,336.51
S013497,2025-05-28,C0230,P061,ST025,7,8126.84,0.02,5605.37
S013498,2026-07-01,C0721,P015,ST019,2,10742.29,0.1,7707.94
S013499,2025-04-28,C0537,P084,ST023,4,6671.59,0.1,4325.72
S013500,2026-08-08,C0724,P083,ST015,1,10177.39,0.0,7077.47
S013501,2026-04-28,C0507,P062,ST005,7,3040.83,0.05,2627.77
S013502,2026-11-05,C0450,P002,ST003,7,493.59,0.05,336.51
S013503,2026-05-16,C0992,P032,ST011,2,7468.73,0.02,5025.05
S013504,2026-01-03,C0496,P048,ST001,5,1473.78,0.0,1279.89
S013505,2026-10-16,C0345,P079,ST005,1,1816.4,0.05,1464.98
S013506,2026-10-19,C0353,P051,ST015,5,14805.92,0.02,10925.82
S013507,2026-09-09,C0392,P027,ST018,5,5184.37,0.0,3699.73
S013508,2025-01-16,C0939,P040,ST015,3,7122.12,0.02,6137.28
S013509,2026-07-09,C0226,P062,ST009,3,3939.51,0.02,2627.77
S013510,2026-05-31,C0874,P042,ST025,1,11679.22,0.1,8431.76
S013511,2025-11-04,C0544,P089,ST011,5,12796.87,0.05,9447.14
S013512,2026-06-04,C0950,P013,ST013,7,8597.84,0.05,6891.52
S013513,2026-05-30,C0699,P009,ST006,2,2736.98,0.0,1892.61
S013514,2025-10-22,C0857,P013,ST015,3,8339.83,0.02,6891.52
S013515,2025-10-11,C0871,P025,ST016,2,1104.04,0.05,935.06
S013516,2026-10-16,C0846,P057,ST025,7,8160.09,0.0,5530.0
S013517,2026-08-26,C0021,P044,ST003,3,5621.11,0.1,4727.0
S013518,2026-11-21,C0817,P025,ST020,8,1146.12,0.0,935.06
S013519,2025-03-30,C0837,P047,ST010,2,7248.37,,4501.3
S013520,2026-09-19,C0803,P010,ST004,7,2164.04,0.02,1595.73
S013521,2025-01-30,C0775,P079,ST023,5,2133.08,0.02,1464.98
S013522,2026-12-03,C0839,P033,ST012,1,15567.96,0.0,9814.74
S013523,2025-11-14,C0950,P062,ST012,7,3535.11,0.0,2627.77
S013524,2025-01-21,C0107,P068,ST017,2,10703.56,0.05,8703.69
S013525,2025-05-23,C0070,P005,ST011,3,12903.2,0.0,8535.69
S013526,2025-06-12,C0451,P059,ST023,6,2254.39,0.0,1382.59
S013527,2025-10-20,C0245,P020,ST006,7,7671.54,0.05,5381.43
S013528,2026-10-08,C0467,P038,ST022,4,9292.63,0.0,5677.06
S013529,2025-10-14,C0482,P089,ST010,5,11388.4,0.0,9447.14
S013530,2025-07-10,C0850,P063,ST018,8,5619.69,0.15,3844.99
S013531,2025-07-30,C0976,P057,ST005,7,6723.09,0.05,5530.0
S013532,2026-03-09,C0533,P048,ST024,7,2003.35,0.0,1279.89
S013533,2026-05-09,C0763,P084,ST003,6,5758.32,0.02,4325.72
S013534,2026-06-25,C0827,P034,ST023,2,2545.16,0.02,2211.93
S013535,2026-09-04,C0235,P087,ST003,1,17478.03,0.05,11513.07
S013536,2025-05-29,C0143,P011,ST001,1,10252.15,0.02,8103.73
S013537,2026-07-08,C0879,P085,ST004,5,9078.74,0.0,7193.26
S013538,2026-07-26,C0037,P028,ST010,7,12772.26,0.02,8027.52
S013539,2026-12-07,C0632,P038,ST015,3,9008.5,0.0,5677.06
S013540,2026-08-06,C0908,P042,ST021,2,10625.76,0.1,8431.76
S013541,2026-04-26,C0209,P005,ST014,1,11045.84,0.0,8535.69
S013542,2025-03-16,C1000,P001,ST019,6,3558.79,0.05,2598.92
S013543,2026-04-10,C0346,P003,ST008,7,12620.71,0.0,9496.36
S013544,2025-09-24,C0628,P066,ST002,4,13401.75,0.05,10315.22
S013545,2026-09-12,C0892,P090,ST019,3,1414.85,0.0,1222.08
S013546,2026-10-09,C0563,P063,ST003,4,6099.95,0.05,3844.99
S013547,2026-03-15,C0458,P086,ST014,3,764.51,0.05,517.95
S013548,2025-09-20,C0521,P029,ST001,2,8340.82,0.0,6795.13
S013549,2025-04-03,C0614,P061,ST010,8,8858.04,0.05,5605.37
S013550,2025-08-15,C0466,P078,ST019,3,2350.84,0.05,1948.16
S013551,2026-01-17,C0461,P087,ST010,4,14018.45,0.05,11513.07
S013552,2026-06-26,C0889,P066,ST019,8,16666.94,0.05,10315.22
S013553,2026-11-28,C0560,P057,ST007,3,8665.76,0.1,5530.0
S013554,2026-06-03,C0528,P040,ST025,3,8672.69,0.1,6137.28
S013555,2026-05-31,C0196,P013,ST014,6,10547.91,0.15,6891.52
S013556,2025-11-14,C0440,P056,ST007,7,11157.59,0.02,8673.46
S013557,2026-12-05,C0031,P062,ST008,7,4097.79,0.05,2627.77
S013558,2026-11-01,C0540,P060,ST007,7,17574.34,0.05,10855.58
S013559,2026-06-10,C0633,P072,ST017,1,10741.93,0.1,7885.7
S013560,2025-12-22,C0527,P086,ST019,5,625.99,0.02,517.95
S013561,2026-01-24,C0008,P026,ST010,7,5742.18,0.15,3556.26
S013562,2026-12-06,C0375,P018,ST007,6,4983.07,0.02,3821.41
S013563,2025-10-18,C0234,P053,ST007,2,4374.63,0.02,3373.97
S013564,2025-07-30,C0029,P033,ST007,8,12376.88,0.05,9814.74
S013565,2026-05-09,C0269,P035,ST002,6,852.27,0.1,516.87
S013566,2025-02-02,C0830,P036,ST005,2,1876.24,0.1,1308.06
S013567,2026-07-06,C0919,P004,ST010,8,12866.96,0.0,8062.0
S013568,2025-11-03,C0070,P022,ST011,5,6380.48,0.02,5050.21
S013569,2026-03-05,C0972,P063,ST010,6,5688.87,0.02,3844.99
S013570,2025-01-21,C0458,P078,ST017,6,2865.06,0.05,1948.16
S013571,2025-12-04,C0866,P077,ST008,1,5694.34,0.02,4125.87
S013572,2026-03-26,C0235,P003,ST004,7,12241.46,0.05,9496.36
S013573,2026-08-03,C0974,P050,ST024,6,18877.41,0.05,11552.3
S013574,2025-01-28,C0177,P073,ST008,4,1657.77,0.02,1242.22
S013575,2026-07-17,C0606,P075,ST013,8,1093.87,0.05,738.97
S013576,2025-06-25,C0977,P067,ST003,3,11455.23,0.1,9162.6
S013577,2025-10-28,C0756,P071,ST024,1,11635.75,0.05,7113.15
S013578,2025-10-10,C0230,P014,ST022,7,12849.78,0.0,9238.74
S013579,2025-04-14,C0609,P074,ST020,1,6323.7,0.0,5135.74
S013580,2026-09-17,C0792,P043,ST009,7,8748.84,0.02,5492.34
S013581,2025-05-23,C0968,P037,ST008,6,12854.85,0.02,8737.72
S013582,2025-08-03,C0549,P006,ST020,6,11964.02,0.1,9423.57
S013583,2025-06-15,C0823,P023,ST002,3,13932.46,0.1,10277.49
S013584,2025-04-01,C0839,P084,ST012,4,5844.44,0.0,4325.72
S013585,2026-11-20,C0110,P023,ST013,5,16161.42,0.05,10277.49
S013586,2025-01-01,C0941,P037,ST003,4,12218.61,0.05,8737.72
S013587,2025-07-24,C0185,P019,ST023,6,907.19,0.02,612.11
S013588,2025-02-20,C0572,P073,ST020,8,1991.55,0.02,1242.22
S013589,2026-08-27,C0702,P045,ST018,1,5903.45,0.0,3792.77
S013590,2026-02-10,C0076,P079,ST019,6,1908.39,0.0,1464.98
S013591,2025-03-30,C0143,P086,ST004,1,784.94,0.02,517.95
S013592,2026-09-01,C0030,P047,ST024,8,5617.93,0.05,4501.3
S013593,2026-04-02,C0089,P026,ST014,4,5114.74,0.05,3556.26
S013594,2025-11-30,C0691,P029,ST017,1,10773.83,0.05,6795.13
S013595,2025-08-21,C0187,P032,ST020,5,7317.15,0.0,5025.05
S013596,2026-05-22,C0187,P066,ST021,5,15833.76,0.0,10315.22
S013597,2025-10-24,C0522,P079,ST022,8,1778.44,0.02,1464.98
S013598,2026-07-11,C0973,P024,ST014,3,3502.66,0.02,2998.79
S013599,2025-09-25,C0996,P067,ST007,2,12512.32,0.05,9162.6
S013600,2026-11-19,C0761,P043,ST011,6,6404.85,0.05,5492.34
S013601,2025-07-31,C0366,P007,ST020,4,7794.13,0.05,5642.26
S013602,2026-10-25,C0744,P079,ST011,7,1701.09,0.05,1464.98
S013603,2025-12-14,C0494,P034,ST008,2,3175.54,0.05,2211.93
S013604,2025-04-09,C0235,P083,ST001,2,11505.62,0.0,7077.47
S013605,2026-02-10,C0594,P080,ST009,4,9412.83,0.0,7154.82
S013606,2025-11-02,C0777,P040,ST004,6,7894.54,0.05,6137.28
S013607,2026-05-23,C0587,P021,ST002,4,4500.28,0.05,2771.37
S013608,2026-08-15,C0711,P076,ST005,6,7184.82,0.05,6054.39
S013609,2025-07-02,C0446,P069,ST017,6,7003.59,0.05,5327.09
S013610,2026-06-04,C0804,P083,ST006,4,9598.1,0.0,7077.47
S013611,2026-12-20,C0939,P064,ST014,6,10769.38,0.15,7055.83
S013612,2025-09-16,C0197,P039,ST002,5,2826.78,0.0,2144.94
S013613,2026-07-24,C0018,P035,ST014,4,765.71,0.02,516.87
S013614,2026-03-29,C0020,P028,ST021,8,13092.52,0.0,8027.52
S013615,2025-01-18,C0165,P083,ST022,8,9853.82,0.0,7077.47
S013616,2025-06-11,C0441,P051,ST012,3,13456.23,0.05,10925.82
S013617,2026-03-30,C0622,P032,ST004,2,7486.49,0.05,5025.05
S013618,2026-09-23,C0238,P044,ST011,5,6128.8,0.02,4727.0
S013619,2025-06-24,C0310,P035,ST016,8,746.4,0.0,516.87
S013620,2026-01-22,C0005,P027,ST011,1,5887.77,0.15,3699.73
S013621,2025-12-18,C0302,P032,ST004,3,7271.85,0.0,5025.05
S013622,2025-09-01,C0936,P079,ST009,2,2036.93,0.0,1464.98
S013623,2026-04-24,C0002,P019,ST011,1,979.79,0.05,612.11
S013624,2025-03-06,C0698,P086,ST023,4,636.43,0.1,517.95
S013625,2026-03-22,C0172,P067,ST009,3,13102.62,0.02,9162.6
S013626,2026-10-22,C0272,P089,ST016,1,11207.15,0.05,9447.14
S013627,2025-07-08,C0752,P069,ST024,5,6428.76,0.0,5327.09
S013628,2025-08-13,C0877,P076,ST020,3,8607.2,0.15,6054.39
S013629,2025-08-21,C0909,P020,ST025,6,7019.15,0.05,5381.43
S013630,2026-12-01,C0231,P024,ST021,1,4653.35,0.02,2998.79
S013631,2025-03-04,C0878,P032,ST025,6,7201.66,0.05,5025.05
S013632,2025-09-25,C0057,P040,ST017,6,7803.06,0.0,6137.28
S013633,2026-11-29,C0273,P001,ST003,2,3829.22,0.02,2598.92
S013634,2025-08-10,C0115,P054,ST004,4,18172.42,0.05,11637.82
S013635,2026-10-07,C0225,P050,ST015,2,16109.45,0.05,11552.3
S013636,2025-09-25,C0384,P004,ST017,7,11745.64,0.02,8062.0
S013637,2025-04-30,C0414,P080,ST024,4,10880.01,0.1,7154.82
S013638,2025-10-19,C0601,P023,ST002,8,12229.33,0.1,10277.49
S013639,2026-03-10,C0573,P015,ST018,8,11680.15,0.0,7707.94
S013640,2025-03-29,C0034,P046,ST025,2,9206.29,0.0,7655.82
S013641,2025-03-19,C0285,P048,ST014,3,1949.77,0.0,1279.89
S013642,2025-11-24,C0893,P085,ST011,8,11670.09,0.0,7193.26
S013643,2025-12-09,C0445,P067,ST022,5,15066.75,0.0,9162.6
S013644,2025-12-20,C0603,P029,ST022,2,8683.35,0.05,6795.13
S013645,2026-05-09,C0300,P065,ST016,8,3750.24,0.02,2327.08
S013646,2025-09-18,C0306,P008,ST018,2,8889.12,0.05,6932.71
S013647,2026-04-02,C0440,P029,ST009,4,8925.95,0.02,6795.13
S013648,2025-10-10,C0955,P016,ST014,8,10922.06,0.05,6754.56
S013649,2025-11-08,C0834,P033,ST025,3,15730.45,0.05,9814.74
S013650,2025-05-26,C0401,P073,ST022,2,1658.31,0.02,1242.22
S013651,2026-07-08,C0573,P036,ST021,6,1624.72,0.05,1308.06
S013652,2025-12-18,C0579,P068,ST015,2,11239.55,0.0,8703.69
S013653,2026-07-23,C0094,P002,ST016,6,430.18,0.1,336.51
S013654,2026-03-02,C0827,P003,ST022,5,12334.53,0.0,9496.36
S013655,2026-05-06,C0725,P035,ST002,1,756.85,0.1,516.87
S013656,2025-04-19,C0074,P072,ST021,8,10660.86,0.0,7885.7
S013657,2025-01-07,C0688,P001,ST003,1,3339.58,0.02,2598.92
S013658,2026-03-09,C0687,P063,ST016,4,4800.36,0.05,3844.99
S013659,2026-05-08,C0956,P066,ST006,8,15994.27,0.02,10315.22
S013660,2026-05-17,C0922,P071,ST017,1,10088.42,0.05,7113.15
S013661,2026-12-10,C0156,P059,ST022,2,2255.05,0.02,1382.59
S013662,2026-04-28,C0509,P044,ST020,6,6070.87,0.02,4727.0
S013663,2025-07-02,C0326,P036,ST018,2,1876.25,0.05,1308.06
S013664,2026-10-26,C0156,P045,ST025,8,6247.33,0.05,3792.77
S013665,2026-08-16,C0847,P049,ST006,6,1927.49,0.0,1636.57
S013666,2025-03-14,C0220,P041,ST016,8,3108.31,0.05,2039.67
S013667,2026-06-14,C0366,P033,ST020,5,14137.36,0.0,9814.74
S013668,2026-12-27,C0667,P024,ST020,5,4361.82,0.0,2998.79
S013669,2025-10-27,C0120,P007,ST015,4,8195.11,0.05,5642.26
S013670,2026-08-19,C0545,P048,ST015,8,1524.76,0.02,1279.89
S013671,2026-12-18,C0545,P055,ST017,3,15416.8,0.02,9400.32
S013672,2026-06-11,C0793,P042,ST007,4,12817.24,0.02,8431.76
S013673,2026-07-25,C0163,P087,ST012,1,17168.48,0.02,11513.07
S013674,2026-05-16,C0066,P021,ST001,3,3256.09,0.05,2771.37
S013675,2026-05-02,C0684,P003,ST020,8,15199.0,0.0,9496.36
S013676,2025-12-31,C0377,P086,ST008,1,724.73,0.02,517.95
S013677,2025-06-19,C0821,P076,ST010,1,7293.91,0.05,6054.39
S013678,2025-10-27,C0214,P043,ST014,6,7509.47,0.0,5492.34
S013679,2025-06-10,C0798,P075,ST003,5,1214.95,0.02,738.97
S013680,2025-06-09,C0764,P040,ST013,5,10121.15,0.0,6137.28
S013681,2025-05-21,C0829,P080,ST010,4,10478.24,0.1,7154.82
S013682,2025-05-20,C0991,P048,ST024,7,1516.7,0.05,1279.89
S013683,2025-11-19,C0218,P028,ST018,3,12886.52,0.05,8027.52
S013684,2026-05-10,C0520,P054,ST007,7,15110.15,0.05,11637.82
S013685,2026-07-14,C0238,P055,ST013,4,12760.53,0.0,9400.32
S013686,2025-12-25,C0612,P043,ST009,8,7288.95,0.05,5492.34
S013687,2025-08-27,C0102,P055,ST019,8,15190.79,0.1,9400.32
S013688,2026-10-20,C0358,P042,ST014,2,11385.18,0.02,8431.76
S013689,2025-08-22,C0763,P076,ST002,7,8876.2,0.05,6054.39
S013690,2026-10-09,C0401,P046,ST025,8,10473.86,0.0,7655.82
S013691,2025-11-24,C0726,P076,ST025,3,8652.8,0.05,6054.39
S013692,2025-08-27,C0886,P075,ST006,5,1004.31,0.05,738.97
S013693,2025-10-02,C0640,P005,ST025,3,10167.55,0.0,8535.69
S013694,2026-04-18,C0681,P066,ST001,6,16162.15,0.02,10315.22
S013695,2026-11-30,C0948,P046,ST021,4,10509.27,0.0,7655.82
S013696,2025-05-28,C0551,P075,ST008,5,946.34,0.02,738.97
S013697,2025-06-08,C0637,P040,ST016,8,9984.8,0.05,6137.28
S013698,2025-06-13,C0199,P015,ST005,4,10321.53,0.15,7707.94
S013699,2026-04-11,C0061,P059,ST019,7,1721.48,0.1,1382.59
S013700,2025-04-18,C0475,P014,ST007,1,12919.52,0.05,9238.74
S013701,2026-10-28,C0751,P039,ST008,4,2940.68,0.15,2144.94
S013702,2025-07-21,C0455,P007,ST005,7,6851.59,0.05,5642.26
S013703,2025-03-10,C0985,P033,ST013,2,13007.9,0.05,9814.74
S013704,2026-02-25,C0742,P032,ST017,2,6864.28,0.0,5025.05
S013705,2026-12-16,C0832,P027,ST001,8,5659.31,0.1,3699.73
S013706,2026-02-14,C0427,P033,ST019,1,14476.4,0.0,9814.74
S013707,2025-12-01,C0213,P041,ST015,7,2650.32,0.0,2039.67
S013708,2025-07-23,C0171,P066,ST011,6,13897.5,0.05,10315.22
S013709,2025-09-03,C0320,P021,ST015,5,4467.38,0.02,2771.37
S013710,2025-08-23,C0136,P039,ST009,6,2833.73,0.02,2144.94
S013711,2026-03-02,C0486,P002,ST006,5,460.04,0.02,336.51
S013712,2026-03-03,C0935,P014,ST025,3,13333.29,0.05,9238.74
S013713,2025-09-20,C0482,P068,ST012,4,11536.75,0.1,8703.69
S013714,2026-02-13,C0371,P058,ST003,4,5083.16,0.05,3448.84
S013715,2026-10-02,C0821,P063,ST013,5,5439.7,0.02,3844.99
S013716,2026-05-22,C0164,P086,ST012,6,852.31,0.0,517.95
S013717,2025-05-29,C0599,P085,ST006,5,10762.06,0.02,7193.26
S013718,2025-10-27,C0532,P002,ST016,3,516.65,0.02,336.51
S013719,2026-02-12,C0241,P051,ST013,7,17035.09,0.0,10925.82
S013720,2026-11-16,C0377,P090,ST008,2,1962.63,0.0,1222.08
S013721,2026-03-24,C0254,P056,ST020,6,12877.06,0.0,8673.46
S013722,2026-07-14,C0484,P050,ST011,2,14622.37,0.0,11552.3
S013723,2025-07-13,C0883,P026,ST022,2,4518.18,0.0,3556.26
S013724,2025-04-06,C0137,P031,ST006,6,11948.31,0.05,8055.68
S013725,2026-03-29,C0909,P005,ST022,5,12325.54,0.05,8535.69
S013726,2026-03-20,C0317,P028,ST025,4,10591.65,0.02,8027.52
S013727,2025-12-28,C0251,P024,ST017,3,4938.82,0.02,2998.79
S013728,2026-09-26,C0997,P059,ST011,4,1603.68,0.1,1382.59
S013729,2025-07-20,C0429,P006,ST009,4,14248.86,0.0,9423.57
S013730,2025-05-15,C0722,P029,ST019,7,10906.48,0.1,6795.13
S013731,2025-07-27,C0762,P051,ST005,7,13892.09,0.15,10925.82
S013732,2026-10-07,C0687,P086,ST014,8,676.14,0.0,517.95
S013733,2025-12-06,C0274,P026,ST024,5,4392.36,0.02,3556.26
S013734,2026-10-23,C0614,P062,ST012,8,3628.06,0.05,2627.77
S013735,2025-07-23,C0656,P018,ST009,4,5798.72,0.1,3821.41
S013736,2026-06-25,C0153,P080,ST022,1,10464.75,0.02,7154.82
S013737,2026-12-02,C0460,P022,ST016,3,6931.19,0.05,5050.21
S013738,2026-08-26,C0200,P006,ST025,1,12523.66,0.02,9423.57
S013739,2026-03-25,C0716,P022,ST011,8,7084.81,0.0,5050.21
S013740,2025-12-08,C0357,P054,ST013,5,13644.06,0.0,11637.82
S013741,2026-02-18,C0070,P006,ST011,7,13602.11,0.0,9423.57
S013742,2026-06-29,C0306,P071,ST021,1,11403.25,0.0,7113.15
S013743,2026-07-02,C0357,P071,ST010,6,8919.51,0.05,7113.15
S013744,2025-06-07,C0472,P028,ST017,3,9864.77,0.05,8027.52
S013745,2026-07-13,C0374,P045,ST006,7,5074.09,0.0,3792.77
S013746,2025-05-19,C0019,P030,ST019,5,13572.52,0.0,9460.8
S013747,2025-09-19,C0050,P070,ST005,8,11065.6,0.0,7620.88
S013748,2025-11-23,C0589,P027,ST012,4,4762.09,0.05,3699.73
S013749,2026-10-29,C0173,P012,ST002,2,7543.77,0.05,5785.38
S013750,2025-11-20,C0173,P064,ST005,2,8349.52,0.05,7055.83
S013751,2026-11-19,C0673,P082,ST022,5,17647.25,0.15,11120.16
S013752,2026-10-10,C0404,P027,ST025,6,4332.27,0.1,3699.73
S013753,2026-10-16,C0681,P062,ST004,7,3794.26,0.05,2627.77
S013754,2025-08-27,C0512,P011,ST025,8,10572.33,0.05,8103.73
S013755,2025-07-02,C0317,P050,ST022,2,15517.31,0.05,11552.3
S013756,2026-01-26,C0351,P032,ST021,2,6102.04,0.02,5025.05
S013757,2025-10-15,C0453,P090,ST008,3,2011.85,0.05,1222.08
S013758,2026-03-23,C0853,P071,ST021,1,10639.3,0.0,7113.15
S013759,2026-12-25,C0170,P007,ST004,6,8323.83,0.0,5642.26
S013760,2026-04-01,C0895,P065,ST009,8,3612.64,0.05,2327.08
S013761,2026-07-14,C0353,P036,ST015,8,1596.59,0.1,1308.06
S013762,2025-11-30,C0572,P031,ST020,4,10076.56,0.02,8055.68
S013763,2026-08-18,C0053,P072,ST005,1,12011.79,0.05,7885.7
S013764,2026-06-12,C0899,P043,ST011,2,7757.04,0.05,5492.34
S013765,2025-03-08,C0095,P033,ST025,4,11577.03,0.15,9814.74
S013766,2025-07-22,C0249,P042,ST003,1,13477.15,0.1,8431.76
S013767,2025-07-05,C0973,P025,ST014,7,1127.32,0.0,935.06
S013768,2025-12-27,C0493,P009,ST004,7,2313.13,0.05,1892.61
S013769,2026-05-23,C0849,P006,ST009,8,11162.97,0.0,9423.57
S013770,2025-07-03,C0310,P049,ST014,2,2212.59,0.0,1636.57
S013771,2025-09-01,C0329,P069,ST001,4,7147.41,0.15,5327.09
S013772,2026-07-22,C0268,P068,ST025,6,11937.12,0.0,8703.69
S013773,2025-11-14,C0431,P021,ST008,1,3228.17,0.1,2771.37
S013774,2026-04-29,C0256,P030,ST012,4,12728.21,0.1,9460.8
S013775,2025-08-30,C0480,P033,ST005,6,12673.55,0.02,9814.74
S013776,2026-04-29,C0029,P003,ST008,8,14902.1,0.0,9496.36
S013777,2026-12-22,C0661,P006,ST019,1,11402.45,0.02,9423.57
S013778,2026-11-05,C0865,P057,ST016,2,8925.6,0.05,5530.0
S013779,2025-12-31,C0008,P012,ST012,4,8356.21,0.02,5785.38
S013780,2026-04-25,C0392,P008,ST018,5,9398.03,0.05,6932.71
S013781,2025-01-27,C0088,P089,ST011,6,11529.25,0.1,9447.14
S013782,2026-02-09,C0997,P077,ST012,8,5375.16,0.0,4125.87
S013783,2026-06-09,C0624,P080,ST001,3,9235.44,0.0,7154.82
S013784,2026-06-03,C0893,P010,ST013,3,2284.26,0.0,1595.73
S013785,2025-06-21,C0065,P035,ST005,3,651.93,0.02,516.87
S013786,2025-07-02,C0207,P054,ST022,8,16780.73,0.0,11637.82
S013787,2026-05-25,C0336,P041,ST006,7,3046.57,0.05,2039.67
S013788,2025-11-11,C0581,P008,ST013,3,8622.95,0.0,6932.71
S013789,2025-07-29,C0422,P037,ST002,6,11527.43,0.0,8737.72
S013790,2025-01-01,C0865,P007,ST015,2,8360.74,0.1,5642.26
S013791,2026-02-13,C0465,P075,ST023,3,931.91,0.02,738.97
S013792,2026-04-08,C0399,P042,ST005,5,11335.18,0.0,8431.76
S013793,2026-11-06,C0961,P037,ST002,6,13129.58,0.0,8737.72
S013794,2026-09-28,C0943,P027,ST022,6,5806.55,0.05,3699.73
S013795,2026-07-14,C0989,P085,ST016,4,11097.42,0.0,7193.26
S013796,2025-11-25,C0950,P020,ST013,6,6918.53,0.05,5381.43
S013797,2026-08-20,C0971,P048,ST001,1,1705.38,0.05,1279.89
S013798,2026-07-10,C0767,P074,ST011,8,8372.15,0.0,5135.74
S013799,2025-01-22,C0518,P021,ST009,7,3241.72,0.02,2771.37
S013800,2025-10-12,C0888,P046,ST008,6,10967.33,,7655.82
S013801,2025-10-25,C0888,P008,ST007,7,10621.7,0.1,6932.71
S013802,2025-03-02,C0855,P065,ST022,8,2772.84,0.02,2327.08
S013803,2025-02-23,C0060,P009,ST006,7,2783.26,0.02,1892.61
S013804,2025-06-22,C0933,P087,ST012,2,17172.84,0.05,11513.07
S013805,2025-11-15,C0684,P043,ST019,6,7392.47,0.0,5492.34
S013806,2025-01-26,C0296,P002,ST004,2,493.68,0.1,336.51
S013807,2026-07-10,C0585,P035,ST004,4,624.2,0.02,516.87
S013808,2025-07-28,C0808,P033,ST022,3,12562.96,0.1,9814.74
S013809,2026-03-16,C0325,P026,ST017,1,5851.8,0.15,3556.26
S013810,2025-01-24,C0656,P055,ST008,1,14212.08,0.02,9400.32
S013811,2026-08-08,C0144,P012,ST002,5,6985.78,0.05,5785.38
S013812,2025-01-31,C0722,P040,ST020,8,10078.32,0.05,6137.28
S013813,2026-01-29,C0449,P041,ST002,4,2995.15,0.0,2039.67
S013814,2025-02-05,C0659,P016,ST021,3,9970.03,0.05,6754.56
S013815,2025-10-07,C0407,P090,ST008,4,1464.96,0.05,1222.08
S013816,2025-06-18,C0353,P032,ST015,7,7075.2,0.0,5025.05
S013817,2026-07-29,C0358,P078,ST014,1,2358.35,0.1,1948.16
S013818,2025-06-22,C0833,P073,ST001,7,1598.81,0.05,1242.22
S013819,2025-07-16,C0594,P056,ST007,4,11793.64,0.1,8673.46
S013820,2025-03-30,C0026,P010,ST009,2,2345.08,0.05,1595.73
S013821,2026-12-15,C0820,P069,ST011,3,7978.6,0.02,5327.09
S013822,2026-12-12,C0621,P054,ST018,3,13939.99,0.0,11637.82
S013823,2026-01-01,C0113,P026,ST011,8,4761.68,0.1,3556.26
S013824,2025-02-02,C0075,P034,ST020,8,2719.94,0.02,2211.93
S013825,2025-06-05,C0765,P007,ST023,2,8609.99,0.05,5642.26
S013826,2026-03-04,C0050,P007,ST005,5,6905.24,0.02,5642.26
S013827,2025-09-06,C0344,P069,ST006,6,6676.34,0.05,5327.09
S013828,2026-08-13,C0783,P084,ST014,4,6958.16,0.0,4325.72
S013829,2026-08-08,C0675,P014,ST004,3,13489.58,0.0,9238.74
S013830,2026-10-29,C0350,P087,ST016,3,18288.47,0.02,11513.07
S013831,2025-10-11,C0749,P001,ST003,7,3185.0,0.15,2598.92
S013832,2026-02-22,C0901,P003,ST002,5,14241.83,0.0,9496.36
S013833,2025-07-16,C0814,P003,ST001,5,11726.92,0.05,9496.36
S013834,2026-02-18,C0744,P056,ST012,8,13321.69,0.05,8673.46
S013835,2025-12-20,C0693,P087,ST009,4,14389.72,0.05,11513.07
S013836,2025-05-17,C0997,P023,ST012,1,16905.92,0.02,10277.49
S013837,2026-02-14,C0871,P062,ST016,8,4228.15,0.0,2627.77
S013838,2026-02-11,C0722,P063,ST018,5,5896.03,0.1,3844.99
S013839,2026-02-06,C0369,P001,ST010,4,3162.02,0.0,2598.92
S013840,2026-07-29,C0592,P004,ST003,2,12718.68,0.0,8062.0
S013841,2026-12-10,C0336,P066,ST009,1,15266.22,0.0,10315.22
S013842,2025-03-26,C0680,P065,ST002,4,3564.94,0.0,2327.08
S013843,2026-06-19,C0689,P032,ST023,2,6210.59,0.0,5025.05
S013844,2025-10-12,C0060,P053,ST008,1,4815.36,0.05,3373.97
S013845,2026-10-30,C0668,P012,ST003,1,8067.99,0.0,5785.38
S013846,2025-03-08,C0151,P008,ST024,4,10025.77,0.0,6932.71
S013847,2025-10-22,C0319,P054,ST020,2,15301.49,0.02,11637.82
S013848,2026-07-09,C0983,P049,ST022,5,2006.14,0.05,1636.57
S013849,2025-11-20,C0391,P087,ST019,7,16633.55,0.0,11513.07
S013850,2026-02-04,C0583,P059,ST005,1,2159.2,0.05,1382.59
S013851,2025-08-04,C0231,P062,ST018,7,3079.96,0.02,2627.77
S013852,2025-06-08,C0537,P003,ST024,7,14141.96,0.0,9496.36
S013853,2025-01-30,C0418,P048,ST013,8,1954.06,0.05,1279.89
S013854,2026-05-27,C0866,P044,ST007,3,7373.46,0.0,4727.0
S013855,2026-09-18,C0247,P028,ST021,6,12086.86,0.02,8027.52
S013856,2026-05-23,C0238,P073,ST013,7,1619.41,0.0,1242.22
S013857,2025-06-22,C0213,P063,ST017,6,5386.66,0.05,3844.99
S013858,2025-01-04,C0352,P038,ST015,3,8289.35,0.0,5677.06
S013859,2026-08-28,C0855,P021,ST024,7,4124.54,0.05,2771.37
S013860,2026-05-23,C0846,P064,ST024,5,11300.61,0.05,7055.83
S013861,2025-09-16,C0909,P009,ST025,2,2770.4,0.1,1892.61
S013862,2026-09-08,C0326,P080,ST020,6,10064.32,0.05,7154.82
S013863,2025-02-19,C0932,P081,ST017,3,3248.88,0.1,2254.47
S013864,2025-11-10,C0555,P026,ST022,4,4920.78,0.05,3556.26
S013865,2026-05-05,C0051,P019,ST024,1,762.99,0.0,612.11
S013866,2025-07-02,C0105,P061,ST015,7,7397.38,0.02,5605.37
S013867,2026-10-11,C0517,P083,ST022,3,8483.75,0.02,7077.47
S013868,2026-02-03,C0903,P045,ST015,8,4978.19,0.15,3792.77
S013869,2026-08-07,C0707,P074,ST009,1,6239.79,0.0,5135.74
S013870,2026-11-15,C0570,P038,ST010,3,9308.21,0.02,5677.06
S013871,2026-05-22,C0049,P018,ST021,8,5789.56,0.0,3821.41
S013872,2026-12-19,C0204,P086,ST014,1,748.84,0.05,517.95
S013873,2025-08-05,C0389,P053,ST020,8,5471.21,0.02,3373.97
S013874,2026-03-27,C0805,P050,ST010,1,13773.29,0.0,11552.3
S013875,2026-12-19,C0027,P069,ST024,7,7031.54,0.0,5327.09
S013876,2026-10-28,C0051,P046,ST022,4,12524.4,0.0,7655.82
S013877,2026-09-11,C0368,P025,ST024,6,1156.13,0.0,935.06
S013878,2025-02-11,C0650,P042,ST016,8,13863.99,0.0,8431.76
S013879,2025-11-10,C0566,P040,ST014,3,8710.12,0.0,6137.28
S013880,2025-07-24,C0241,P039,ST013,8,3269.54,0.05,2144.94
S013881,2026-04-05,C0298,P039,ST013,3,2613.23,0.15,2144.94
S013882,2025-10-07,C0668,P010,ST005,5,2337.7,0.15,1595.73
S013883,2025-03-10,C0707,P080,ST007,4,8248.05,0.1,7154.82
S013884,2025-03-15,C0084,P090,ST025,6,1697.95,0.02,1222.08
S013885,2026-12-13,C0677,P030,ST025,3,12035.62,0.1,9460.8
S013886,2025-03-10,C0924,P052,ST016,3,12055.05,0.05,8471.56
S013887,2026-10-12,C0943,P057,ST025,5,6759.97,0.02,5530.0
S013888,2026-09-13,C0757,P019,ST004,1,836.09,0.1,612.11
S013889,2026-01-04,C0723,P013,ST020,2,9509.45,0.0,6891.52
S013890,2025-12-24,C0337,P053,ST010,2,5547.46,0.02,3373.97
S013891,2025-02-25,C0035,P043,ST004,4,8627.43,0.05,5492.34
S013892,2025-03-07,C0501,P030,ST019,6,12342.2,0.02,9460.8
S013893,2026-06-07,C0745,P022,ST003,4,6071.21,0.05,5050.21
S013894,2025-01-24,C0234,P050,ST009,1,14415.79,0.0,11552.3
S013895,2026-05-03,C0073,P020,ST004,7,6253.31,0.05,5381.43
S013896,2026-12-14,C0797,P023,ST024,8,13661.54,0.0,10277.49
S013897,2026-06-27,C0844,P057,ST011,8,7271.03,0.1,5530.0
S013898,2025-11-18,C0405,P023,ST005,2,16938.23,0.05,10277.49
S013899,2025-01-04,C0727,P029,ST022,8,8459.96,0.05,6795.13
S013900,2025-06-18,C0966,P068,ST018,8,13086.71,0.05,8703.69
S013901,2025-01-30,C0494,P034,ST007,3,3166.25,0.1,2211.93
S013902,2025-02-18,C0660,P037,ST020,4,11384.65,0.02,8737.72
S013903,2025-12-14,C0407,P084,ST009,7,5538.34,0.02,4325.72
S013904,2026-06-03,C0018,P001,ST016,1,3567.37,0.02,2598.92
S013905,2025-03-12,C0626,P034,ST001,1,2853.0,0.0,2211.93
S013906,2025-07-18,C0611,P037,ST005,6,11759.56,0.15,8737.72
S013907,2025-11-23,C0394,P063,ST015,1,6228.05,0.02,3844.99
S013908,2025-11-27,C0691,P006,ST015,5,14923.64,0.05,9423.57
S013909,2025-02-27,C0667,P006,ST021,6,13300.62,0.02,9423.57
S013910,2026-02-22,C0331,P065,ST007,7,3012.94,0.05,2327.08
S013911,2026-05-27,C0692,P046,ST013,1,12223.69,0.05,7655.82
S013912,2026-11-13,C0202,P010,ST023,2,1922.18,0.02,1595.73
S013913,2025-03-04,C0800,P041,ST005,5,2377.83,0.05,2039.67
S013914,2025-09-12,C0932,P087,ST016,4,15045.21,0.0,11513.07
S013915,2025-09-19,C0806,P058,ST001,1,5319.27,0.02,3448.84
S013916,2026-01-29,C0211,P005,ST017,7,13603.91,0.05,8535.69
S013917,2026-03-28,C0437,P079,ST024,4,2301.27,0.05,1464.98
S013918,2025-12-08,C0492,P056,ST022,4,12996.44,0.0,8673.46
S013919,2025-04-14,C0120,P038,ST017,8,7863.25,0.1,5677.06
S013920,2025-10-06,C0981,P040,ST019,8,9040.35,0.05,6137.28
S013921,2026-12-16,C0769,P048,ST005,4,1581.56,0.05,1279.89
S013922,2025-08-16,C0017,P018,ST008,7,6290.32,0.0,3821.41
S013923,2025-12-19,C0133,P072,ST004,3,12151.08,0.05,7885.7
S013924,2026-08-08,C0792,P026,ST006,7,4150.88,0.15,3556.26
S013925,2025-06-04,C0278,P050,ST020,2,18992.65,0.0,11552.3
S013926,2025-10-19,C0750,P033,ST018,2,14031.09,0.02,9814.74
S013927,2025-08-12,C0053,P017,ST003,6,8952.23,0.0,6820.68
S013928,2025-09-21,C0487,P064,ST021,5,10638.11,0.0,7055.83
S013929,2025-02-28,C0535,P055,ST017,5,15304.75,0.1,9400.32
S013930,2026-05-29,C0846,P036,ST025,6,1688.29,0.0,1308.06
S013931,2026-12-12,C0889,P054,ST018,2,17501.56,0.05,11637.82
S013932,2026-02-18,C0225,P045,ST016,8,6031.88,0.0,3792.77
S013933,2026-02-06,C0633,P082,ST015,3,15697.73,0.1,11120.16
S013934,2026-05-03,C0770,P067,ST006,6,12517.8,0.05,9162.6
S013935,2026-02-07,C0312,P015,ST022,2,11554.39,0.0,7707.94
S013936,2026-05-24,C0860,P006,ST009,7,11474.25,0.05,9423.57
S013937,2025-12-04,C0540,P021,ST006,1,4139.32,0.1,2771.37
S013938,2025-04-03,C0592,P032,ST005,3,6254.28,0.0,5025.05
S013939,2025-03-26,C0612,P050,ST006,7,18684.24,0.0,11552.3
S013940,2026-12-28,C0205,P025,ST021,6,1397.77,0.0,935.06
S013941,2026-01-18,C0157,P053,ST024,8,5268.16,0.02,3373.97
S013942,2026-01-22,C0709,P089,ST005,8,15347.93,0.0,9447.14
S013943,2025-04-04,C0456,P064,ST002,4,10454.07,0.05,7055.83
S013944,2025-01-04,C0076,P064,ST019,1,9908.21,0.15,7055.83
S013945,2026-07-14,C0691,P088,ST014,8,7699.42,0.0,5917.07
S013946,2026-05-28,C0634,P037,ST024,3,11091.27,0.02,8737.72
S013947,2025-02-07,C0134,P084,ST014,2,6554.23,0.0,4325.72
S013948,2026-11-29,C0456,P026,ST001,1,5104.01,0.05,3556.26
S013949,2026-09-01,C0884,P020,ST010,5,6295.26,0.05,5381.43
S013950,2026-12-22,C0675,P004,ST004,5,10025.46,0.1,8062.0
S013951,2025-09-15,C0955,P062,ST016,6,3179.99,0.02,2627.77
S013952,2026-06-02,C0742,P003,ST015,4,14393.7,0.02,9496.36
S013953,2026-06-11,C0621,P077,ST021,5,6092.09,0.02,4125.87
S013954,2026-09-01,C0865,P066,ST017,4,16825.63,0.05,10315.22
S013955,2025-03-14,C0029,P034,ST007,1,2823.09,0.0,2211.93
S013956,2026-10-17,C0092,P001,ST006,7,3471.0,,2598.92
S013957,2025-09-28,C0804,P054,ST007,1,14212.83,0.02,11637.82
S013958,2025-11-02,C0654,P041,ST005,4,2974.69,0.05,2039.67
S013959,2025-08-29,C0579,P013,ST017,1,11057.91,0.0,6891.52
S013960,2025-11-15,C0880,P039,ST012,4,3113.65,0.0,2144.94
S013961,2025-05-05,C0243,P017,ST019,5,8330.82,0.0,6820.68
S013962,2026-07-11,C0019,P047,ST018,7,7076.42,0.02,4501.3
S013963,2025-05-14,C0276,P084,ST001,8,5297.01,0.0,4325.72
S013964,2025-05-06,C0262,P013,ST023,8,10089.35,0.0,6891.52
S013965,2026-06-03,C0609,P070,ST020,3,9428.37,0.0,7620.88
S013966,2025-06-29,C0334,P027,ST001,1,5070.46,0.0,3699.73
S013967,2025-12-17,C0040,P030,ST020,4,14107.91,0.05,9460.8
S013968,2026-04-21,C0425,P061,ST016,4,7167.02,0.0,5605.37
S013969,2026-06-15,C0595,P020,ST004,1,8317.04,0.02,5381.43
S013970,2026-04-26,C0827,P005,ST024,3,12608.52,0.05,8535.69
S013971,2025-10-27,C0971,P042,ST004,7,10328.87,0.02,8431.76
S013972,2026-12-08,C0325,P014,ST016,6,10802.5,0.02,9238.74
S013973,2026-06-06,C0565,P027,ST007,3,4794.22,0.05,3699.73
S013974,2025-10-25,C0278,P028,ST020,8,11027.5,0.0,8027.52
S013975,2025-10-04,C0359,P072,ST008,8,10565.74,0.1,7885.7
S013976,2025-03-21,C0016,P064,ST021,8,9381.02,0.0,7055.83
S013977,2025-10-19,C0074,P043,ST021,8,8147.3,0.05,5492.34
S013978,2025-03-19,C0478,P081,ST006,6,2713.42,0.0,2254.47
S013979,2025-02-14,C0529,P089,ST006,7,15208.51,0.0,9447.14
S013980,2025-05-09,C0518,P022,ST009,6,6236.75,0.0,5050.21
S013981,2025-10-06,C0560,P043,ST007,4,6552.22,0.0,5492.34
S013982,2025-09-10,C0843,P076,ST020,5,9830.59,0.0,6054.39
S013983,2025-09-23,C0653,P039,ST007,6,2805.86,0.02,2144.94
S013984,2025-02-27,C0612,P090,ST007,2,1948.4,0.1,1222.08
S013985,2025-09-18,C0872,P038,ST014,8,7107.4,0.05,5677.06
S013986,2026-05-25,C0280,P065,ST022,8,3235.17,0.02,2327.08
S013987,2025-11-10,C0159,P071,ST020,2,10348.35,0.1,7113.15
S013988,2025-06-21,C0405,P039,ST002,1,3398.11,0.1,2144.94
S013989,2025-03-23,C0923,P020,ST004,6,8435.32,0.1,5381.43
S013990,2025-06-24,C0411,P089,ST010,8,10961.72,0.02,9447.14
S013991,2026-10-22,C0861,P089,ST003,2,15277.27,0.05,9447.14
S013992,2025-05-24,C0909,P029,ST025,5,9553.45,0.0,6795.13
S013993,2025-10-15,C0276,P060,ST004,8,15060.72,0.0,10855.58
S013994,2025-07-20,C0572,P053,ST019,1,4173.93,0.0,3373.97
S013995,2026-05-13,C0941,P057,ST004,3,8221.17,0.05,5530.0
S013996,2025-01-27,C0188,P080,ST010,4,8857.85,0.0,7154.82
S013997,2025-08-03,C0020,P046,ST020,4,12395.56,0.0,7655.82
S013998,2026-12-06,C0783,P089,ST016,3,12675.42,0.05,9447.14
S013999,2026-11-12,C0829,P085,ST013,8,9882.88,0.05,7193.26
S014000,2026-10-24,C0903,P081,ST016,6,3379.36,0.05,2254.47
S014001,2026-06-12,C0392,P014,ST018,4,12323.19,0.1,9238.74
S014002,2025-05-31,C0290,P031,ST021,2,11128.57,0.0,8055.68
S014003,2026-06-12,C0022,P035,ST025,2,843.92,0.1,516.87
S014004,2026-02-16,C0891,P032,ST016,7,6689.21,0.05,5025.05
S014005,2026-08-03,C0272,P033,ST015,5,15529.58,0.0,9814.74
S014006,2026-01-23,C0895,P016,ST006,6,8871.73,0.02,6754.56
S014007,2025-12-26,C0332,P039,ST011,2,2660.8,0.02,2144.94
S014008,2025-01-16,C0120,P065,ST015,2,3756.57,0.05,2327.08
S014009,2025-06-24,C0990,P059,ST023,3,2150.84,0.05,1382.59
S014010,2025-09-17,C0472,P026,ST014,1,4454.94,0.0,3556.26
S014011,2026-09-23,C0539,P081,ST003,3,2842.59,0.0,2254.47
S014012,2026-08-01,C0446,P016,ST017,3,9641.51,0.0,6754.56
S014013,2025-12-12,C0171,P083,ST011,3,11236.56,0.02,7077.47
S014014,2025-12-02,C0415,P088,ST002,5,8997.01,0.15,5917.07
S014015,2026-06-02,C0777,P047,ST001,8,6087.29,0.05,4501.3
S014016,2026-05-06,C0055,P026,ST001,3,4760.41,0.02,3556.26
S014017,2025-05-17,C0046,P082,ST018,7,15286.05,0.02,11120.16
S014018,2025-02-14,C0940,P017,ST008,6,11100.26,0.02,6820.68
S014019,2026-10-08,C0419,P077,ST016,7,6653.59,0.02,4125.87
S014020,2025-01-27,C0985,P004,ST010,1,9650.12,0.0,8062.0
S014021,2026-11-13,C0910,P013,ST002,8,8387.35,0.0,6891.52
S014022,2025-09-01,C0475,P044,ST006,6,5542.3,0.05,4727.0
S014023,2025-12-10,C0308,P029,ST015,6,9963.47,0.05,6795.13
S014024,2025-05-18,C0300,P043,ST017,5,6587.77,0.05,5492.34
S014025,2026-08-23,C0857,P039,ST017,2,3490.97,0.05,2144.94
S014026,2026-03-18,C0434,P058,ST018,4,4279.86,0.1,3448.84
S014027,2025-09-23,C0213,P036,ST014,4,1864.63,0.0,1308.06
S014028,2026-11-15,C0714,P031,ST024,8,12594.36,0.02,8055.68
S014029,2025-10-24,C0869,P044,ST021,5,6749.1,0.0,4727.0
S014030,2025-10-23,C0267,P053,ST008,5,4077.91,0.02,3373.97
S014031,2025-02-18,C0016,P081,ST021,3,3657.45,0.02,2254.47
S014032,2025-05-14,C0172,P048,ST009,7,1526.45,0.05,1279.89
S014033,2025-11-12,C0498,P058,ST018,2,5385.34,0.02,3448.84
S014034,2026-08-28,C0530,P039,ST008,4,3124.62,0.02,2144.94
S014035,2026-07-01,C0494,P039,ST008,7,3324.8,0.0,2144.94
S014036,2026-02-17,C0570,P081,ST010,8,3053.33,0.0,2254.47
S014037,2025-09-03,C0414,P020,ST022,2,7431.11,0.1,5381.43
S014038,2026-05-25,C0762,P090,ST004,7,1772.59,0.0,1222.08
S014039,2026-08-14,C0130,P004,ST005,1,12053.84,0.0,8062.0
S014040,2026-04-05,C0870,P014,ST010,3,11636.98,0.05,9238.74
S014041,2026-01-19,C0338,P018,ST016,6,4595.07,0.0,3821.41
S014042,2026-08-31,C0739,P089,ST014,5,12909.17,0.0,9447.14
S014043,2026-11-01,C0913,P040,ST003,8,8967.58,0.0,6137.28
S014044,2026-12-20,C0995,P013,ST024,8,9089.17,0.0,6891.52
S014045,2025-02-15,C0064,P053,ST005,6,5195.53,0.02,3373.97
S014046,2025-08-18,C0606,P076,ST010,2,8418.47,0.05,6054.39
S014047,2025-02-28,C0274,P028,ST025,3,11661.78,0.05,8027.52
S014048,2026-07-06,C0577,P042,ST014,1,10699.4,0.05,8431.76
S014049,2026-03-13,C0795,P057,ST019,4,6656.89,0.05,5530.0
S014050,2025-05-25,C0639,P046,ST018,5,8876.68,0.05,7655.82
S014051,2026-11-23,C0378,P042,ST020,4,10918.65,0.0,8431.76
S014052,2025-02-07,C0624,P028,ST002,1,9396.02,0.05,8027.52
S014053,2026-02-16,C0991,P076,ST024,7,8042.07,0.0,6054.39
S014054,2026-03-03,C0389,P084,ST020,2,6722.39,0.05,4325.72
S014055,2025-09-22,C0760,P028,ST012,7,11750.23,0.05,8027.52
S014056,2026-05-26,C0938,P039,ST012,3,2821.67,0.0,2144.94
S014057,2026-06-15,C0393,P043,ST006,4,6835.39,0.02,5492.34
S014058,2026-08-22,C0301,P036,ST022,7,1921.57,0.0,1308.06
S014059,2025-02-07,C0539,P069,ST005,1,6435.82,0.0,5327.09
S014060,2026-05-11,C0260,P031,ST011,4,9368.52,0.02,8055.68
S014061,2026-01-31,C0711,P067,ST005,4,14143.66,0.05,9162.6
S014062,2026-02-05,C0905,P050,ST003,8,16881.31,0.05,11552.3
S014063,2025-06-15,C0648,P085,ST009,5,9168.91,0.0,7193.26
S014064,2026-08-18,C0732,P010,ST003,3,2491.4,0.1,1595.73
S014065,2026-01-08,C0208,P047,ST003,2,6417.9,0.0,4501.3
S014066,2026-10-11,C0794,P055,ST020,2,13138.82,0.1,9400.32
S014067,2025-11-12,C0522,P055,ST023,8,12625.29,0.0,9400.32
S014068,2025-04-25,C0668,P057,ST005,7,8085.32,0.05,5530.0
S014069,2026-03-23,C0888,P041,ST008,4,3272.71,0.05,2039.67
S014070,2026-12-19,C0878,P016,ST024,6,9925.8,0.05,6754.56
S014071,2026-09-24,C0172,P087,ST007,6,13493.76,0.0,11513.07
S014072,2025-11-13,C0660,P087,ST018,6,16360.24,0.02,11513.07
S014073,2026-11-10,C0896,P065,ST016,5,2915.33,0.0,2327.08
S014074,2025-05-28,C0605,P033,ST011,3,15882.9,0.0,9814.74
S014075,2026-10-16,C0446,P032,ST015,1,6690.52,0.05,5025.05
S014076,2025-09-18,C0397,P078,ST012,2,2401.13,0.02,1948.16
S014077,2025-02-01,C0330,P079,ST011,2,1878.72,0.05,1464.98
S014078,2025-01-31,C0672,P022,ST002,1,6431.06,0.0,5050.21
S014079,2026-11-12,C0363,P083,ST024,8,8657.18,0.05,7077.47
S014080,2026-12-18,C0538,P034,ST013,7,2777.66,0.0,2211.93
S014081,2026-05-04,C0173,P046,ST003,3,8938.25,0.05,7655.82
S014082,2026-12-17,C0173,P004,ST004,1,11786.44,0.02,8062.0
S014083,2026-01-21,C0286,P034,ST019,4,3354.1,0.05,2211.93
S014084,2025-03-15,C0921,P059,ST024,6,1598.84,0.05,1382.59
S014085,2026-06-29,C0532,P002,ST014,2,516.63,0.15,336.51
S014086,2026-08-09,C0471,P038,ST013,7,8553.11,0.02,5677.06
S014087,2025-04-09,C0725,P040,ST005,8,7992.66,0.1,6137.28
S014088,2025-04-25,C0249,P028,ST004,7,9361.5,0.02,8027.52
S014089,2026-05-27,C0660,P078,ST019,2,3016.08,0.1,1948.16
S014090,2025-01-19,C0132,P080,ST004,1,8958.75,0.0,7154.82
S014091,2026-08-28,C0624,P054,ST005,6,17580.65,0.02,11637.82
S014092,2025-07-04,C0452,P079,ST012,7,2121.13,0.0,1464.98
S014093,2025-05-15,C0132,P049,ST003,4,2433.73,0.05,1636.57
S014094,2026-06-30,C0788,P059,ST023,5,1773.01,0.05,1382.59
S014095,2026-09-29,C0805,P013,ST011,8,8633.59,0.0,6891.52
S014096,2026-10-14,C0169,P042,ST002,2,10863.58,0.05,8431.76
S014097,2026-04-03,C0599,P078,ST006,5,2700.87,0.05,1948.16
S014098,2025-11-10,C0032,P079,ST013,3,2187.41,0.02,1464.98
S014099,2026-10-08,C0152,P045,ST003,1,6033.85,0.0,3792.77
S014100,2025-06-08,C0062,P025,ST022,5,1169.1,0.1,935.06
S014101,2026-04-19,C0961,P043,ST005,4,6455.83,0.15,5492.34
S014102,2026-07-03,C0739,P061,ST017,3,7766.73,0.0,5605.37
S014103,2026-04-03,C0720,P029,ST010,2,10432.84,0.05,6795.13
S014104,2025-08-13,C0339,P080,ST017,1,8383.06,0.1,7154.82
S014105,2026-03-27,C0073,P059,ST003,4,2138.7,0.02,1382.59
S014106,2025-03-08,C0323,P090,ST025,1,1994.75,0.02,1222.08
S014107,2026-05-04,C0143,P012,ST004,6,7253.67,0.02,5785.38
S014108,2026-05-13,C0183,P037,ST007,4,13394.41,0.0,8737.72
S014109,2025-12-08,C0565,P083,ST006,8,11265.25,0.0,7077.47
S014110,2026-04-27,C0854,P010,ST001,7,1935.51,0.02,1595.73
S014111,2026-08-14,C0356,P078,ST010,5,2959.53,0.1,1948.16
S014112,2026-04-29,C0320,P058,ST016,1,4717.08,0.1,3448.84
S014113,2025-11-15,C0696,P004,ST017,4,11447.75,0.02,8062.0
S014114,2026-12-20,C0484,P080,ST012,5,11520.06,0.02,7154.82
S014115,2026-03-24,C0213,P011,ST017,4,13082.76,0.05,8103.73
S014116,2025-11-06,C0942,P079,ST023,2,2026.38,0.02,1464.98
S014117,2025-05-08,C0675,P047,ST003,3,5196.69,0.0,4501.3
S014118,2025-10-05,C0446,P071,ST014,1,9600.34,0.15,7113.15
S014119,2025-05-26,C0538,P051,ST011,2,13149.8,0.05,10925.82
S014120,2025-11-01,C0756,P023,ST025,4,12799.27,0.05,10277.49
S014121,2025-02-24,C0354,P044,ST009,6,6432.85,0.1,4727.0
S014122,2025-07-06,C0332,P034,ST011,4,3105.12,0.0,2211.93
S014123,2026-05-30,C0772,P010,ST025,4,2336.59,0.05,1595.73
S014124,2025-03-31,C0336,P047,ST006,1,5472.58,0.0,4501.3
S014125,2025-12-31,C0764,P051,ST010,3,16364.43,0.0,10925.82
S014126,2026-03-29,C0526,P007,ST018,1,8326.59,0.0,5642.26
S014127,2026-12-29,C0111,P043,ST016,3,6584.69,0.02,5492.34
S014128,2026-08-19,C0346,P090,ST008,1,1734.2,0.05,1222.08
S014129,2025-06-15,C0674,P005,ST016,5,12875.57,0.0,8535.69
S014130,2026-04-18,C0406,P067,ST011,3,13970.97,0.02,9162.6
S014131,2025-03-27,C0341,P048,ST006,8,1723.02,0.1,1279.89
S014132,2026-07-09,C0676,P044,ST024,1,7743.52,0.05,4727.0
S014133,2025-03-10,C0612,P028,ST006,1,9318.58,0.1,8027.52
S014134,2025-12-11,C0073,P083,ST002,2,10036.0,0.05,7077.47
S014135,2026-04-18,C0670,P011,ST024,5,12152.11,0.0,8103.73
S014136,2025-01-12,C0126,P037,ST003,1,14260.05,0.05,8737.72
S014137,2025-04-21,C0511,P054,ST009,5,18689.45,0.02,11637.82
S014138,2026-10-12,C0947,P060,ST018,7,15453.01,0.02,10855.58
S014139,2025-10-09,C0153,P018,ST024,4,4648.41,0.0,3821.41
S014140,2026-02-02,C0068,P076,ST021,3,9381.46,0.0,6054.39
S014141,2026-07-14,C0499,P090,ST021,6,1886.68,0.05,1222.08
S014142,2026-01-19,C0469,P048,ST021,3,1901.55,0.0,1279.89
S014143,2026-12-22,C0716,P014,ST010,7,11385.17,0.05,9238.74
S014144,2026-02-26,C0511,P050,ST007,6,15908.52,0.05,11552.3
S014145,2025-01-11,C0400,P043,ST023,2,8291.4,0.1,5492.34
S014146,2025-09-27,C0180,P043,ST023,6,6325.87,0.15,5492.34
S014147,2026-12-13,C0649,P086,ST020,1,608.88,0.02,517.95
S014148,2025-03-20,C0068,P077,ST021,1,4933.95,0.0,4125.87
S014149,2026-11-07,C0455,P033,ST003,4,11795.94,0.05,9814.74
S014150,2026-01-02,C0619,P011,ST001,3,10549.25,0.15,8103.73
S014151,2025-11-06,C0175,P082,ST008,8,13786.46,0.1,11120.16
S014152,2025-05-30,C0616,P048,ST001,7,1840.18,0.15,1279.89
S014153,2025-07-29,C0777,P014,ST001,7,13725.57,0.0,9238.74
S014154,2025-03-23,C0820,P078,ST011,1,2464.54,0.0,1948.16
S014155,2026-01-23,C0815,P065,ST025,1,3428.88,0.02,2327.08
S014156,2025-03-21,C0934,P061,ST024,2,6524.3,0.0,5605.37
S014157,2026-10-25,C0802,P084,ST024,5,6106.32,0.05,4325.72
S014158,2025-02-20,C0007,P011,ST007,1,9588.25,0.05,8103.73
S014159,2026-06-18,C0969,P007,ST024,3,7806.91,0.02,5642.26
S014160,2025-04-16,C0229,P068,ST007,2,10616.61,0.0,8703.69
S014161,2026-12-24,C0537,P042,ST022,3,13245.05,0.02,8431.76
S014162,2026-11-01,C0789,P050,ST014,2,16986.46,0.1,11552.3
S014163,2025-09-21,C0566,P045,ST016,5,4620.92,0.0,3792.77
S014164,2026-04-24,C0253,P066,ST017,1,15514.36,0.05,10315.22
S014165,2026-07-16,C0574,P063,ST022,2,4689.33,0.0,3844.99
S014166,2026-08-16,C0361,P016,ST021,2,10360.39,0.02,6754.56
S014167,2025-11-09,C0011,P008,ST024,2,10493.83,0.05,6932.71
S014168,2026-11-22,C0518,P044,ST006,3,7148.34,0.15,4727.0
S014169,2026-10-14,C0876,P054,ST001,8,15711.54,0.05,11637.82
S014170,2025-06-30,C0218,P003,ST020,1,11247.64,0.0,9496.36
S014171,2025-08-30,C0468,P015,ST002,3,10607.55,0.0,7707.94
S014172,2025-11-21,C0040,P036,ST020,3,1536.69,0.0,1308.06
S014173,2026-07-12,C0798,P008,ST001,2,8439.44,0.02,6932.71
S014174,2026-04-28,C0807,P066,ST020,1,13256.58,0.05,10315.22
S014175,2026-01-09,C0128,P047,ST005,8,7312.17,0.15,4501.3
S014176,2026-05-21,C0178,P006,ST021,8,11083.77,0.02,9423.57
S014177,2025-11-11,C0219,P008,ST012,4,10667.8,0.0,6932.71
S014178,2025-08-19,C0642,P046,ST023,8,9006.22,0.0,7655.82
S014179,2026-07-26,C0779,P009,ST007,3,2566.14,0.05,1892.61
S014180,2025-03-03,C0732,P009,ST001,1,2716.91,0.05,1892.61
S014181,2025-09-04,C0836,P042,ST016,6,12981.85,0.0,8431.76
S014182,2025-11-18,C0162,P083,ST003,1,9562.92,0.05,7077.47
S014183,2026-06-02,C0358,P008,ST014,3,9259.75,0.0,6932.71
S014184,2026-12-26,C0566,P063,ST016,1,6154.9,0.05,3844.99
S014185,2026-01-26,C0898,P031,ST009,7,10958.74,0.02,8055.68
S014186,2025-03-17,C0189,P055,ST015,6,12308.05,0.0,9400.32
S014187,2026-04-28,C0707,P004,ST007,7,11126.82,0.1,8062.0
S014188,2026-10-27,C0577,P047,ST017,1,5564.52,0.02,4501.3
S014189,2025-10-15,C0553,P056,ST001,2,11356.72,0.05,8673.46
S014190,2026-09-30,C0938,P054,ST010,3,16129.54,0.0,11637.82
S014191,2026-04-27,C0599,P001,ST008,2,4019.49,0.1,2598.92
S014192,2025-06-18,C0288,P038,ST025,1,8660.16,0.05,5677.06
S014193,2025-12-02,C0525,P074,ST008,8,6143.83,0.02,5135.74
S014194,2026-07-08,C0143,P090,ST002,2,1634.25,0.0,1222.08
S014195,2025-10-02,C0096,P040,ST021,7,8738.28,0.05,6137.28
S014196,2026-09-29,C0574,P061,ST024,2,6828.49,0.0,5605.37
S014197,2025-01-23,C0160,P078,ST017,7,2321.11,0.05,1948.16
S014198,2025-04-23,C0377,P082,ST009,3,12835.22,0.0,11120.16
S014199,2025-11-12,C0524,P063,ST002,3,5866.74,0.05,3844.99
S014200,2025-02-20,C0034,P071,ST024,8,11662.57,0.1,7113.15
S014201,2025-11-19,C0868,P061,ST007,6,7381.56,0.02,5605.37
S014202,2025-11-24,C0699,P012,ST009,1,7938.96,0.1,5785.38
S014203,2026-11-15,C0343,P083,ST016,2,10148.95,0.05,7077.47
S014204,2025-01-19,C0374,P013,ST006,1,8234.92,0.02,6891.52
S014205,2025-10-13,C0119,P005,ST005,6,13250.96,0.05,8535.69
S014206,2026-08-29,C0551,P051,ST008,5,15566.27,0.05,10925.82
S014207,2025-07-06,C0650,P013,ST017,6,10279.91,0.05,6891.52
S014208,2025-09-12,C0938,P016,ST013,3,10206.89,0.05,6754.56
S014209,2025-04-18,C0735,P058,ST019,8,5313.12,0.05,3448.84
S014210,2026-10-11,C0464,P014,ST021,1,13150.85,0.02,9238.74
S014211,2025-05-29,C0439,P061,ST024,5,8403.87,0.05,5605.37
S014212,2026-08-01,C0903,P065,ST016,1,3692.8,0.05,2327.08
S014213,2025-03-02,C0881,P013,ST025,6,8766.84,0.0,6891.52
S014214,2026-09-08,C0253,P052,ST014,2,10956.68,0.1,8471.56
S014215,2025-03-22,C0394,P052,ST017,3,13549.32,0.1,8471.56
S014216,2026-09-29,C0892,P011,ST019,7,9449.48,0.05,8103.73
S014217,2026-04-12,C0937,P006,ST010,3,12856.85,0.1,9423.57
S014218,2025-03-08,C0466,P054,ST019,7,14618.8,0.0,11637.82
S014219,2026-04-30,C0051,P027,ST022,1,4259.28,0.0,3699.73
S014220,2026-04-19,C0425,P028,ST014,5,9547.6,0.05,8027.52
S014221,2025-05-02,C0162,P060,ST002,2,14867.85,0.02,10855.58
S014222,2026-05-08,C0003,P065,ST023,5,3027.81,0.0,2327.08
S014223,2025-12-09,C0162,P056,ST003,3,10516.19,0.05,8673.46
S014224,2026-09-17,C0438,P059,ST017,1,1928.29,0.05,1382.59
S014225,2026-02-08,C0943,P043,ST024,1,7259.96,0.02,5492.34
S014226,2025-11-25,C0477,P039,ST021,1,3161.63,0.02,2144.94
S014227,2025-03-16,C0559,P057,ST017,1,7137.08,0.1,5530.0
S014228,2026-10-09,C0692,P065,ST013,5,3321.89,0.0,2327.08
S014229,2025-11-09,C0523,P051,ST001,5,17193.79,0.0,10925.82
S014230,2026-10-30,C0297,P071,ST002,4,9917.05,0.0,7113.15
S014231,2026-03-12,C0843,P044,ST018,8,6029.01,0.1,4727.0
S014232,2026-09-20,C0806,P088,ST003,4,9199.89,0.05,5917.07
S014233,2025-08-04,C0410,P047,ST012,1,5688.7,0.0,4501.3
S014234,2026-02-05,C0790,P035,ST021,1,772.44,0.1,516.87
S014235,2025-08-24,C0949,P070,ST011,4,9842.81,0.0,7620.88
S014236,2026-09-23,C0472,P047,ST014,8,6739.9,0.0,4501.3
S014237,2025-09-21,C0166,P053,ST011,8,4204.71,0.05,3373.97
S014238,2025-09-29,C0680,P086,ST004,7,637.63,0.0,517.95
S014239,2026-08-26,C0128,P059,ST003,1,2180.08,0.0,1382.59
S014240,2026-10-21,C0325,P086,ST016,4,600.67,0.05,517.95
S014241,2026-11-14,C0930,P074,ST006,6,6304.35,0.05,5135.74
S014242,2026-01-12,C0804,P068,ST007,7,10469.84,0.02,8703.69
S014243,2026-07-17,C0428,P087,ST002,1,17633.43,0.0,11513.07
S014244,2025-12-07,C0214,P047,ST015,4,6544.91,0.0,4501.3
S014245,2025-01-31,C0478,P038,ST009,1,7210.62,0.05,5677.06
S014246,2025-01-08,C0829,P045,ST010,6,4626.16,0.0,3792.77
S014247,2025-12-13,C0267,P020,ST008,4,6784.38,0.02,5381.43
S014248,2025-01-17,C0606,P006,ST012,1,12607.02,0.02,9423.57
S014249,2025-06-28,C0212,P086,ST004,1,624.96,0.0,517.95
S014250,2026-12-27,C0002,P002,ST013,7,457.49,0.15,336.51
S014251,2026-12-07,C0839,P007,ST013,6,8699.46,0.0,5642.26
S014252,2026-08-23,C0181,P086,ST024,8,853.44,0.05,517.95
S014253,2025-11-26,C0302,P018,ST005,2,4558.33,0.0,3821.41
S014254,2026-05-02,C0004,P068,ST015,5,12691.38,0.1,8703.69
S014255,2026-01-03,C0488,P083,ST003,7,11258.2,0.05,7077.47
S014256,2025-08-11,C0357,P013,ST012,8,9979.21,0.05,6891.52
S014257,2025-05-31,C0685,P041,ST023,4,2428.02,0.0,2039.67
S014258,2025-03-24,C0867,P042,ST023,8,12072.92,0.05,8431.76
S014259,2026-03-22,C0565,P080,ST007,4,9953.61,0.1,7154.82
S014260,2025-10-13,C0794,P020,ST019,7,7402.93,0.0,5381.43
S014261,2026-12-08,C0546,P039,ST009,6,3291.66,0.1,2144.94
S014262,2026-08-06,C0067,P022,ST002,4,7904.52,0.02,5050.21
S014263,2025-04-08,C0431,P072,ST006,8,10495.62,0.05,7885.7
S014264,2025-02-06,C0164,P019,ST010,7,825.52,0.02,612.11
S014265,2026-06-29,C0380,P014,ST024,4,12986.0,0.0,9238.74
S014266,2025-11-15,C0307,P071,ST022,5,11459.93,0.02,7113.15
S014267,2025-08-06,C0145,P061,ST014,1,6858.51,0.02,5605.37
S014268,2025-04-17,C0614,P009,ST013,3,2253.44,0.05,1892.61
S014269,2026-10-14,C0966,P082,ST018,8,16906.11,0.02,11120.16
S014270,2026-08-01,C0927,P060,ST009,6,13089.75,0.05,10855.58
S014271,2025-10-21,C0536,P073,ST006,5,1509.39,0.0,1242.22
S014272,2026-12-24,C0771,P002,ST019,7,500.39,0.02,336.51
S014273,2025-01-03,C0727,P060,ST022,8,14299.94,0.0,10855.58
S014274,2026-09-23,C0619,P012,ST003,6,7040.11,0.0,5785.38
S014275,2026-08-02,C0639,P052,ST021,5,11154.23,0.05,8471.56
S014276,2025-06-17,C0221,P058,ST023,5,4843.09,0.1,3448.84
S014277,2026-11-21,C0947,P065,ST020,3,3778.3,0.0,2327.08
S014278,2026-07-04,C0045,P057,ST020,3,8881.72,0.05,5530.0
S014279,2026-03-28,C0542,P031,ST004,8,9920.46,0.05,8055.68
S014280,2026-03-15,C0062,P011,ST025,6,10536.68,0.02,8103.73
S014281,2026-07-09,C0638,P059,ST001,3,2194.01,0.05,1382.59
S014282,2026-05-16,C0644,P013,ST014,4,8175.4,0.05,6891.52
S014283,2025-08-30,C0970,P060,ST001,7,12806.51,0.05,10855.58
S014284,2025-02-24,C0934,P080,ST022,6,10733.8,0.05,7154.82
S014285,2026-12-17,C0260,P066,ST012,2,16760.76,0.05,10315.22
S014286,2025-12-16,C0332,P077,ST013,3,6063.78,0.02,4125.87
S014287,2025-09-27,C0800,P058,ST004,2,3994.99,0.02,3448.84
S014288,2026-03-28,C0738,P019,ST006,2,964.77,0.05,612.11
S014289,2026-08-26,C0260,P089,ST011,5,15237.27,0.15,9447.14
S014290,2026-04-11,C0424,P065,ST016,3,3686.32,0.0,2327.08
S014291,2025-02-20,C0692,P058,ST012,3,5147.61,0.0,3448.84
S014292,2026-08-15,C0706,P050,ST022,6,13338.43,0.0,11552.3
S014293,2026-05-23,C0986,P057,ST012,6,7862.54,0.15,5530.0
S014294,2026-05-12,C0693,P008,ST008,2,10497.77,0.0,6932.71
S014295,2026-06-07,C0067,P057,ST005,5,8976.78,0.05,5530.0
S014296,2026-01-11,C0460,P033,ST017,2,15514.74,0.0,9814.74
S014297,2026-03-23,C0987,P046,ST011,4,9793.91,0.05,7655.82
S014298,2026-11-30,C0697,P084,ST018,1,5823.27,0.0,4325.72
S014299,2025-06-23,C0941,P007,ST004,2,8445.13,0.0,5642.26
S014300,2025-07-04,C0404,P074,ST022,5,6431.14,0.0,5135.74
S014301,2025-06-12,C0679,P063,ST014,7,5119.88,0.05,3844.99
S014302,2025-12-14,C0836,P027,ST017,3,5580.05,0.05,3699.73
S014303,2025-01-19,C0078,P006,ST002,4,11525.5,0.0,9423.57
S014304,2025-01-01,C0123,P049,ST007,4,2472.79,0.02,1636.57
S014305,2025-01-15,C0532,P031,ST014,3,10599.25,0.0,8055.68
S014306,2026-04-26,C0950,P063,ST011,4,5280.76,0.0,3844.99
S014307,2026-08-26,C0909,P034,ST024,4,3285.95,0.1,2211.93
S014308,2026-05-12,C0883,P073,ST022,2,1496.17,0.1,1242.22
S014309,2026-09-13,C0719,P076,ST007,1,8017.76,0.0,6054.39
S014310,2025-10-25,C0955,P076,ST017,1,8547.45,0.05,6054.39
S014311,2026-07-04,C0163,P027,ST011,5,4615.52,0.1,3699.73
S014312,2025-04-25,C0426,P046,ST021,1,10301.41,0.05,7655.82
S014313,2025-11-02,C0851,P009,ST016,8,2872.06,0.15,1892.61
S014314,2025-07-10,C0529,P082,ST006,1,17652.13,0.02,11120.16
S014315,2025-10-20,C0187,P023,ST019,1,13190.21,0.05,10277.49
S014316,2026-09-29,C0417,P032,ST006,3,6258.27,0.05,5025.05
S014317,2025-05-18,C0784,P038,ST012,4,6934.44,0.02,5677.06
S014318,2025-03-22,C0089,P011,ST016,5,10077.48,0.05,8103.73
S014319,2026-12-05,C0251,P043,ST017,7,8442.49,0.15,5492.34
S014320,2025-05-28,C0760,P041,ST013,6,2545.69,0.02,2039.67
S014321,2025-12-13,C0275,P008,ST003,8,8840.4,0.05,6932.71
S014322,2025-11-23,C0924,P088,ST016,4,7178.35,0.0,5917.07
S014323,2025-10-13,C0987,P042,ST012,4,13499.03,0.1,8431.76
S014324,2026-02-03,C0647,P080,ST019,2,8826.52,0.0,7154.82
S014325,2025-09-12,C0409,P076,ST019,4,9519.73,0.0,6054.39
S014326,2026-04-23,C0684,P016,ST020,3,9980.45,0.0,6754.56
S014327,2025-10-11,C0350,P081,ST016,6,3567.09,0.0,2254.47
S014328,2025-07-11,C0653,P002,ST007,4,391.68,0.05,336.51
S014329,2025-12-11,C0023,P045,ST004,8,4596.96,0.0,3792.77
S014330,2025-06-29,C0617,P043,ST006,2,7164.87,0.0,5492.34
S014331,2025-08-26,C0623,P001,ST004,2,3988.21,0.0,2598.92
S014332,2025-12-18,C0204,P054,ST015,8,18696.56,0.1,11637.82
S014333,2025-01-25,C0281,P002,ST016,1,423.98,0.02,336.51
S014334,2025-04-04,C0365,P057,ST013,2,6848.68,0.1,5530.0
S014335,2026-04-16,C0143,P002,ST003,7,480.87,0.0,336.51
S014336,2025-01-19,C0471,P013,ST012,4,11039.19,0.0,6891.52
S014337,2026-07-31,C0174,P062,ST008,2,3789.02,0.02,2627.77
S014338,2026-01-22,C0801,P061,ST004,1,9116.85,0.0,5605.37
S014339,2026-05-10,C0781,P021,ST005,8,4016.37,0.0,2771.37
S014340,2026-06-26,C0889,P035,ST021,8,723.0,0.0,516.87
S014341,2025-07-19,C0005,P053,ST013,5,3937.77,0.02,3373.97
S014342,2025-05-24,C0880,P076,ST010,2,8080.19,0.1,6054.39
S014343,2026-09-01,C0973,P052,ST016,6,13819.09,0.05,8471.56
S014344,2025-08-28,C0123,P034,ST007,1,3225.66,0.0,2211.93
S014345,2026-03-15,C0913,P066,ST003,3,14179.82,0.0,10315.22
S014346,2026-09-24,C0113,P008,ST011,6,8020.78,0.05,6932.71
S014347,2025-04-15,C0317,P036,ST024,5,1541.15,0.0,1308.06
S014348,2026-06-15,C0478,P015,ST006,6,10019.9,0.05,7707.94
S014349,2026-09-17,C0904,P014,ST019,3,13790.42,0.15,9238.74
S014350,2026-09-08,C0779,P072,ST008,7,9142.51,0.02,7885.7
S014351,2026-05-19,C0968,P070,ST008,6,10710.55,0.02,7620.88
S014352,2026-04-26,C0134,P071,ST014,3,10325.41,0.0,7113.15
S014353,2025-06-14,C0686,P002,ST003,2,424.54,0.1,336.51
S014354,2026-10-25,C0005,P046,ST010,4,10697.29,0.02,7655.82
S014355,2025-07-27,C0329,P079,ST003,8,2237.2,0.0,1464.98
S014356,2026-11-02,C0243,P077,ST020,3,6692.2,0.05,4125.87
S014357,2026-12-05,C0482,P046,ST011,6,9042.33,0.02,7655.82
S014358,2026-08-06,C0094,P015,ST014,8,10566.04,0.0,7707.94
S014359,2025-08-17,C0221,P079,ST025,2,2361.93,0.0,1464.98
S014360,2026-01-06,C0811,P011,ST010,7,11719.75,0.02,8103.73
S014361,2025-10-10,C0080,P058,ST008,6,4190.57,0.1,3448.84
S014362,2025-08-24,C0785,P015,ST002,3,8894.71,0.0,7707.94
S014363,2025-02-03,C0637,P062,ST015,6,4148.54,0.0,2627.77
S014364,2025-10-22,C0927,P017,ST008,6,10399.26,0.02,6820.68
S014365,2025-04-12,C0086,P015,ST025,4,9881.23,0.0,7707.94
S014366,2025-11-28,C0829,P012,ST013,5,6953.15,0.1,5785.38
S014367,2025-04-30,C0965,P064,ST004,4,11029.38,0.05,7055.83
S014368,2026-05-11,C0373,P014,ST005,2,13117.73,0.0,9238.74
S014369,2026-12-08,C0339,P016,ST014,2,9158.66,0.05,6754.56
S014370,2026-04-16,C0589,P062,ST011,4,3886.19,0.0,2627.77
S014371,2025-07-09,C0106,P007,ST024,6,6650.3,0.05,5642.26
S014372,2025-09-08,C0373,P003,ST001,1,14087.35,0.1,9496.36
S014373,2026-05-18,C0879,P020,ST003,3,8018.48,0.02,5381.43
S014374,2025-07-19,C0774,P027,ST022,4,4298.07,0.0,3699.73
S014375,2025-10-18,C0127,P058,ST009,3,5069.91,0.0,3448.84
S014376,2026-05-12,C0348,P071,ST002,6,10454.7,0.05,7113.15
S014377,2025-05-25,C0620,P001,ST011,4,3328.73,0.02,2598.92
S014378,2026-02-13,C0573,P083,ST019,4,9669.12,0.02,7077.47
S014379,2026-07-22,C0227,P045,ST020,7,4539.76,0.05,3792.77
S014380,2026-03-29,C0056,P022,ST002,7,5834.26,0.05,5050.21
S014381,2025-06-27,C0740,P064,ST014,8,9968.43,0.05,7055.83
S014382,2025-06-28,C0229,P001,ST009,1,3967.25,0.05,2598.92
S014383,2025-06-20,C0758,P031,ST004,7,9420.85,0.02,8055.68
S014384,2025-11-01,C0109,P021,ST008,8,4547.38,0.05,2771.37
S014385,2025-12-31,C0332,P087,ST012,1,14001.77,0.0,11513.07
S014386,2026-05-03,C0677,P042,ST025,8,11097.87,0.0,8431.76
S014387,2025-04-30,C0158,P019,ST019,8,915.05,0.02,612.11
S014388,2025-03-12,C0441,P030,ST011,1,10941.68,0.02,9460.8
S014389,2026-03-20,C0696,P079,ST016,5,2041.76,0.0,1464.98
S014390,2026-03-12,C0141,P016,ST001,5,8966.18,0.0,6754.56
S014391,2026-04-14,C0829,P067,ST010,2,11146.42,0.05,9162.6
S014392,2025-02-26,C0527,P001,ST021,2,3770.49,0.05,2598.92
S014393,2026-12-19,C0073,P066,ST003,1,15774.05,0.0,10315.22
S014394,2025-03-24,C0225,P090,ST017,6,1810.04,0.0,1222.08
S014395,2026-07-12,C0221,P035,ST025,6,646.25,0.0,516.87
S014396,2025-10-23,C0801,P061,ST005,3,7820.31,0.05,5605.37
S014397,2025-01-29,C0255,P056,ST003,3,13596.87,0.02,8673.46
S014398,2025-09-23,C0960,P076,ST001,3,7058.0,0.02,6054.39
S014399,2026-02-11,C0523,P013,ST004,4,8915.41,0.02,6891.52
S014400,2025-12-18,C0685,P068,ST025,8,11260.1,0.02,8703.69
S014401,2026-04-14,C0575,P053,ST020,7,4025.36,0.0,3373.97
S014402,2025-09-21,C0009,P070,ST012,5,10691.69,0.0,7620.88
S014403,2025-12-19,C0676,P046,ST024,8,10211.86,0.05,7655.82
S014404,2026-12-24,C0293,P077,ST020,8,5274.3,0.0,4125.87
S014405,2025-07-13,C0094,P030,ST016,7,11454.7,0.0,9460.8
S014406,2026-09-29,C0057,P023,ST015,3,15961.26,0.1,10277.49
S014407,2026-12-19,C0945,P084,ST023,2,6169.07,0.02,4325.72
S014408,2025-08-07,C0760,P067,ST011,8,11292.21,0.02,9162.6
S014409,2026-09-23,C0110,P082,ST012,5,17576.74,0.05,11120.16
S014410,2026-10-09,C0934,P042,ST025,8,10245.37,0.1,8431.76
S014411,2026-09-30,C0251,P025,ST014,1,1307.33,0.02,935.06
S014412,2026-02-20,C0370,P032,ST002,6,7480.24,0.0,5025.05
S014413,2026-10-22,C0661,P050,ST020,5,17044.43,0.15,11552.3
S014414,2026-10-01,C0723,P011,ST019,4,10286.85,0.05,8103.73
S014415,2026-12-07,C0826,P039,ST013,6,3450.42,0.02,2144.94
S014416,2026-08-28,C0035,P090,ST003,8,1432.0,0.02,1222.08
S014417,2025-12-27,C0007,P033,ST009,4,15486.23,0.05,9814.74
S014418,2026-04-12,C0436,P085,ST010,7,10596.48,0.02,7193.26
S014419,2025-09-21,C0875,P044,ST009,3,7056.42,0.05,4727.0
S014420,2026-07-29,C0973,P034,ST017,8,3559.76,0.05,2211.93
S014421,2026-12-24,C0934,P043,ST025,4,8533.02,0.0,5492.34
S014422,2025-04-15,C0529,P027,ST008,8,5705.91,0.0,3699.73
S014423,2025-04-20,C0172,P055,ST006,2,14403.42,0.05,9400.32
S014424,2026-07-07,C0006,P062,ST005,6,3885.78,0.02,2627.77
S014425,2026-05-31,C0435,P041,ST025,2,2406.45,0.02,2039.67
S014426,2025-02-21,C0577,P089,ST017,8,12921.59,0.05,9447.14
S014427,2026-03-17,C0363,P064,ST022,1,10369.94,0.1,7055.83
S014428,2026-10-28,C0670,P038,ST022,2,7503.74,0.02,5677.06
S014429,2025-02-14,C0427,P027,ST021,3,4669.46,0.02,3699.73
S014430,2025-12-26,C0277,P035,ST001,8,828.12,0.05,516.87
S014431,2025-01-04,C0033,P085,ST004,3,8468.35,0.0,7193.26
S014432,2025-04-25,C0285,P087,ST015,2,14222.29,0.0,11513.07
S014433,2026-12-03,C0086,P082,ST023,8,17138.61,0.05,11120.16
S014434,2026-10-24,C0594,P001,ST007,8,3394.57,0.05,2598.92
S014435,2026-04-02,C0597,P008,ST002,6,10943.55,0.1,6932.71
S014436,2026-03-04,C0040,P032,ST018,3,7928.25,0.05,5025.05
S014437,2025-05-31,C0264,P042,ST005,1,12972.89,0.1,8431.76
S014438,2026-07-30,C0024,P038,ST004,3,7389.14,0.0,5677.06
S014439,2026-09-01,C0678,P038,ST011,6,7766.03,0.0,5677.06
S014440,2025-10-19,C0988,P050,ST020,5,15962.79,0.0,11552.3
S014441,2025-04-01,C0127,P069,ST007,2,6993.49,0.0,5327.09
S014442,2025-10-31,C1000,P029,ST019,3,8469.0,0.05,6795.13
S014443,2026-11-27,C0250,P069,ST023,7,8077.67,0.0,5327.09
S014444,2025-09-29,C0496,P008,ST004,1,8962.27,0.02,6932.71
S014445,2026-02-19,C0586,P067,ST002,7,12965.6,0.02,9162.6
S014446,2025-10-29,C0679,P067,ST017,6,13766.94,0.0,9162.6
S014447,2026-04-21,C0339,P047,ST016,4,5301.48,0.05,4501.3
S014448,2025-02-24,C0558,P034,ST015,7,3389.72,0.02,2211.93
S014449,2025-07-18,C0241,P035,ST011,3,772.55,0.0,516.87
S014450,2026-11-20,C0744,P019,ST010,5,880.16,0.1,612.11
S014451,2025-07-15,C0321,P082,ST016,8,17048.17,0.02,11120.16
S014452,2026-01-22,C0535,P065,ST016,4,3441.16,0.0,2327.08
S014453,2026-11-19,C0028,P047,ST018,8,5200.25,0.0,4501.3
S014454,2026-06-14,C0549,P024,ST021,4,3612.48,0.0,2998.79
S014455,2025-05-12,C0590,P038,ST011,8,9194.59,0.0,5677.06
S014456,2025-10-05,C0709,P019,ST001,2,717.63,0.05,612.11
S014457,2026-10-30,C0685,P030,ST022,2,13861.58,0.05,9460.8
S014458,2026-02-01,C0613,P074,ST005,8,6375.89,0.05,5135.74
S014459,2025-05-23,C0827,P032,ST024,4,7321.42,0.0,5025.05
S014460,2026-07-23,C0398,P055,ST005,8,13070.54,0.0,9400.32
S014461,2026-09-16,C0414,P028,ST025,8,10031.57,0.1,8027.52
S014462,2025-01-31,C0297,P004,ST002,7,12786.22,0.0,8062.0
S014463,2025-12-28,C0227,P049,ST019,4,2239.73,0.0,1636.57
S014464,2026-04-02,C0148,P038,ST007,1,7270.74,0.05,5677.06
S014465,2026-02-27,C0915,P035,ST008,5,758.53,0.1,516.87
S014466,2026-03-06,C0339,P004,ST017,6,10662.84,0.05,8062.0
S014467,2026-07-18,C0618,P031,ST024,4,10264.99,0.02,8055.68
S014468,2025-12-28,C0538,P007,ST011,7,8693.1,0.02,5642.26
S014469,2025-03-28,C0305,P023,ST005,3,16803.43,0.05,10277.49
S014470,2026-01-02,C0267,P041,ST006,8,3197.77,0.02,2039.67
S014471,2026-08-16,C0355,P011,ST018,4,9972.22,0.1,8103.73
S014472,2026-12-19,C0477,P043,ST020,6,7220.25,0.02,5492.34
S014473,2026-11-03,C0089,P038,ST015,5,9298.33,0.02,5677.06
S014474,2025-12-07,C0164,P090,ST010,4,1958.5,0.0,1222.08
S014475,2026-09-27,C0448,P025,ST008,3,1296.2,0.0,935.06
S014476,2025-09-29,C0179,P039,ST007,3,2911.87,0.02,2144.94
S014477,2025-05-23,C0535,P067,ST017,7,11686.73,0.05,9162.6
S014478,2026-08-26,C0154,P060,ST005,5,17472.28,,10855.58
S014479,2026-08-15,C0325,P025,ST016,5,1283.8,0.02,935.06
S014480,2025-04-12,C0666,P062,ST004,1,3082.48,0.05,2627.77
S014481,2026-02-20,C0559,P032,ST016,4,6892.9,0.05,5025.05
S014482,2026-06-28,C0844,P014,ST011,6,14935.02,0.0,9238.74
S014483,2025-02-06,C0553,P072,ST004,7,10748.74,0.02,7885.7
S014484,2026-06-17,C0206,P046,ST020,3,9101.51,0.0,7655.82
S014485,2025-11-27,C0419,P054,ST017,6,15625.96,0.05,11637.82
S014486,2026-05-27,C0343,P073,ST016,3,1800.09,0.02,1242.22
S014487,2026-07-25,C0501,P042,ST019,4,11761.44,0.0,8431.76
S014488,2026-11-23,C0593,P005,ST005,7,11948.55,0.0,8535.69
S014489,2026-03-17,C0321,P061,ST014,3,7588.24,0.02,5605.37
S014490,2026-04-03,C0816,P065,ST022,3,3123.74,0.05,2327.08
S014491,2025-04-15,C0590,P036,ST011,1,1840.38,0.15,1308.06
S014492,2025-04-02,C0867,P050,ST024,7,16086.19,0.05,11552.3
S014493,2026-04-04,C0414,P020,ST023,8,8493.78,0.05,5381.43
S014494,2025-12-29,C0902,P020,ST018,8,6961.32,0.05,5381.43
S014495,2026-09-27,C0929,P048,ST004,6,1740.38,0.02,1279.89
S014496,2025-02-23,C0681,P021,ST004,2,4403.11,0.0,2771.37
S014497,2025-04-06,C0632,P083,ST016,8,9994.27,0.0,7077.47
S014498,2026-09-24,C0134,P070,ST015,6,9239.39,0.0,7620.88
S014499,2025-03-04,C0985,P017,ST012,3,9692.0,0.1,6820.68
S014500,2026-08-13,C0410,P021,ST013,8,4541.24,0.05,2771.37
S014501,2025-11-07,C0977,P005,ST005,1,11988.83,0.0,8535.69
S014502,2026-11-02,C0366,P076,ST021,8,9871.26,0.0,6054.39
S014503,2026-07-07,C0149,P073,ST013,7,1835.74,0.05,1242.22
S014504,2026-06-12,C0816,P040,ST023,5,8564.87,0.05,6137.28
S014505,2026-10-18,C0187,P018,ST020,8,5525.65,0.1,3821.41
S014506,2026-01-04,C0483,P025,ST022,3,1164.87,0.1,935.06
S014507,2026-01-15,C0394,P023,ST014,3,11971.37,0.0,10277.49
S014508,2025-11-04,C0374,P085,ST006,6,10908.25,0.0,7193.26
S014509,2025-10-30,C0487,P069,ST018,8,6533.86,0.05,5327.09
S014510,2025-06-19,C0570,P044,ST012,4,6803.75,0.05,4727.0
S014511,2026-06-29,C0631,P047,ST003,6,5817.09,0.05,4501.3
S014512,2025-07-21,C0652,P062,ST009,8,3503.09,,2627.77
S014513,2025-08-24,C0585,P077,ST004,4,6623.08,0.05,4125.87
S014514,2026-03-28,C0139,P014,ST023,5,15010.61,0.0,9238.74
S014515,2026-05-28,C0183,P059,ST009,7,1716.53,0.0,1382.59
S014516,2026-02-20,C0189,P045,ST017,5,6091.5,0.02,3792.77
S014517,2026-01-13,C0216,P019,ST011,2,1005.9,0.05,612.11
S014518,2026-10-09,C0524,P037,ST001,8,12342.44,0.0,8737.72
S014519,2026-10-29,C0823,P013,ST005,5,9267.0,0.0,6891.52
S014520,2025-11-24,C0498,P061,ST019,6,8172.15,0.05,5605.37
S014521,2026-10-03,C0457,P013,ST021,3,8488.99,0.05,6891.52
S014522,2026-12-26,C0574,P079,ST024,5,2345.31,0.05,1464.98
S014523,2025-05-24,C0503,P057,ST002,3,7502.82,0.0,5530.0
S014524,2025-12-28,C0886,P081,ST006,3,3718.93,0.05,2254.47
S014525,2025-03-23,C0498,P054,ST021,3,14844.24,0.05,11637.82
S014526,2026-08-29,C0597,P025,ST001,4,1340.35,0.05,935.06
S014527,2025-06-27,C0023,P088,ST005,6,8854.44,0.1,5917.07
S014528,2025-12-09,C0978,P079,ST019,5,2387.55,0.05,1464.98
S014529,2026-07-13,C0770,P050,ST007,8,17477.68,0.0,11552.3
S014530,2025-03-28,C0426,P079,ST019,4,1857.6,0.05,1464.98
S014531,2025-06-08,C0081,P085,ST008,2,9903.14,0.02,7193.26
S014532,2025-01-05,C0594,P078,ST006,1,3078.89,0.0,1948.16
S014533,2026-08-14,C0761,P051,ST010,4,15965.89,0.0,10925.82
S014534,2025-01-04,C0754,P023,ST005,3,14910.04,0.02,10277.49
S014535,2026-12-03,C0473,P033,ST023,4,13913.0,0.0,9814.74
S014536,2026-01-02,C0505,P084,ST015,4,5344.39,0.05,4325.72
S014537,2025-10-27,C0260,P013,ST013,8,9543.61,0.1,6891.52
S014538,2026-04-04,C0505,P088,ST016,2,8996.52,0.02,5917.07
S014539,2025-04-29,C0178,P041,ST021,4,2853.97,0.0,2039.67
S014540,2025-06-03,C0391,P011,ST021,5,11820.52,0.02,8103.73
S014541,2025-08-29,C0970,P029,ST004,8,9670.06,0.05,6795.13
S014542,2026-01-07,C0055,P014,ST002,5,11480.37,0.1,9238.74
S014543,2025-08-10,C0355,P025,ST018,2,1480.09,0.0,935.06
S014544,2026-03-01,C0320,P055,ST015,4,11980.15,0.0,9400.32
S014545,2025-12-16,C0162,P030,ST005,7,15529.36,0.0,9460.8
S014546,2026-07-09,C0816,P059,ST024,4,1671.18,0.05,1382.59
S014547,2025-02-06,C0811,P028,ST010,8,11285.41,0.02,8027.52
S014548,2025-09-29,C0350,P020,ST017,1,7580.18,0.1,5381.43
S014549,2026-12-22,C0037,P049,ST010,8,2232.75,0.05,1636.57
S014550,2026-04-09,C0034,P026,ST022,1,4138.13,0.1,3556.26
S014551,2026-08-26,C0521,P073,ST003,4,1700.75,0.02,1242.22
S014552,2025-03-11,C0821,P069,ST010,2,7857.24,0.1,5327.09
S014553,2025-05-01,C0474,P089,ST024,2,12507.1,0.0,9447.14
S014554,2026-11-08,C0437,P059,ST025,2,2231.55,0.02,1382.59
S014555,2026-02-26,C0562,P083,ST008,3,9896.87,0.02,7077.47
S014556,2025-08-07,C0851,P012,ST017,4,7671.71,0.0,5785.38
S014557,2025-05-02,C0739,P060,ST014,5,16089.13,0.02,10855.58
S014558,2025-07-08,C0089,P060,ST015,1,12806.2,0.02,10855.58
S014559,2025-04-23,C0892,P030,ST021,5,14876.42,0.05,9460.8
S014560,2026-04-05,C0928,P079,ST018,3,2057.5,0.02,1464.98
S014561,2026-12-15,C0768,P045,ST005,2,4550.58,0.05,3792.77
S014562,2026-04-22,C0522,P035,ST025,3,692.97,0.1,516.87
S014563,2026-07-26,C0752,P032,ST025,1,6990.32,0.05,5025.05
S014564,2025-12-01,C0232,P016,ST004,3,8239.08,,6754.56
S014565,2025-03-19,C0398,P005,ST005,1,11353.63,0.0,8535.69
S014566,2025-06-26,C0961,P037,ST002,2,13789.22,0.05,8737.72
S014567,2026-01-19,C0490,P020,ST020,4,6808.0,0.0,5381.43
S014568,2026-11-17,C0163,P002,ST013,3,400.54,0.05,336.51
S014569,2026-11-01,C0425,P084,ST015,3,5112.08,0.02,4325.72
S014570,2026-03-05,C0073,P013,ST001,8,10187.5,0.0,6891.52
S014571,2025-04-23,C0321,P068,ST016,8,12735.77,0.05,8703.69
S014572,2026-11-18,C0417,P011,ST007,2,10746.56,0.05,8103.73
S014573,2026-12-14,C0774,P060,ST022,3,16132.17,0.05,10855.58
S014574,2026-11-30,C0015,P084,ST005,5,5131.77,0.02,4325.72
S014575,2025-04-26,C0922,P059,ST015,7,1916.94,0.02,1382.59
S014576,2026-09-28,C0551,P078,ST009,3,2504.91,0.0,1948.16
S014577,2026-09-21,C1000,P004,ST021,1,10436.8,0.05,8062.0
S014578,2026-12-18,C0767,P071,ST010,4,9640.18,0.05,7113.15
S014579,2025-03-17,C0967,P002,ST002,1,474.39,0.15,336.51
S014580,2026-06-12,C0287,P027,ST005,3,5429.02,0.05,3699.73
S014581,2026-02-10,C0829,P011,ST010,7,9326.39,0.02,8103.73
S014582,2025-02-19,C0277,P044,ST004,1,6994.68,0.02,4727.0
S014583,2025-11-23,C0577,P078,ST014,6,2451.16,0.0,1948.16
S014584,2025-09-23,C0014,P081,ST010,2,3609.69,0.0,2254.47
S014585,2026-09-14,C0791,P012,ST009,1,7748.97,0.05,5785.38
S014586,2025-02-12,C0014,P075,ST010,6,868.22,0.05,738.97
S014587,2026-07-17,C0834,P025,ST025,5,1331.45,0.0,935.06
S014588,2025-12-01,C0089,P047,ST014,1,6009.46,0.0,4501.3
S014589,2025-07-12,C0360,P006,ST013,2,11558.05,0.0,9423.57
S014590,2026-05-17,C0253,P047,ST016,6,5434.31,0.05,4501.3
S014591,2025-07-21,C0072,P028,ST016,7,12882.62,0.0,8027.52
S014592,2025-03-07,C0621,P043,ST019,6,7776.76,0.05,5492.34
S014593,2026-08-19,C0060,P053,ST008,3,5190.42,0.0,3373.97
S014594,2026-08-25,C0740,P022,ST017,6,6909.32,0.02,5050.21
S014595,2025-11-14,C0703,P071,ST013,6,11194.88,0.05,7113.15
S014596,2026-03-23,C0907,P050,ST005,7,13405.85,0.02,11552.3
S014597,2025-05-14,C0606,P062,ST010,1,4323.34,0.05,2627.77
S014598,2026-02-18,C0549,P019,ST020,7,945.72,0.0,612.11
S014599,2026-03-31,C0764,P090,ST013,2,1419.76,0.0,1222.08
S014600,2026-06-01,C0725,P081,ST005,7,3516.37,0.0,2254.47
S014601,2026-08-02,C0790,P090,ST021,2,1770.75,0.0,1222.08
S014602,2026-02-25,C0201,P009,ST005,1,2380.01,0.0,1892.61
S014603,2025-08-24,C0632,P004,ST017,5,12979.64,0.0,8062.0
S014604,2026-12-08,C0933,P053,ST010,4,5330.04,0.05,3373.97
S014605,2025-01-28,C0131,P065,ST003,7,3613.86,0.05,2327.08
S014606,2026-04-13,C0687,P025,ST017,6,1476.57,0.05,935.06
S014607,2026-03-13,C0071,P012,ST019,3,9187.19,0.02,5785.38
S014608,2026-12-11,C0899,P037,ST011,5,12452.43,0.05,8737.72
S014609,2026-01-29,C0605,P065,ST010,3,3722.43,0.05,2327.08
S014610,2026-08-10,C0336,P011,ST008,7,9693.49,0.05,8103.73
S014611,2026-06-18,C0948,P079,ST018,4,2237.33,0.05,1464.98
S014612,2025-10-16,C0621,P073,ST018,6,1526.09,0.05,1242.22
S014613,2026-12-10,C0236,P088,ST003,8,9722.4,0.0,5917.07
S014614,2025-04-14,C0423,P075,ST024,5,1026.98,0.05,738.97
S014615,2025-12-28,C0168,P034,ST017,7,3084.2,0.05,2211.93
S014616,2026-07-14,C0690,P020,ST003,5,6398.97,0.05,5381.43
S014617,2025-03-16,C0780,P012,ST012,8,7297.75,0.1,5785.38
S014618,2025-05-20,C0625,P019,ST025,1,949.44,0.05,612.11
S014619,2025-06-05,C0097,P075,ST013,7,1035.72,0.05,738.97
S014620,2026-07-15,C0028,P082,ST019,5,14844.17,0.0,11120.16
S014621,2026-01-10,C0369,P036,ST012,5,2158.18,0.0,1308.06
S014622,2025-05-15,C0844,P063,ST011,7,4564.71,0.0,3844.99
S014623,2025-01-24,C0579,P014,ST016,6,12247.16,0.0,9238.74
S014624,2026-06-27,C0664,P022,ST017,3,6695.5,0.02,5050.21
S014625,2026-06-21,C0784,P072,ST011,5,12431.18,0.05,7885.7
S014626,2026-04-18,C0947,P031,ST020,3,11596.1,0.05,8055.68
S014627,2026-04-29,C0481,P073,ST021,1,1730.47,0.0,1242.22
S014628,2025-11-11,C0191,P012,ST021,4,7552.92,0.0,5785.38
S014629,2026-08-01,C0680,P068,ST004,1,12146.05,0.05,8703.69
S014630,2026-08-15,C0933,P080,ST010,2,11200.01,0.0,7154.82
S014631,2026-07-10,C0304,P038,ST003,7,7917.33,0.0,5677.06
S014632,2026-05-05,C0620,P012,ST012,7,8953.12,0.0,5785.38
S014633,2026-06-13,C0157,P035,ST023,8,621.14,0.1,516.87
S014634,2026-10-19,C0368,P028,ST022,4,12595.07,0.05,8027.52
S014635,2025-05-10,C0353,P062,ST014,1,3056.44,0.02,2627.77
S014636,2026-01-16,C0616,P062,ST002,2,3318.63,0.0,2627.77
S014637,2025-03-29,C0896,P021,ST014,8,3776.63,0.05,2771.37
S014638,2025-06-15,C0298,P034,ST013,3,3099.62,0.02,2211.93
S014639,2025-07-15,C0827,P073,ST025,3,1502.93,0.0,1242.22
S014640,2025-10-13,C0791,P026,ST006,4,4437.07,0.05,3556.26
S014641,2025-01-26,C0251,P030,ST016,4,13546.98,0.05,9460.8
S014642,2025-04-16,C0478,P013,ST009,8,9029.66,0.02,6891.52
S014643,2025-02-14,C0460,P063,ST016,2,4846.31,0.1,3844.99
S014644,2026-09-10,C0099,P075,ST001,1,1171.67,0.0,738.97
S014645,2026-03-01,C0392,P070,ST020,7,9543.45,0.02,7620.88
S014646,2026-05-09,C0783,P029,ST014,1,9533.5,0.0,6795.13
S014647,2026-03-15,C0624,P040,ST003,8,9576.58,0.02,6137.28
S014648,2025-08-14,C0780,P046,ST013,6,12445.7,0.0,7655.82
S014649,2025-04-05,C0203,P017,ST020,7,10822.76,0.05,6820.68
S014650,2026-09-22,C0354,P058,ST006,2,5420.28,0.05,3448.84
S014651,2026-11-11,C0369,P038,ST012,3,8365.02,0.02,5677.06
S014652,2025-03-15,C0969,P014,ST025,6,15085.16,0.0,9238.74
S014653,2025-06-02,C0247,P074,ST018,5,7484.96,0.0,5135.74
S014654,2026-03-23,C0317,P026,ST022,6,4930.77,0.1,3556.26
S014655,2025-06-14,C0795,P049,ST020,8,2419.15,0.05,1636.57
S014656,2026-03-23,C0681,P078,ST004,4,2360.99,0.1,1948.16
S014657,2026-10-29,C0657,P002,ST001,6,470.17,0.05,336.51
S014658,2026-11-17,C0401,P062,ST023,4,3948.72,0.02,2627.77
S014659,2026-08-10,C0268,P063,ST023,4,6016.9,0.02,3844.99
S014660,2026-01-20,C0332,P031,ST012,1,10675.99,0.05,8055.68
S014661,2026-02-15,C0931,P068,ST025,5,10890.0,0.05,8703.69
S014662,2026-03-28,C0539,P029,ST001,6,9056.14,0.02,6795.13
S014663,2025-08-15,C0896,P033,ST014,2,12643.2,0.0,9814.74
S014664,2026-02-27,C0180,P063,ST023,4,4550.77,0.02,3844.99
S014665,2025-03-23,C0674,P047,ST017,2,6806.96,0.0,4501.3
S014666,2026-02-09,C0259,P070,ST012,4,9785.75,0.02,7620.88
S014667,2026-06-29,C0881,P011,ST023,6,12833.45,0.05,8103.73
S014668,2025-08-04,C0978,P042,ST020,2,12882.56,0.05,8431.76
S014669,2026-05-13,C0642,P015,ST024,1,10417.38,0.05,7707.94
S014670,2026-01-27,C0111,P058,ST016,4,4016.14,0.0,3448.84
S014671,2025-06-08,C0278,P043,ST021,5,6475.89,0.05,5492.34
S014672,2026-09-14,C0068,P026,ST018,2,5518.62,0.0,3556.26
S014673,2026-10-03,C0839,P085,ST010,4,11681.33,0.0,7193.26
S014674,2025-04-24,C0268,P007,ST022,6,6507.01,0.05,5642.26
S014675,2025-09-26,C0400,P033,ST023,6,13040.33,0.05,9814.74
S014676,2026-03-18,C0528,P053,ST025,5,3968.27,0.05,3373.97
S014677,2026-08-02,C0410,P029,ST013,2,8937.27,0.0,6795.13
S014678,2025-12-17,C0137,P081,ST008,2,2738.83,0.0,2254.47
S014679,2026-04-13,C0892,P009,ST019,7,2789.23,0.05,1892.61
S014680,2025-10-16,C0063,P076,ST010,8,7233.45,0.02,6054.39
S014681,2026-07-19,C0958,P042,ST021,6,12672.19,0.0,8431.76
S014682,2026-12-31,C0069,P024,ST004,7,4753.82,0.05,2998.79
S014683,2025-02-05,C0516,P051,ST009,6,14844.77,0.15,10925.82
S014684,2025-01-02,C0199,P074,ST003,6,6175.6,0.05,5135.74
S014685,2025-07-04,C0862,P031,ST011,5,12561.46,0.05,8055.68
S014686,2026-01-05,C0338,P081,ST015,6,2956.74,0.02,2254.47
S014687,2025-07-11,C0253,P024,ST017,3,3697.38,0.05,2998.79
S014688,2025-08-26,C0860,P002,ST006,8,545.59,0.05,336.51
S014689,2025-08-05,C0972,P074,ST012,5,7218.09,0.1,5135.74
S014690,2025-07-06,C0593,P033,ST003,5,14335.94,0.05,9814.74
S014691,2025-09-24,C0595,P034,ST003,8,3611.09,0.05,2211.93
S014692,2026-11-15,C0290,P041,ST020,7,3254.17,0.0,2039.67
S014693,2025-04-07,C0046,P086,ST019,2,616.75,0.05,517.95
S014694,2025-11-12,C0666,P068,ST004,7,12881.54,0.02,8703.69
S014695,2025-12-24,C0034,P057,ST025,5,7898.22,,5530.0
S014696,2026-01-19,C0596,P002,ST021,1,433.68,0.02,336.51
S014697,2025-12-11,C0450,P078,ST005,2,2977.33,0.02,1948.16
S014698,2026-07-21,C0288,P045,ST024,7,5030.7,0.05,3792.77
S014699,2025-12-26,C0346,P089,ST008,5,15421.27,0.1,9447.14
S014700,2026-06-01,C0207,P030,ST024,6,13082.93,0.05,9460.8
S014701,2026-04-30,C0581,P006,ST012,4,13133.91,0.0,9423.57
S014702,2026-05-13,C0633,P050,ST016,2,18348.33,0.0,11552.3
S014703,2025-02-23,C0986,P031,ST011,3,12259.45,0.0,8055.68
S014704,2026-10-07,C0325,P075,ST017,6,1207.44,0.02,738.97
S014705,2026-03-28,C0487,P065,ST021,7,2954.0,0.0,2327.08
S014706,2026-05-31,C0461,P033,ST012,5,13630.78,0.02,9814.74
S014707,2025-02-19,C0440,P078,ST008,1,2245.61,0.0,1948.16
S014708,2025-05-04,C0394,P077,ST016,5,6183.71,0.05,4125.87
S014709,2025-02-28,C0349,P011,ST016,4,12194.55,0.0,8103.73
S014710,2025-11-17,C0256,P047,ST011,3,6029.92,0.0,4501.3
S014711,2026-09-25,C0257,P019,ST023,3,721.1,0.0,612.11
S014712,2026-09-18,C0526,P044,ST018,2,7769.36,0.05,4727.0
S014713,2025-08-06,C0567,P025,ST021,3,1471.5,0.0,935.06
S014714,2025-05-19,C0376,P008,ST005,6,8782.12,0.05,6932.71
S014715,2025-11-09,C0387,P049,ST024,4,2651.27,0.1,1636.57
S014716,2025-07-17,C0615,P067,ST021,7,13982.08,0.02,9162.6
S014717,2026-11-04,C0092,P006,ST007,4,11087.48,0.0,9423.57
S014718,2025-02-04,C0102,P086,ST019,1,746.69,0.0,517.95
S014719,2025-02-05,C0878,P061,ST025,3,6627.68,0.0,5605.37
S014720,2026-11-17,C0771,P013,ST019,5,9173.24,0.05,6891.52
S014721,2025-04-07,C0764,P083,ST013,5,10219.09,0.0,7077.47
S014722,2026-02-04,C0063,P026,ST013,1,4603.05,0.1,3556.26
S014723,2025-05-02,C0453,P076,ST009,8,8267.56,0.02,6054.39
S014724,2026-12-25,C0830,P033,ST005,5,15370.37,0.05,9814.74
S014725,2026-09-09,C0972,P059,ST010,1,1936.55,0.0,1382.59
S014726,2025-01-21,C0527,P007,ST018,7,6940.35,0.02,5642.26
S014727,2026-08-31,C0438,P019,ST014,2,704.37,0.0,612.11
S014728,2025-01-25,C0301,P046,ST023,4,12051.79,0.02,7655.82
S014729,2026-10-05,C0801,P030,ST003,6,13575.75,0.05,9460.8
S014730,2025-08-12,C0006,P061,ST003,5,7136.37,0.05,5605.37
S014731,2025-07-29,C0875,P083,ST009,3,9379.22,0.0,7077.47
S014732,2025-10-18,C0180,P029,ST022,6,9756.09,0.05,6795.13
S014733,2025-12-14,C0345,P010,ST004,3,2595.71,0.02,1595.73
S014734,2025-11-16,C0897,P034,ST009,8,2666.57,0.1,2211.93
S014735,2025-10-11,C1000,P009,ST019,8,2643.28,0.0,1892.61
S014736,2026-06-16,C0248,P014,ST024,6,12098.84,0.1,9238.74
S014737,2025-07-04,C0567,P050,ST021,6,18593.14,0.0,11552.3
S014738,2026-04-02,C0804,P044,ST008,4,7495.45,0.0,4727.0
S014739,2025-07-14,C0028,P073,ST018,4,1610.86,0.0,1242.22
S014740,2026-03-24,C0780,P014,ST013,2,14524.83,0.02,9238.74
S014741,2026-02-15,C0508,P022,ST010,4,8093.67,0.05,5050.21
S014742,2025-01-12,C0704,P084,ST006,8,5447.56,0.0,4325.72
S014743,2026-10-25,C0581,P038,ST013,6,7869.28,0.02,5677.06
S014744,2025-02-16,C0102,P075,ST018,6,977.56,0.05,738.97
S014745,2025-01-17,C0308,P033,ST016,1,14502.69,0.0,9814.74
S014746,2026-06-21,C0126,P003,ST003,1,15050.3,0.0,9496.36
S014747,2025-03-02,C0679,P048,ST014,4,1727.62,0.0,1279.89
S014748,2025-12-12,C0255,P019,ST003,2,901.62,0.05,612.11
S014749,2026-01-06,C0190,P013,ST007,7,8179.63,0.05,6891.52
S014750,2026-07-18,C0491,P010,ST025,6,2470.37,0.1,1595.73
S014751,2026-03-07,C0554,P004,ST007,6,10815.16,0.02,8062.0
S014752,2026-02-20,C0851,P031,ST015,3,11436.39,0.0,8055.68
S014753,2026-01-24,C0068,P045,ST020,7,5190.7,0.0,3792.77
S014754,2025-08-27,C0564,P042,ST023,2,11208.48,0.0,8431.76
S014755,2026-12-27,C0017,P035,ST008,3,762.01,0.0,516.87
S014756,2026-07-23,C0599,P061,ST007,4,7611.25,0.0,5605.37
S014757,2026-09-23,C0939,P016,ST015,1,10535.48,0.0,6754.56
S014758,2025-07-23,C0819,P068,ST012,4,11247.58,0.02,8703.69
S014759,2025-12-03,C0047,P076,ST007,7,8992.97,0.05,6054.39
S014760,2025-02-02,C0220,P034,ST016,7,3042.58,0.15,2211.93
S014761,2025-06-21,C0839,P029,ST010,6,10055.6,0.05,6795.13
S014762,2026-10-14,C0435,P068,ST023,4,14283.98,0.02,8703.69
S014763,2026-06-10,C0193,P089,ST019,6,14239.98,0.0,9447.14
S014764,2026-06-15,C0217,P026,ST021,7,5837.15,0.02,3556.26
S014765,2026-05-07,C0567,P001,ST020,2,3091.02,0.0,2598.92
S014766,2025-04-01,C0094,P079,ST016,1,2175.98,0.02,1464.98
S014767,2026-11-04,C0189,P031,ST014,5,9907.44,0.05,8055.68
S014768,2025-10-20,C0139,P021,ST022,8,3578.48,0.0,2771.37
S014769,2026-10-04,C0619,P010,ST005,8,2631.09,0.0,1595.73
S014770,2025-07-03,C0484,P009,ST010,3,2912.99,0.05,1892.61
S014771,2026-05-25,C0416,P008,ST001,7,10364.77,0.05,6932.71
S014772,2026-04-26,C0653,P072,ST007,7,10577.28,0.0,7885.7
S014773,2025-06-04,C0958,P031,ST021,5,12166.51,0.05,8055.68
S014774,2026-12-01,C0919,P031,ST013,7,9436.84,0.02,8055.68
S014775,2026-05-07,C0461,P039,ST010,5,2704.1,0.02,2144.94
S014776,2025-07-25,C0772,P023,ST025,2,13237.56,0.05,10277.49
S014777,2025-07-25,C0214,P008,ST017,4,9696.64,0.05,6932.71
S014778,2025-02-26,C0218,P035,ST018,8,852.58,0.05,516.87
S014779,2026-03-10,C0618,P036,ST025,4,1964.21,,1308.06
S014780,2026-01-02,C0818,P069,ST010,8,7644.89,0.0,5327.09
S014781,2026-11-17,C0982,P020,ST004,8,8503.11,0.0,5381.43
S014782,2025-05-28,C0975,P059,ST024,7,2096.31,0.05,1382.59
S014783,2025-07-21,C0665,P065,ST002,7,2819.98,0.05,2327.08
S014784,2025-10-07,C0367,P075,ST008,5,907.63,0.0,738.97
S014785,2025-11-11,C0764,P004,ST012,1,9588.91,0.02,8062.0
S014786,2026-03-25,C0339,P020,ST016,3,8258.24,0.02,5381.43
S014787,2026-10-07,C0658,P035,ST005,2,731.12,0.05,516.87
S014788,2025-10-09,C0310,P073,ST014,3,1921.88,0.0,1242.22
S014789,2026-12-20,C0505,P089,ST017,6,12125.25,0.0,9447.14
S014790,2026-07-25,C0340,P029,ST007,1,9803.53,0.02,6795.13
S014791,2026-10-16,C0545,P072,ST016,8,10536.17,0.02,7885.7
S014792,2025-06-19,C0750,P036,ST018,4,1642.32,0.1,1308.06
S014793,2025-02-28,C0786,P058,ST002,6,4807.26,0.1,3448.84
S014794,2025-08-12,C0610,P012,ST025,6,8538.18,0.05,5785.38
S014795,2025-11-27,C0997,P002,ST012,8,481.45,0.1,336.51
S014796,2026-10-12,C0687,P024,ST017,7,4427.03,0.1,2998.79
S014797,2026-10-03,C0708,P040,ST020,5,8270.73,0.0,6137.28
S014798,2025-07-19,C0224,P041,ST003,2,2403.8,0.02,2039.67
S014799,2026-08-22,C0911,P007,ST019,5,9252.74,0.02,5642.26
S014800,2026-04-14,C0270,P087,ST025,5,17176.24,0.0,11513.07
S014801,2026-04-14,C0997,P085,ST010,5,11821.62,0.02,7193.26
S014802,2026-01-20,C0175,P021,ST009,7,4377.08,0.0,2771.37
S014803,2026-08-13,C0525,P041,ST006,3,3247.54,0.05,2039.67
S014804,2026-11-03,C0735,P062,ST019,2,3767.59,0.05,2627.77
S014805,2026-11-23,C0810,P012,ST006,8,9313.76,0.15,5785.38
S014806,2026-03-14,C0437,P041,ST025,4,2984.32,0.0,2039.67
S014807,2025-02-15,C0532,P057,ST014,2,8652.04,0.02,5530.0
S014808,2025-04-02,C0845,P016,ST003,5,8808.66,0.02,6754.56
S014809,2025-08-01,C0756,P041,ST024,5,3119.17,0.05,2039.67
S014810,2026-01-07,C0937,P002,ST011,6,437.12,0.0,336.51
S014811,2025-04-27,C0856,P009,ST012,3,3103.75,0.02,1892.61
S014812,2026-10-30,C0044,P081,ST009,3,3030.46,0.02,2254.47
S014813,2025-08-16,C0697,P089,ST018,2,15424.99,0.1,9447.14
S014814,2025-01-18,C0865,P044,ST016,4,6361.54,0.02,4727.0
S014815,2026-04-12,C0018,P024,ST017,3,4887.41,0.0,2998.79
S014816,2025-10-20,C0213,P065,ST017,1,3366.34,0.02,2327.08
S014817,2025-11-11,C0345,P042,ST002,5,12420.29,0.05,8431.76
S014818,2025-05-23,C0098,P035,ST020,7,708.35,0.02,516.87
S014819,2025-01-23,C0620,P065,ST012,5,3359.21,0.0,2327.08
S014820,2026-06-04,C0406,P005,ST010,7,11151.87,0.1,8535.69
S014821,2025-02-19,C0930,P050,ST008,4,14259.49,0.02,11552.3
S014822,2026-03-23,C0264,P013,ST005,2,9605.64,0.0,6891.52
S014823,2026-07-01,C0057,P064,ST015,6,8851.46,0.0,7055.83
S014824,2026-06-16,C0953,P053,ST006,8,5432.68,0.05,3373.97
S014825,2025-08-14,C0558,P048,ST014,3,1501.55,0.0,1279.89
S014826,2026-06-18,C0268,P055,ST024,6,12053.21,0.0,9400.32
S014827,2025-01-08,C0052,P081,ST003,1,3067.41,0.0,2254.47
S014828,2026-05-09,C0620,P058,ST013,5,3978.73,0.0,3448.84
S014829,2026-04-30,C1000,P078,ST020,7,2675.19,0.05,1948.16
S014830,2025-07-05,C0618,P012,ST024,3,9463.72,0.02,5785.38
S014831,2025-05-24,C0924,P046,ST016,2,10893.7,0.0,7655.82
S014832,2025-04-04,C0028,P065,ST020,2,3753.68,0.05,2327.08
S014833,2026-03-08,C0311,P055,ST001,2,13023.43,0.0,9400.32
S014834,2026-03-06,C0943,P073,ST024,5,1883.74,0.05,1242.22
S014835,2026-09-24,C0991,P010,ST025,8,2254.33,0.05,1595.73
S014836,2025-10-08,C0896,P089,ST015,4,14484.02,0.02,9447.14
S014837,2025-08-17,C0420,P024,ST010,3,4402.68,0.0,2998.79
S014838,2025-08-10,C0320,P013,ST016,6,8233.87,0.02,6891.52
S014839,2025-04-23,C0998,P006,ST012,4,13668.04,0.02,9423.57
S014840,2025-02-25,C0682,P043,ST015,5,7667.67,0.02,5492.34
S014841,2026-05-24,C0374,P004,ST008,8,11601.52,0.05,8062.0
S014842,2025-02-27,C0052,P025,ST003,4,1519.23,0.0,935.06
S014843,2026-11-25,C0361,P046,ST020,1,9844.59,0.15,7655.82
S014844,2026-07-22,C0369,P003,ST013,6,14166.51,0.05,9496.36
S014845,2026-05-28,C0783,P061,ST014,5,8513.7,0.05,5605.37
S014846,2026-05-11,C0698,P048,ST023,8,2046.71,0.0,1279.89
S014847,2025-02-11,C0268,P072,ST025,6,11467.2,0.02,7885.7
S014848,2026-03-10,C0384,P061,ST017,4,9106.35,0.05,5605.37
S014849,2026-04-17,C0730,P070,ST004,1,11177.17,0.0,7620.88
S014850,2026-05-22,C0640,P089,ST022,7,11653.99,0.02,9447.14
S014851,2025-11-01,C0529,P050,ST006,1,17968.45,0.02,11552.3
S014852,2026-04-14,C0938,P068,ST011,8,13564.19,0.05,8703.69
S014853,2025-08-22,C0275,P059,ST005,4,1931.91,0.1,1382.59
S014854,2026-05-31,C0120,P036,ST014,7,2095.38,0.05,1308.06
S014855,2026-01-11,C0274,P020,ST023,2,6676.71,0.0,5381.43
S014856,2025-09-10,C0143,P011,ST004,2,9444.09,0.05,8103.73
S014857,2025-07-26,C0109,P055,ST008,1,13964.76,0.1,9400.32
S014858,2026-05-22,C0711,P050,ST005,5,14049.55,0.0,11552.3
S014859,2025-03-13,C0303,P079,ST019,7,2410.4,0.1,1464.98
S014860,2026-03-14,C0927,P026,ST007,6,5803.05,0.05,3556.26
S014861,2026-06-13,C0489,P005,ST012,1,11501.03,0.0,8535.69
S014862,2026-11-04,C0733,P040,ST022,3,8726.64,0.15,6137.28
S014863,2025-07-18,C0057,P003,ST017,2,13673.25,0.0,9496.36
S014864,2025-02-10,C0001,P057,ST010,3,6516.35,0.1,5530.0
S014865,2025-09-19,C0009,P044,ST010,6,6218.47,0.0,4727.0
S014866,2026-07-08,C0268,P045,ST023,8,4759.11,0.05,3792.77
S014867,2026-12-23,C0724,P042,ST017,2,10456.86,0.0,8431.76
S014868,2026-07-11,C0639,P041,ST018,3,3237.38,0.05,2039.67
S014869,2026-02-06,C0543,P026,ST005,7,5746.56,0.02,3556.26
S014870,2026-03-12,C0080,P074,ST006,6,7334.82,0.05,5135.74
S014871,2025-02-28,C0856,P036,ST013,5,2035.27,0.02,1308.06
S014872,2025-11-11,C0473,P067,ST024,3,10602.01,0.0,9162.6
S014873,2026-12-05,C0994,P083,ST021,5,9686.34,0.05,7077.47
S014874,2026-06-26,C0122,P042,ST024,1,10487.7,0.05,8431.76
S014875,2025-12-17,C0844,P017,ST011,4,10952.6,0.05,6820.68
S014876,2026-02-03,C0460,P018,ST015,3,4418.24,0.0,3821.41
S014877,2026-03-26,C0174,P041,ST009,4,2652.16,0.0,2039.67
S014878,2026-11-05,C0304,P042,ST001,2,11520.75,0.05,8431.76
S014879,2025-10-16,C0490,P001,ST019,8,3499.55,0.0,2598.92
S014880,2026-07-15,C0984,P066,ST005,7,13706.87,0.05,10315.22
S014881,2026-03-27,C0213,P089,ST016,2,11870.92,0.05,9447.14
S014882,2025-05-13,C0085,P017,ST008,7,8573.85,0.05,6820.68
S014883,2026-02-13,C0287,P067,ST004,4,11013.91,0.0,9162.6
S014884,2025-02-28,C0692,P016,ST011,2,8995.29,0.1,6754.56
S014885,2025-08-05,C0793,P015,ST008,4,9476.45,0.05,7707.94
S014886,2026-05-04,C0475,P034,ST009,8,2800.54,0.02,2211.93
S014887,2026-08-11,C0095,P059,ST022,4,1638.87,0.05,1382.59
S014888,2025-05-30,C0588,P089,ST005,2,14599.65,0.0,9447.14
S014889,2025-06-05,C0603,P065,ST025,1,3438.35,0.0,2327.08
S014890,2026-03-19,C0339,P024,ST017,7,4830.48,0.0,2998.79
S014891,2026-09-09,C0945,P034,ST023,8,3511.77,0.0,2211.93
S014892,2026-05-24,C0135,P027,ST019,4,5406.95,0.05,3699.73
S014893,2026-01-07,C0458,P083,ST017,4,11548.84,0.0,7077.47
S014894,2025-03-25,C0949,P025,ST011,7,1454.65,0.1,935.06
S014895,2025-12-31,C0941,P060,ST003,1,14548.0,0.02,10855.58
S014896,2025-09-10,C0611,P006,ST003,6,13714.07,0.0,9423.57
S014897,2025-05-26,C0605,P078,ST010,6,2688.39,0.0,1948.16
S014898,2026-06-06,C0841,P090,ST025,2,1957.85,0.02,1222.08
S014899,2026-12-17,C0857,P021,ST017,5,3515.53,0.05,2771.37
S014900,2025-04-22,C0694,P082,ST018,4,17165.57,0.0,11120.16
S014901,2026-04-07,C0670,P054,ST024,3,16568.24,0.02,11637.82
S014902,2025-08-31,C0783,P061,ST017,3,8195.27,0.05,5605.37
S014903,2026-08-30,C0765,P009,ST025,5,2519.98,0.02,1892.61
S014904,2026-03-30,C0433,P069,ST012,3,7535.24,0.0,5327.09
S014905,2026-04-06,C0685,P076,ST022,2,7190.39,0.02,6054.39
S014906,2025-03-10,C0665,P090,ST001,5,1532.01,0.05,1222.08
S014907,2026-07-09,C0333,P015,ST001,8,11680.71,0.05,7707.94
S014908,2025-07-24,C0160,P023,ST017,2,12826.86,0.05,10277.49
S014909,2025-12-24,C0715,P071,ST003,7,10710.15,0.0,7113.15
S014910,2026-05-10,C0519,P014,ST015,3,12616.82,0.0,9238.74
S014911,2026-03-26,C0588,P008,ST005,2,10759.74,0.15,6932.71
S014912,2026-03-29,C0650,P039,ST015,7,2837.14,0.05,2144.94
S014913,2025-02-28,C0810,P050,ST006,7,17256.27,0.05,11552.3
S014914,2025-10-03,C0763,P056,ST002,2,13848.33,0.0,8673.46
S014915,2026-09-30,C0854,P036,ST002,7,1933.81,0.0,1308.06
S014916,2025-01-25,C0732,P061,ST003,8,8098.94,0.05,5605.37
S014917,2025-04-20,C0219,P008,ST011,2,9394.29,0.02,6932.71
S014918,2025-11-11,C0614,P021,ST013,5,4447.23,0.05,2771.37
S014919,2025-11-25,C0117,P082,ST018,3,17898.05,0.02,11120.16
S014920,2025-12-17,C0330,P036,ST012,7,2028.05,0.02,1308.06
S014921,2025-03-09,C0674,P079,ST016,8,2244.58,0.0,1464.98
S014922,2025-01-21,C0938,P087,ST012,2,16946.54,0.05,11513.07
S014923,2025-05-19,C0333,P079,ST004,1,1707.23,0.05,1464.98
S014924,2025-10-23,C0016,P062,ST020,8,3695.62,0.1,2627.77
S014925,2025-08-04,C0682,P085,ST017,4,9442.84,0.0,7193.26
S014926,2026-01-31,C0243,P053,ST019,8,5538.99,0.0,3373.97
S014927,2025-09-04,C0770,P019,ST007,7,844.32,0.15,612.11
S014928,2026-01-12,C0334,P041,ST002,5,3157.0,0.0,2039.67
S014929,2025-06-27,C0481,P063,ST020,6,6274.92,0.05,3844.99
S014930,2026-10-26,C0729,P086,ST004,8,814.06,0.05,517.95
S014931,2025-02-20,C0681,P034,ST004,5,2635.86,0.1,2211.93
S014932,2026-10-03,C0621,P043,ST021,7,7420.59,0.0,5492.34
S014933,2026-08-07,C0618,P054,ST025,6,18778.8,0.02,11637.82
S014934,2026-05-16,C0092,P054,ST008,2,17010.7,0.05,11637.82
S014935,2025-10-07,C0452,P058,ST013,3,4038.19,0.02,3448.84
S014936,2026-05-13,C0872,P029,ST014,1,10106.79,0.05,6795.13
S014937,2025-07-19,C0286,P081,ST018,2,3520.01,0.02,2254.47
S014938,2026-10-11,C0193,P029,ST018,6,10374.86,0.0,6795.13
S014939,2025-03-19,C0020,P067,ST019,7,14459.55,0.1,9162.6
S014940,2026-01-31,C0209,P009,ST016,2,2264.14,0.1,1892.61
S014941,2026-12-17,C0626,P049,ST005,4,2366.12,0.02,1636.57
S014942,2025-03-09,C0246,P049,ST024,6,2266.31,0.02,1636.57
S014943,2026-04-23,C0030,P029,ST025,3,10663.85,0.0,6795.13
S014944,2026-12-26,C0333,P061,ST005,3,8494.57,0.0,5605.37
S014945,2026-01-17,C0607,P067,ST007,4,13903.32,0.02,9162.6
S014946,2026-07-21,C0772,P044,ST022,5,7462.58,0.05,4727.0
S014947,2026-11-16,C0679,P056,ST016,8,12540.36,0.15,8673.46
S014948,2025-08-02,C0951,P086,ST002,1,697.62,0.0,517.95
S014949,2025-01-01,C0271,P051,ST020,4,13266.21,0.05,10925.82
S014950,2026-10-10,C0438,P049,ST015,5,2550.06,0.05,1636.57
S014951,2025-06-13,C0576,P077,ST001,4,6325.5,0.0,4125.87
S014952,2026-12-17,C0291,P086,ST023,1,851.79,0.02,517.95
S014953,2025-11-28,C0140,P070,ST023,1,9751.63,0.02,7620.88
S014954,2025-09-16,C0325,P060,ST017,5,12644.6,0.05,10855.58
S014955,2025-10-23,C0268,P021,ST023,1,4451.01,0.05,2771.37
S014956,2025-09-09,C0018,P052,ST016,4,10256.21,0.0,8471.56
S014957,2025-09-20,C0083,P008,ST020,7,8523.44,0.05,6932.71
S014958,2025-08-31,C0389,P047,ST020,4,5482.0,0.1,4501.3
S014959,2025-06-18,C0774,P072,ST022,2,12994.1,0.02,7885.7
S014960,2026-08-31,C0871,P051,ST014,8,15186.59,0.0,10925.82
S014961,2025-10-29,C0836,P071,ST015,1,10730.51,0.0,7113.15
S014962,2026-05-05,C0123,P013,ST009,3,9793.02,0.0,6891.52
S014963,2026-11-23,C0658,P089,ST005,8,12564.2,0.0,9447.14
S014964,2026-07-06,C0149,P055,ST010,4,11801.75,0.0,9400.32
S014965,2025-05-29,C0231,P024,ST021,1,4859.53,0.02,2998.79
S014966,2026-09-21,C0243,P068,ST018,6,14138.66,0.05,8703.69
S014967,2025-12-11,C0249,P075,ST004,1,1018.87,0.0,738.97
S014968,2026-02-16,C0513,P023,ST021,6,13762.66,0.1,10277.49
S014969,2026-08-09,C0348,P002,ST005,7,415.74,0.05,336.51
S014970,2026-01-06,C0448,P021,ST008,4,3817.34,0.0,2771.37
S014971,2026-09-20,C0007,P041,ST007,3,3247.82,0.0,2039.67
S014972,2026-07-12,C0141,P028,ST003,3,10710.5,0.02,8027.52
S014973,2025-03-04,C0251,P039,ST016,4,2553.65,0.05,2144.94
S014974,2025-07-05,C0730,P040,ST002,7,7638.48,0.1,6137.28
S014975,2025-01-20,C0381,P077,ST023,5,5459.02,0.1,4125.87
S014976,2025-01-28,C0546,P045,ST009,7,4947.65,0.02,3792.77
S014977,2025-05-06,C0418,P072,ST010,1,10882.45,0.1,7885.7
S014978,2025-04-20,C0833,P056,ST001,7,10433.09,0.05,8673.46
S014979,2025-11-10,C0646,P088,ST009,8,9470.81,0.0,5917.07
S014980,2026-02-26,C0838,P019,ST007,4,852.49,0.05,612.11
S014981,2025-02-23,C0729,P015,ST005,4,10944.65,0.05,7707.94
S014982,2025-02-07,C0915,P087,ST009,7,16800.35,0.02,11513.07
S014983,2026-08-01,C0767,P040,ST012,3,8151.71,0.0,6137.28
S014984,2026-08-12,C0885,P083,ST015,7,10745.67,0.05,7077.47
S014985,2026-08-09,C0818,P069,ST010,7,7471.69,0.02,5327.09
S014986,2026-07-28,C0112,P085,ST025,5,10145.56,0.05,7193.26
S014987,2026-12-16,C0507,P057,ST001,5,7987.82,0.02,5530.0
S014988,2026-08-24,C0996,P068,ST006,5,13481.92,0.0,8703.69
S014989,2026-10-20,C0033,P084,ST005,3,5252.07,0.1,4325.72
S014990,2026-11-08,C0767,P001,ST012,3,3271.95,0.05,2598.92
S014991,2025-06-28,C0197,P064,ST003,5,9909.88,0.05,7055.83
S014992,2026-08-24,C0644,P008,ST016,5,9451.71,0.05,6932.71
S014993,2026-07-24,C0975,P011,ST025,1,12005.74,0.15,8103.73
S014994,2025-05-04,C0484,P064,ST012,4,11502.36,0.0,7055.83
S014995,2025-04-06,C0407,P038,ST009,8,6682.0,0.02,5677.06
S014996,2026-01-15,C0597,P022,ST003,1,6972.14,0.0,5050.21
S014997,2025-08-14,C0118,P083,ST003,1,9883.33,0.02,7077.47
S014998,2025-09-19,C0187,P057,ST020,5,7039.27,0.05,5530.0
S014999,2025-05-30,C0129,P072,ST003,1,12934.17,0.1,7885.7
S015000,2026-09-23,C0692,P032,ST012,2,5998.2,0.0,5025.05
S011500,2026-02-27,C0544,P079,ST010,3,2023.74,0.0,1464.98
S006476,2026-05-31,C0750,P024,ST020,5,3476.98,0.0,2998.79
S013168,2026-02-06,C0019,P051,ST018,6,15638.83,0.02,10925.82
S000863,2026-02-26,C0633,P018,ST016,5,6204.84,0.02,3821.41
S005971,2026-03-26,C0647,P075,ST020,8,1183.24,0.02,738.97
S006707,2025-07-15,C0967,P038,ST003,1,7390.47,0.05,5677.06
S003018,2026-03-30,C0586,P078,ST002,2,2593.35,0.05,1948.16
S003782,2026-09-19,C0204,P024,ST016,3,4832.55,0.15,2998.79
S003899,2025-07-06,C0227,P044,ST021,3,5691.78,0.15,4727.0
S002251,2026-11-04,C0955,P075,ST016,2,1082.97,0.02,738.97
S000543,2025-01-11,C0368,P074,ST024,8,7830.29,0.0,5135.74
S004352,2026-10-18,C0540,P015,ST007,8,10026.02,0.02,7707.94
